# Blender 4.3.2
# www.blender.org
mtllib player.mtl
o 立方体.001
v -0.061974 0.705765 0.045829
v -0.061974 0.867038 0.045829
v -0.061974 0.705765 -0.115445
v -0.061974 0.867038 -0.115445
v 0.099300 0.705765 0.045829
v 0.099300 0.867038 0.045829
v 0.099300 0.705765 -0.115445
v 0.099300 0.867038 -0.115445
v -0.134394 0.189736 0.491740
v -0.134394 0.285794 0.491740
v -0.134394 0.189736 0.539014
v -0.134394 0.285794 0.539014
v 0.164440 0.189736 0.491740
v 0.164440 0.285794 0.491740
v 0.164440 0.189736 0.539014
v 0.164440 0.285794 0.539014
v 0.312250 0.616518 -0.022190
v 0.306718 0.616518 0.033974
v 0.306718 0.616518 -0.078355
v 0.222662 0.664404 -0.022190
v 0.390774 0.552075 -0.022190
v 0.446939 0.473550 -0.106246
v 0.455218 0.473550 -0.022190
v 0.383734 0.552075 -0.093674
v 0.383734 0.552075 0.049294
v 0.446939 0.473550 0.061866
v 0.493904 0.383962 0.071208
v 0.362882 0.552075 0.118030
v 0.422421 0.473550 0.142692
v 0.466661 0.383962 0.161017
v 0.493904 0.286753 0.172301
v 0.422421 0.383962 0.243785
v 0.382605 0.473550 0.217182
v 0.446939 0.286753 0.260168
v 0.362882 0.383962 0.316332
v 0.329022 0.473550 0.282472
v 0.383734 0.286753 0.337184
v 0.263732 0.473550 0.336055
v 0.290336 0.383962 0.375870
v 0.306718 0.286753 0.400389
v 0.312250 0.185660 0.408668
v 0.218852 0.286753 0.447354
v 0.390774 0.185660 0.344224
v 0.383734 0.084567 0.337184
v 0.306718 0.084567 0.400389
v 0.455217 0.185660 0.265700
v 0.503103 0.185660 0.176112
v 0.446939 0.084567 0.260168
v 0.422421 -0.012642 0.243785
v 0.362882 -0.012642 0.316332
v 0.493904 0.084567 0.172301
v 0.466661 -0.012642 0.161017
v 0.522826 0.084567 0.076961
v 0.493904 -0.012642 0.071208
v 0.503103 -0.012642 -0.022190
v 0.446939 -0.102230 0.061866
v 0.532591 0.084567 -0.022190
v 0.455218 -0.102230 -0.022190
v 0.446939 -0.102230 -0.106246
v 0.390774 -0.180754 -0.022190
v 0.312250 -0.245198 -0.022190
v 0.383734 -0.180754 0.049294
v 0.306718 -0.245198 0.033974
v 0.306718 -0.245198 -0.078355
v 0.383734 -0.180754 -0.093674
v 0.362882 -0.180754 -0.162411
v 0.422420 -0.102230 -0.187072
v 0.466661 -0.012642 -0.205397
v 0.329022 -0.180754 -0.225759
v 0.493904 -0.012642 -0.115589
v 0.382605 -0.102230 -0.261562
v 0.422420 -0.012642 -0.288166
v 0.329022 -0.102230 -0.326852
v 0.283454 -0.180754 -0.281284
v 0.263732 -0.102230 -0.380435
v 0.263731 -0.245198 -0.182133
v 0.227929 -0.180754 -0.326853
v 0.227929 -0.245198 -0.225759
v 0.184303 -0.245198 -0.261562
v 0.100247 -0.293084 -0.205397
v 0.164581 -0.180754 -0.360713
v 0.134530 -0.293084 -0.187072
v 0.164581 -0.293084 -0.162411
v 0.134530 -0.245198 -0.288165
v 0.080524 -0.245198 -0.304548
v 0.063047 -0.293084 -0.216682
v 0.044082 -0.322571 -0.121341
v 0.024360 -0.293084 -0.220492
v 0.063047 -0.322571 -0.115589
v 0.080524 -0.322571 -0.106247
v 0.024360 -0.332528 -0.022190
v 0.004638 -0.322571 0.076961
v -0.014327 -0.322571 0.071208
v -0.074791 -0.322571 -0.041912
v 0.044082 -0.322571 0.076961
v 0.024360 -0.322571 0.078903
v 0.095844 -0.322571 0.049294
v 0.080524 -0.322571 0.061866
v 0.117758 -0.322571 0.016497
v -0.031804 -0.322571 -0.106247
v 0.004638 -0.322571 -0.121341
v 0.024360 -0.322571 -0.123284
v 0.095844 -0.322571 -0.093674
v 0.108416 -0.322571 -0.078355
v 0.117758 -0.322571 -0.060877
v 0.123511 -0.322571 -0.041912
v 0.125453 -0.322571 -0.022190
v 0.108416 -0.322571 0.033974
v -0.069038 -0.322571 -0.060877
v -0.059696 -0.322571 -0.078355
v 0.123511 -0.322571 -0.002468
v -0.047124 -0.322571 -0.093674
v -0.014327 -0.322571 -0.115589
v -0.074791 -0.322571 -0.002468
v -0.076733 -0.322571 -0.022190
v -0.059696 -0.322571 0.033974
v -0.069038 -0.322571 0.016497
v 0.063047 -0.322571 0.071208
v -0.031804 -0.322571 0.061866
v -0.047124 -0.322571 0.049294
v -0.115861 -0.293084 0.118030
v -0.140522 -0.293084 0.087980
v -0.215012 -0.245198 0.137753
v -0.179209 -0.245198 0.181378
v -0.241616 -0.245198 0.087980
v -0.158847 -0.293084 0.053697
v -0.170132 -0.293084 0.016497
v -0.257998 -0.245198 0.033974
v -0.173942 -0.293084 -0.022190
v -0.257998 -0.245198 -0.078355
v -0.170132 -0.293084 -0.060877
v -0.263530 -0.245198 -0.022190
v -0.342055 -0.180754 -0.022190
v -0.335014 -0.180754 -0.093674
v -0.406497 -0.102230 -0.022190
v -0.335014 -0.180754 0.049294
v -0.373701 -0.102230 0.142692
v -0.314163 -0.180754 0.118030
v -0.398219 -0.102230 0.061866
v -0.454383 -0.012642 -0.022190
v -0.445184 -0.012642 0.071208
v -0.474105 0.084567 0.076961
v -0.483871 0.084567 -0.022190
v -0.417941 -0.012642 0.161017
v -0.445184 0.084567 0.172301
v -0.373701 -0.012642 0.243785
v -0.333885 -0.102230 0.217182
v -0.314163 -0.012642 0.316332
v -0.280303 -0.180754 0.181378
v -0.280303 -0.102230 0.282472
v -0.234734 -0.180754 0.236904
v -0.215012 -0.102230 0.336054
v -0.179209 -0.180754 0.282472
v -0.135583 -0.245198 0.217182
v -0.085811 -0.293084 0.142692
v -0.085811 -0.245198 0.243785
v -0.115861 -0.180754 0.316332
v -0.051527 -0.293084 0.161017
v -0.031804 -0.245198 0.260168
v 0.024360 -0.245198 0.265700
v 0.024360 -0.293084 0.176112
v -0.047124 -0.180754 0.337184
v 0.024360 -0.180754 0.344224
v -0.014327 -0.293084 0.172301
v 0.095844 -0.180754 0.337184
v 0.080524 -0.245198 0.260168
v 0.024360 -0.102230 0.408667
v 0.024360 -0.012642 0.456553
v -0.059696 -0.102230 0.400389
v 0.108416 -0.102230 0.400389
v 0.189242 -0.102230 0.375870
v 0.164581 -0.180754 0.316332
v 0.117758 -0.012642 0.447354
v 0.207567 -0.012642 0.420111
v 0.218852 0.084567 0.447354
v 0.290336 -0.012642 0.375870
v 0.263732 -0.102230 0.336055
v 0.227929 -0.180754 0.282472
v 0.329022 -0.102230 0.282472
v 0.283454 -0.180754 0.236904
v 0.382605 -0.102230 0.217182
v 0.227929 -0.245198 0.181378
v 0.184303 -0.245198 0.217182
v 0.329022 -0.180754 0.181378
v 0.263732 -0.245198 0.137753
v 0.189242 -0.293084 0.087981
v 0.290336 -0.245198 0.087981
v 0.362882 -0.180754 0.118030
v 0.207567 -0.293084 0.053697
v 0.218851 -0.293084 0.016497
v 0.222662 -0.293084 -0.022190
v 0.218851 -0.293084 -0.060877
v 0.207567 -0.293084 -0.098077
v 0.290335 -0.245198 -0.132361
v 0.189242 -0.293084 -0.132361
v 0.422421 -0.102230 0.142692
v 0.164581 -0.293084 0.118030
v 0.134531 -0.293084 0.142692
v 0.134530 -0.245198 0.243785
v 0.100247 -0.293084 0.161017
v 0.063047 -0.293084 0.172301
v 0.222662 0.185660 0.456553
v 0.123511 0.084567 0.476276
v 0.125453 0.185660 0.486041
v 0.024360 0.084567 0.486041
v 0.024360 0.185660 0.495998
v -0.076733 0.185660 0.486041
v -0.074791 0.084567 0.476276
v -0.069038 -0.012642 0.447354
v -0.170132 0.084567 0.447354
v -0.158847 -0.012642 0.420111
v -0.140522 -0.102230 0.375870
v -0.241616 -0.012642 0.375870
v -0.257998 0.084567 0.400389
v -0.263530 0.185660 0.408667
v -0.173942 0.185660 0.456553
v -0.335014 0.084567 0.337184
v -0.342055 0.185660 0.344224
v -0.398219 0.084567 0.260168
v -0.454383 0.185660 0.176112
v -0.406497 0.185660 0.265700
v -0.398219 0.286753 0.260168
v -0.373701 0.383962 0.243785
v -0.314163 0.383962 0.316332
v -0.445184 0.286753 0.172301
v -0.335014 0.286753 0.337184
v -0.257998 0.286753 0.400389
v -0.241616 0.383962 0.375870
v -0.170132 0.286753 0.447354
v -0.158847 0.383962 0.420111
v -0.069038 0.383962 0.447354
v -0.074791 0.286753 0.476276
v 0.024360 0.286753 0.486041
v 0.024360 0.383962 0.456553
v 0.117758 0.383962 0.447354
v 0.123511 0.286753 0.476276
v 0.108416 0.473550 0.400389
v 0.207567 0.383962 0.420111
v 0.189242 0.473550 0.375870
v 0.164581 0.552075 0.316332
v 0.227929 0.552075 0.282472
v 0.184303 0.616518 0.217182
v 0.283454 0.552075 0.236904
v 0.227929 0.616518 0.181378
v 0.263732 0.616518 0.137753
v 0.329022 0.552075 0.181378
v 0.290336 0.616518 0.087981
v 0.207567 0.664404 0.053697
v 0.218852 0.664404 0.016497
v 0.189242 0.664404 0.087981
v 0.108416 0.693891 0.033974
v 0.164581 0.664404 0.118030
v 0.095844 0.693891 0.049294
v 0.080524 0.693891 0.061866
v 0.134531 0.664404 0.142692
v 0.100247 0.664404 0.161017
v 0.134530 0.616518 0.243785
v 0.063047 0.664404 0.172301
v 0.080524 0.616518 0.260168
v 0.095844 0.552075 0.337184
v 0.024360 0.552075 0.344224
v 0.024360 0.473550 0.408667
v -0.047124 0.552075 0.337184
v -0.059696 0.473550 0.400389
v -0.115861 0.552075 0.316332
v -0.140522 0.473550 0.375870
v -0.179209 0.552075 0.282472
v -0.215012 0.473550 0.336054
v -0.234734 0.552075 0.236904
v -0.280303 0.473550 0.282472
v -0.333885 0.473550 0.217182
v -0.280303 0.552075 0.181378
v -0.373701 0.473550 0.142692
v -0.417941 0.383962 0.161017
v -0.445184 0.383962 0.071208
v -0.474105 0.286753 0.076961
v -0.483871 0.286753 -0.022190
v -0.483871 0.185660 0.078903
v -0.493828 0.185660 -0.022190
v -0.474105 0.286753 -0.121341
v -0.483871 0.185660 -0.123284
v -0.474105 0.084567 -0.121341
v -0.445184 -0.012642 -0.115589
v -0.445184 0.084567 -0.216682
v -0.417941 -0.012642 -0.205397
v -0.373700 -0.102230 -0.187073
v -0.373701 -0.012642 -0.288166
v -0.398219 -0.102230 -0.106247
v -0.398219 0.084567 -0.304548
v -0.333885 -0.102230 -0.261562
v -0.314163 -0.012642 -0.360713
v -0.280302 -0.102230 -0.326853
v -0.241616 -0.012642 -0.420251
v -0.335014 0.084567 -0.381564
v -0.257998 0.084567 -0.444769
v -0.342054 0.185660 -0.388604
v -0.406497 0.185660 -0.310080
v -0.335014 0.286753 -0.381564
v -0.454383 0.185660 -0.220492
v -0.398219 0.286753 -0.304548
v -0.314163 0.383962 -0.360713
v -0.445184 0.286753 -0.216682
v -0.373701 0.383962 -0.288166
v -0.373700 0.473550 -0.187073
v -0.333885 0.473550 -0.261562
v -0.417941 0.383962 -0.205397
v -0.445184 0.383962 -0.115589
v -0.398219 0.473550 -0.106247
v -0.454383 0.383962 -0.022190
v -0.406497 0.473550 -0.022190
v -0.335014 0.552075 -0.093674
v -0.257998 0.616518 -0.078355
v -0.342055 0.552075 -0.022190
v -0.314162 0.552075 -0.162411
v -0.280303 0.552075 -0.225759
v -0.241616 0.616518 -0.132361
v -0.158847 0.664404 -0.098077
v -0.170132 0.664404 -0.060877
v -0.215011 0.616518 -0.182133
v -0.140522 0.664404 -0.132361
v -0.179209 0.616518 -0.225759
v -0.234734 0.552075 -0.281284
v -0.280302 0.473550 -0.326853
v -0.215011 0.473550 -0.380435
v -0.135583 0.616518 -0.261562
v -0.179209 0.552075 -0.326853
v -0.115861 0.552075 -0.360713
v -0.140522 0.473550 -0.420251
v -0.158847 0.383962 -0.464491
v -0.047124 0.552075 -0.381564
v -0.059696 0.473550 -0.444769
v -0.069038 0.383962 -0.491735
v -0.074791 0.286753 -0.520656
v 0.024360 0.383962 -0.500933
v -0.170132 0.286753 -0.491735
v -0.076733 0.185660 -0.530421
v -0.263529 0.185660 -0.453048
v -0.173942 0.185660 -0.500933
v -0.257998 0.286753 -0.444769
v -0.241616 0.383962 -0.420251
v -0.170132 0.084567 -0.491735
v -0.074791 0.084567 -0.520656
v -0.069038 -0.012642 -0.491735
v -0.158847 -0.012642 -0.464491
v -0.140522 -0.102230 -0.420251
v -0.215011 -0.102230 -0.380435
v -0.179209 -0.180754 -0.326853
v -0.234734 -0.180754 -0.281284
v -0.179209 -0.245198 -0.225759
v -0.135583 -0.245198 -0.261562
v -0.280303 -0.180754 -0.225759
v -0.215011 -0.245198 -0.182133
v -0.140522 -0.293084 -0.132361
v -0.241616 -0.245198 -0.132361
v -0.158847 -0.293084 -0.098077
v -0.314163 -0.180754 -0.162411
v -0.115861 -0.293084 -0.162411
v -0.085811 -0.293084 -0.187073
v -0.085811 -0.245198 -0.288166
v -0.051527 -0.293084 -0.205397
v -0.014327 -0.293084 -0.216682
v -0.031804 -0.245198 -0.304548
v -0.047124 -0.180754 -0.381564
v 0.024360 -0.180754 -0.388605
v 0.024360 -0.245198 -0.310080
v 0.095844 -0.180754 -0.381564
v -0.059696 -0.102230 -0.444769
v 0.024360 -0.102230 -0.453048
v 0.108416 -0.102230 -0.444769
v 0.024360 -0.012642 -0.500933
v 0.117758 -0.012642 -0.491735
v 0.024360 0.084567 -0.530421
v 0.123511 0.084567 -0.520656
v 0.024360 0.185660 -0.540378
v 0.024360 0.286753 -0.530421
v 0.125454 0.185660 -0.530421
v 0.123511 0.286753 -0.520656
v 0.117758 0.383962 -0.491735
v 0.218852 0.286753 -0.491735
v 0.207567 0.383962 -0.464491
v 0.306718 0.286753 -0.444769
v 0.108416 0.473550 -0.444769
v 0.189242 0.473550 -0.420251
v 0.290336 0.383962 -0.420251
v 0.263732 0.473550 -0.380435
v 0.362882 0.383962 -0.360713
v 0.422420 0.383962 -0.288166
v 0.329022 0.473550 -0.326852
v 0.383734 0.286753 -0.381564
v 0.390774 0.185660 -0.388604
v 0.446939 0.286753 -0.304548
v 0.312250 0.185660 -0.453047
v 0.455217 0.185660 -0.310080
v 0.383734 0.084567 -0.381564
v 0.446939 0.084567 -0.304548
v 0.503103 0.185660 -0.220492
v 0.493904 0.084567 -0.216682
v 0.493904 0.286753 -0.216682
v 0.532591 0.185660 -0.123284
v 0.493904 0.383962 -0.115589
v 0.522825 0.286753 -0.121341
v 0.466661 0.383962 -0.205397
v 0.422420 0.473550 -0.187072
v 0.382605 0.473550 -0.261562
v 0.329022 0.552075 -0.225759
v 0.283454 0.552075 -0.281284
v 0.227929 0.616518 -0.225759
v 0.227929 0.552075 -0.326853
v 0.263731 0.616518 -0.182133
v 0.184303 0.616518 -0.261562
v 0.164581 0.664404 -0.162411
v 0.134530 0.664404 -0.187072
v 0.134530 0.616518 -0.288165
v 0.164581 0.552075 -0.360713
v 0.100247 0.664404 -0.205397
v 0.063047 0.693891 -0.115589
v 0.063047 0.664404 -0.216682
v 0.024360 0.664404 -0.220492
v 0.080524 0.616518 -0.304548
v 0.044082 0.693891 -0.121341
v 0.024360 0.703848 -0.022190
v 0.024360 0.693891 -0.123284
v 0.004638 0.693891 -0.121341
v -0.014327 0.664404 -0.216682
v -0.014327 0.693891 -0.115589
v -0.051527 0.664404 -0.205397
v -0.031804 0.693891 -0.106247
v -0.047124 0.693891 -0.093674
v -0.085810 0.664404 -0.187073
v -0.085810 0.616518 -0.288166
v -0.115861 0.664404 -0.162411
v -0.059696 0.693891 -0.078355
v -0.069038 0.693891 -0.060877
v -0.074791 0.693891 -0.041912
v -0.173942 0.664404 -0.022190
v -0.076733 0.693891 -0.022190
v -0.074791 0.693891 -0.002468
v -0.170132 0.664404 0.016497
v -0.069038 0.693891 0.016497
v -0.158847 0.664404 0.053697
v -0.059696 0.693891 0.033974
v -0.047124 0.693891 0.049294
v -0.140522 0.664404 0.087980
v -0.215012 0.616518 0.137753
v -0.241616 0.616518 0.087980
v -0.115861 0.664404 0.118030
v -0.179209 0.616518 0.181378
v -0.085811 0.664404 0.142692
v -0.135583 0.616518 0.217182
v -0.085811 0.616518 0.243785
v -0.051527 0.664404 0.161017
v -0.014327 0.664404 0.172301
v -0.031804 0.616518 0.260168
v 0.024360 0.664404 0.176112
v 0.024360 0.616518 0.265700
v 0.004638 0.693891 0.076961
v 0.024360 0.693891 0.078903
v 0.044082 0.693891 0.076961
v 0.063047 0.693891 0.071208
v -0.014327 0.693891 0.071208
v -0.031804 0.693891 0.061866
v -0.314162 0.552075 0.118030
v -0.257998 0.616518 0.033974
v -0.335014 0.552075 0.049294
v -0.398219 0.473550 0.061866
v -0.263530 0.616518 -0.022190
v -0.031804 0.616518 -0.304548
v 0.024360 0.616518 -0.310080
v 0.024360 0.552075 -0.388605
v 0.024360 0.473550 -0.453048
v 0.095844 0.552075 -0.381564
v 0.095844 0.693891 -0.093674
v 0.123511 0.693891 -0.041912
v 0.125453 0.693891 -0.022190
v 0.117758 0.693891 0.016497
v 0.080524 0.693891 -0.106247
v 0.123511 0.693891 -0.002468
v 0.108416 0.693891 -0.078355
v 0.117758 0.693891 -0.060877
v 0.207567 0.664404 -0.098077
v 0.290335 0.616518 -0.132361
v 0.218852 0.664404 -0.060877
v 0.189242 0.664404 -0.132361
v 0.362882 0.552075 -0.162411
v 0.503103 0.383962 -0.022190
v 0.542548 0.185660 -0.022190
v 0.532591 0.286753 -0.022190
v 0.522826 0.286753 0.076961
v 0.532591 0.185660 0.078903
v 0.522825 0.084567 -0.121341
v 0.362882 -0.012642 -0.360713
v 0.306718 0.084567 -0.444769
v 0.222662 0.185660 -0.500933
v 0.218852 0.084567 -0.491735
v 0.290336 -0.012642 -0.420251
v 0.207567 -0.012642 -0.464491
v 0.189242 -0.102230 -0.420251
v -0.115861 -0.180754 -0.360713
v -0.189780 0.543619 0.303145
v -0.189780 0.534172 0.293697
v -0.189780 0.521828 0.288584
v -0.189780 0.515147 0.287926
v -0.189780 0.508467 0.288584
v -0.189780 0.496123 0.293697
v -0.188477 0.548732 0.315617
v -0.187224 0.546783 0.309317
v -0.186069 0.543619 0.303510
v -0.185056 0.539361 0.298421
v -0.184226 0.534172 0.294244
v -0.183608 0.528251 0.291141
v -0.183228 0.521828 0.289230
v -0.183100 0.515147 0.288584
v -0.183228 0.508467 0.289230
v -0.183608 0.502043 0.291141
v -0.184226 0.496123 0.294244
v -0.185056 0.490934 0.298421
v -0.186069 0.486675 0.303510
v -0.187224 0.483511 0.309317
v -0.188477 0.481562 0.315617
v -0.187224 0.548732 0.315997
v -0.184766 0.546783 0.310063
v -0.182500 0.543619 0.304593
v -0.180514 0.539361 0.299799
v -0.178885 0.534172 0.295865
v -0.177674 0.528251 0.292941
v -0.176928 0.521828 0.291141
v -0.176676 0.515147 0.290533
v -0.176928 0.508467 0.291141
v -0.177674 0.502043 0.292941
v -0.178885 0.496123 0.295865
v -0.180514 0.490934 0.299799
v -0.182500 0.486675 0.304593
v -0.184766 0.483511 0.310063
v -0.187224 0.481562 0.315997
v -0.186069 0.548732 0.316615
v -0.182500 0.546783 0.311274
v -0.179211 0.543619 0.306351
v -0.176328 0.539361 0.302037
v -0.173962 0.534172 0.298496
v -0.172204 0.528251 0.295865
v -0.171122 0.521828 0.294244
v -0.170756 0.515147 0.293697
v -0.171122 0.508467 0.294244
v -0.172204 0.502043 0.295865
v -0.173962 0.496123 0.298496
v -0.176328 0.490934 0.302037
v -0.179211 0.486675 0.306351
v -0.182500 0.483511 0.311274
v -0.186069 0.481562 0.316615
v -0.185056 0.548732 0.317445
v -0.180514 0.546783 0.312903
v -0.176328 0.543619 0.308717
v -0.172659 0.539361 0.305048
v -0.169648 0.534172 0.302037
v -0.167410 0.528251 0.299799
v -0.166032 0.521828 0.298421
v -0.165567 0.515147 0.297956
v -0.166032 0.508467 0.298421
v -0.167410 0.502043 0.299799
v -0.169648 0.496123 0.302037
v -0.172659 0.490934 0.305048
v -0.176328 0.486675 0.308717
v -0.180514 0.483511 0.312903
v -0.185056 0.481562 0.317445
v -0.184226 0.548732 0.318458
v -0.178885 0.546783 0.314889
v -0.173962 0.543619 0.311600
v -0.169648 0.539361 0.308717
v -0.166107 0.534172 0.306351
v -0.163476 0.528251 0.304593
v -0.161856 0.521828 0.303510
v -0.161308 0.515147 0.303145
v -0.161856 0.508467 0.303510
v -0.163476 0.502043 0.304593
v -0.166107 0.496123 0.306351
v -0.169648 0.490934 0.308717
v -0.173962 0.486675 0.311600
v -0.178885 0.483511 0.314889
v -0.184226 0.481562 0.318458
v -0.189780 0.549390 0.322169
v -0.183608 0.548732 0.319613
v -0.177674 0.546783 0.317154
v -0.172204 0.543619 0.314889
v -0.167410 0.539361 0.312903
v -0.163476 0.534172 0.311274
v -0.160552 0.528251 0.310063
v -0.158752 0.521828 0.309317
v -0.158144 0.515147 0.309065
v -0.158752 0.508467 0.309317
v -0.160552 0.502043 0.310063
v -0.163476 0.496123 0.311274
v -0.167410 0.490934 0.312903
v -0.172204 0.486675 0.314889
v -0.177674 0.483511 0.317154
v -0.183608 0.481562 0.319613
v -0.183228 0.548732 0.320866
v -0.176928 0.546783 0.319613
v -0.171122 0.543619 0.318458
v -0.166032 0.539361 0.317445
v -0.161856 0.534172 0.316615
v -0.158752 0.528251 0.315997
v -0.156841 0.521828 0.315617
v -0.156195 0.515147 0.315489
v -0.156841 0.508467 0.315617
v -0.158752 0.502043 0.315997
v -0.161856 0.496123 0.316615
v -0.166032 0.490934 0.317445
v -0.171122 0.486675 0.318458
v -0.176928 0.483511 0.319613
v -0.183228 0.481562 0.320866
v -0.183100 0.548732 0.322169
v -0.176676 0.546783 0.322169
v -0.170756 0.543619 0.322169
v -0.165567 0.539361 0.322169
v -0.161308 0.534172 0.322169
v -0.158144 0.528251 0.322169
v -0.156195 0.521828 0.322169
v -0.155538 0.515147 0.322169
v -0.156195 0.508467 0.322169
v -0.158144 0.502043 0.322169
v -0.161308 0.496123 0.322169
v -0.165567 0.490934 0.322169
v -0.170756 0.486675 0.322169
v -0.176676 0.483511 0.322169
v -0.183100 0.481562 0.322169
v -0.183228 0.548732 0.323473
v -0.176928 0.546783 0.324726
v -0.171122 0.543619 0.325881
v -0.166032 0.539361 0.326893
v -0.161856 0.534172 0.327724
v -0.158752 0.528251 0.328341
v -0.156841 0.521828 0.328721
v -0.156195 0.515147 0.328850
v -0.156841 0.508467 0.328721
v -0.158752 0.502043 0.328341
v -0.161856 0.496123 0.327724
v -0.166032 0.490934 0.326893
v -0.171122 0.486675 0.325881
v -0.176928 0.483511 0.324726
v -0.183228 0.481562 0.323473
v -0.183608 0.548732 0.324726
v -0.177674 0.546783 0.327184
v -0.172204 0.543619 0.329450
v -0.167410 0.539361 0.331435
v -0.163476 0.534172 0.333065
v -0.160552 0.528251 0.334276
v -0.158752 0.521828 0.335022
v -0.158144 0.515147 0.335273
v -0.158752 0.508467 0.335022
v -0.160552 0.502043 0.334276
v -0.163476 0.496123 0.333065
v -0.167410 0.490934 0.331435
v -0.172204 0.486675 0.329450
v -0.177674 0.483511 0.327184
v -0.183608 0.481562 0.324726
v -0.184226 0.548732 0.325881
v -0.178885 0.546783 0.329450
v -0.173962 0.543619 0.332739
v -0.169648 0.539361 0.335621
v -0.166107 0.534172 0.337987
v -0.163476 0.528251 0.339745
v -0.161856 0.521828 0.340828
v -0.161308 0.515147 0.341193
v -0.161856 0.508467 0.340828
v -0.163476 0.502043 0.339745
v -0.166107 0.496123 0.337987
v -0.169648 0.490934 0.335621
v -0.173962 0.486675 0.332739
v -0.178885 0.483511 0.329450
v -0.184226 0.481562 0.325881
v -0.185056 0.548732 0.326893
v -0.180514 0.546783 0.331435
v -0.176328 0.543619 0.335621
v -0.172659 0.539361 0.339291
v -0.169648 0.534172 0.342302
v -0.167410 0.528251 0.344539
v -0.166032 0.521828 0.345917
v -0.165567 0.515147 0.346382
v -0.166032 0.508467 0.345917
v -0.167410 0.502043 0.344539
v -0.169648 0.496123 0.342302
v -0.172659 0.490934 0.339291
v -0.176328 0.486675 0.335621
v -0.180514 0.483511 0.331435
v -0.185056 0.481562 0.326893
v -0.186069 0.548732 0.327724
v -0.182500 0.546783 0.333065
v -0.179211 0.543619 0.337987
v -0.176328 0.539361 0.342302
v -0.173962 0.534172 0.345843
v -0.172204 0.528251 0.348474
v -0.171122 0.521828 0.350094
v -0.170756 0.515147 0.350641
v -0.171122 0.508467 0.350094
v -0.172204 0.502043 0.348474
v -0.173962 0.496123 0.345843
v -0.176328 0.490934 0.342302
v -0.179211 0.486675 0.337987
v -0.182500 0.483511 0.333065
v -0.186069 0.481562 0.327724
v -0.187224 0.548732 0.328341
v -0.184766 0.546783 0.334276
v -0.182500 0.543619 0.339745
v -0.180514 0.539361 0.344539
v -0.178885 0.534172 0.348474
v -0.177674 0.528251 0.351397
v -0.176928 0.521828 0.353198
v -0.176676 0.515147 0.353805
v -0.176928 0.508467 0.353198
v -0.177674 0.502043 0.351397
v -0.178885 0.496123 0.348474
v -0.180514 0.490934 0.344539
v -0.182500 0.486675 0.339745
v -0.184766 0.483511 0.334276
v -0.187224 0.481562 0.328341
v -0.188477 0.548732 0.328721
v -0.187224 0.546783 0.335022
v -0.186069 0.543619 0.340828
v -0.185056 0.539361 0.345917
v -0.184226 0.534172 0.350094
v -0.183608 0.528251 0.353198
v -0.183228 0.521828 0.355109
v -0.183100 0.515147 0.355754
v -0.183228 0.508467 0.355109
v -0.183608 0.502043 0.353198
v -0.184226 0.496123 0.350094
v -0.185056 0.490934 0.345917
v -0.186069 0.486675 0.340828
v -0.187224 0.483511 0.335022
v -0.188477 0.481562 0.328721
v -0.189780 0.548732 0.328850
v -0.189780 0.546783 0.335273
v -0.189780 0.543619 0.341193
v -0.189780 0.539361 0.346382
v -0.189780 0.534172 0.350641
v -0.189780 0.528251 0.353805
v -0.189780 0.521828 0.355754
v -0.189780 0.515147 0.356412
v -0.189780 0.508467 0.355754
v -0.189780 0.502043 0.353805
v -0.189780 0.496123 0.350641
v -0.189780 0.490934 0.346382
v -0.189780 0.486675 0.341193
v -0.189780 0.483511 0.335273
v -0.189780 0.481562 0.328850
v -0.191084 0.548732 0.328721
v -0.192337 0.546783 0.335022
v -0.193492 0.543619 0.340828
v -0.194504 0.539361 0.345917
v -0.195335 0.534172 0.350094
v -0.195952 0.528251 0.353198
v -0.196332 0.521828 0.355109
v -0.196461 0.515147 0.355754
v -0.196332 0.508467 0.355109
v -0.195952 0.502043 0.353198
v -0.195335 0.496123 0.350094
v -0.194504 0.490934 0.345917
v -0.193492 0.486675 0.340828
v -0.192337 0.483511 0.335022
v -0.191084 0.481562 0.328721
v -0.192337 0.548732 0.328341
v -0.194795 0.546783 0.334276
v -0.197060 0.543619 0.339745
v -0.199046 0.539361 0.344539
v -0.200676 0.534172 0.348474
v -0.201887 0.528251 0.351397
v -0.202633 0.521828 0.353197
v -0.202884 0.515147 0.353805
v -0.202633 0.508467 0.353197
v -0.201887 0.502043 0.351397
v -0.200676 0.496123 0.348474
v -0.199046 0.490934 0.344539
v -0.197060 0.486675 0.339745
v -0.194795 0.483511 0.334276
v -0.192337 0.481562 0.328341
v -0.193492 0.548732 0.327724
v -0.197060 0.546783 0.333065
v -0.200350 0.543619 0.337987
v -0.203232 0.539361 0.342302
v -0.205598 0.534172 0.345843
v -0.207356 0.528251 0.348474
v -0.208439 0.521828 0.350094
v -0.208805 0.515147 0.350641
v -0.208439 0.508467 0.350094
v -0.207356 0.502043 0.348474
v -0.205598 0.496123 0.345843
v -0.203232 0.490934 0.342302
v -0.200350 0.486675 0.337987
v -0.197060 0.483511 0.333065
v -0.193492 0.481562 0.327724
v -0.194504 0.548732 0.326893
v -0.199046 0.546783 0.331435
v -0.203232 0.543619 0.335621
v -0.206902 0.539361 0.339291
v -0.209913 0.534172 0.342302
v -0.212150 0.528251 0.344539
v -0.213528 0.521828 0.345917
v -0.213994 0.515147 0.346382
v -0.213528 0.508467 0.345917
v -0.212150 0.502043 0.344539
v -0.209913 0.496123 0.342302
v -0.206902 0.490934 0.339291
v -0.203232 0.486675 0.335621
v -0.199046 0.483511 0.331435
v -0.194504 0.481562 0.326893
v -0.189780 0.480904 0.322169
v -0.195335 0.548732 0.325881
v -0.200676 0.546783 0.329450
v -0.205598 0.543619 0.332739
v -0.209913 0.539361 0.335621
v -0.213454 0.534172 0.337987
v -0.216085 0.528251 0.339745
v -0.217705 0.521828 0.340828
v -0.218252 0.515147 0.341193
v -0.217705 0.508467 0.340828
v -0.216085 0.502043 0.339745
v -0.213454 0.496123 0.337987
v -0.209913 0.490934 0.335621
v -0.205598 0.486675 0.332739
v -0.200676 0.483511 0.329450
v -0.195335 0.481562 0.325881
v -0.195952 0.548732 0.324726
v -0.201887 0.546783 0.327184
v -0.207356 0.543619 0.329450
v -0.212150 0.539361 0.331435
v -0.216085 0.534172 0.333065
v -0.219008 0.528251 0.334276
v -0.220809 0.521828 0.335022
v -0.221416 0.515147 0.335273
v -0.220809 0.508467 0.335022
v -0.219008 0.502043 0.334276
v -0.216085 0.496123 0.333065
v -0.212150 0.490934 0.331435
v -0.207356 0.486675 0.329450
v -0.201887 0.483511 0.327184
v -0.195952 0.481562 0.324726
v -0.196332 0.548732 0.323473
v -0.202633 0.546783 0.324726
v -0.208439 0.543619 0.325881
v -0.213528 0.539361 0.326893
v -0.217705 0.534172 0.327724
v -0.220809 0.528251 0.328341
v -0.222720 0.521828 0.328721
v -0.223365 0.515147 0.328850
v -0.222720 0.508467 0.328721
v -0.220809 0.502043 0.328341
v -0.217705 0.496123 0.327724
v -0.213528 0.490934 0.326893
v -0.208439 0.486675 0.325881
v -0.202633 0.483511 0.324726
v -0.196332 0.481562 0.323473
v -0.196461 0.548732 0.322169
v -0.202884 0.546783 0.322169
v -0.208805 0.543619 0.322169
v -0.213994 0.539361 0.322169
v -0.218252 0.534172 0.322169
v -0.221416 0.528251 0.322169
v -0.223365 0.521828 0.322169
v -0.224023 0.515147 0.322169
v -0.223365 0.508467 0.322169
v -0.221416 0.502043 0.322169
v -0.218252 0.496123 0.322169
v -0.213994 0.490934 0.322169
v -0.208805 0.486675 0.322169
v -0.202884 0.483511 0.322169
v -0.196461 0.481562 0.322169
v -0.196332 0.548732 0.320866
v -0.202633 0.546783 0.319613
v -0.208439 0.543619 0.318458
v -0.213528 0.539361 0.317445
v -0.217705 0.534172 0.316615
v -0.220809 0.528251 0.315997
v -0.222720 0.521828 0.315617
v -0.223365 0.515147 0.315489
v -0.222720 0.508467 0.315617
v -0.220809 0.502043 0.315997
v -0.217705 0.496123 0.316615
v -0.213528 0.490934 0.317445
v -0.208439 0.486675 0.318458
v -0.202633 0.483511 0.319613
v -0.196332 0.481562 0.320866
v -0.195952 0.548732 0.319613
v -0.201887 0.546783 0.317154
v -0.207356 0.543619 0.314889
v -0.212150 0.539361 0.312903
v -0.216085 0.534172 0.311274
v -0.219008 0.528251 0.310063
v -0.220809 0.521828 0.309317
v -0.221416 0.515147 0.309065
v -0.220809 0.508467 0.309317
v -0.219008 0.502043 0.310063
v -0.216085 0.496123 0.311274
v -0.212150 0.490934 0.312903
v -0.207356 0.486675 0.314889
v -0.201887 0.483511 0.317154
v -0.195952 0.481562 0.319613
v -0.195335 0.548732 0.318458
v -0.200676 0.546783 0.314889
v -0.205598 0.543619 0.311600
v -0.209913 0.539361 0.308717
v -0.213454 0.534172 0.306351
v -0.216085 0.528251 0.304593
v -0.217705 0.521828 0.303510
v -0.218252 0.515147 0.303145
v -0.217705 0.508467 0.303510
v -0.216085 0.502043 0.304593
v -0.213454 0.496123 0.306351
v -0.209913 0.490934 0.308717
v -0.205598 0.486675 0.311600
v -0.200676 0.483511 0.314889
v -0.195335 0.481562 0.318458
v -0.194504 0.548732 0.317445
v -0.199046 0.546783 0.312903
v -0.203232 0.543619 0.308717
v -0.206902 0.539361 0.305048
v -0.209913 0.534172 0.302037
v -0.212150 0.528251 0.299799
v -0.213528 0.521828 0.298421
v -0.213994 0.515147 0.297956
v -0.213528 0.508467 0.298421
v -0.212150 0.502043 0.299799
v -0.209913 0.496123 0.302037
v -0.206902 0.490934 0.305048
v -0.203232 0.486675 0.308717
v -0.199046 0.483511 0.312903
v -0.194504 0.481562 0.317445
v -0.193492 0.548732 0.316615
v -0.197060 0.546783 0.311274
v -0.200350 0.543619 0.306351
v -0.203232 0.539361 0.302037
v -0.205598 0.534172 0.298496
v -0.207356 0.528251 0.295865
v -0.208439 0.521828 0.294245
v -0.208804 0.515147 0.293697
v -0.208439 0.508467 0.294245
v -0.207356 0.502043 0.295865
v -0.205598 0.496123 0.298496
v -0.203232 0.490934 0.302037
v -0.200350 0.486675 0.306351
v -0.197060 0.483511 0.311274
v -0.193492 0.481562 0.316615
v -0.192337 0.548732 0.315997
v -0.194795 0.546783 0.310063
v -0.197060 0.543619 0.304593
v -0.199046 0.539361 0.299799
v -0.200676 0.534172 0.295865
v -0.201887 0.528251 0.292941
v -0.202633 0.521828 0.291141
v -0.202884 0.515147 0.290533
v -0.202633 0.508467 0.291141
v -0.201887 0.502043 0.292941
v -0.200676 0.496123 0.295865
v -0.199046 0.490934 0.299799
v -0.197060 0.486675 0.304593
v -0.194795 0.483511 0.310063
v -0.192337 0.481562 0.315997
v -0.191084 0.548732 0.315617
v -0.192337 0.546783 0.309317
v -0.193492 0.543619 0.303510
v -0.194504 0.539361 0.298421
v -0.195335 0.534172 0.294245
v -0.195952 0.528251 0.291141
v -0.196332 0.521828 0.289230
v -0.196461 0.515147 0.288584
v -0.196332 0.508467 0.289230
v -0.195952 0.502043 0.291141
v -0.195335 0.496123 0.294245
v -0.194504 0.490934 0.298421
v -0.193492 0.486675 0.303510
v -0.192337 0.483511 0.309317
v -0.191084 0.481562 0.315617
v -0.189780 0.548732 0.315489
v -0.189780 0.546783 0.309065
v -0.189780 0.539361 0.297956
v -0.189780 0.528251 0.290533
v -0.189780 0.502043 0.290533
v -0.189780 0.490934 0.297956
v -0.189780 0.486675 0.303145
v -0.189780 0.483511 0.309065
v -0.189780 0.481562 0.315489
v 0.232532 0.543619 0.303145
v 0.232532 0.534172 0.293697
v 0.232532 0.521828 0.288584
v 0.232532 0.515147 0.287926
v 0.232532 0.508467 0.288584
v 0.232532 0.496123 0.293697
v 0.233836 0.548732 0.315617
v 0.235089 0.546783 0.309317
v 0.236244 0.543619 0.303510
v 0.237256 0.539361 0.298421
v 0.238087 0.534172 0.294244
v 0.238704 0.528251 0.291141
v 0.239084 0.521828 0.289230
v 0.239213 0.515147 0.288584
v 0.239084 0.508467 0.289230
v 0.238704 0.502043 0.291141
v 0.238087 0.496123 0.294244
v 0.237256 0.490934 0.298421
v 0.236244 0.486675 0.303510
v 0.235089 0.483511 0.309317
v 0.233836 0.481562 0.315617
v 0.235089 0.548732 0.315997
v 0.237547 0.546783 0.310063
v 0.239813 0.543619 0.304593
v 0.241798 0.539361 0.299799
v 0.243428 0.534172 0.295865
v 0.244639 0.528251 0.292941
v 0.245385 0.521828 0.291141
v 0.245637 0.515147 0.290533
v 0.245385 0.508467 0.291141
v 0.244639 0.502043 0.292941
v 0.243428 0.496123 0.295865
v 0.241798 0.490934 0.299799
v 0.239813 0.486675 0.304593
v 0.237547 0.483511 0.310063
v 0.235089 0.481562 0.315997
v 0.236244 0.548732 0.316615
v 0.239813 0.546783 0.311274
v 0.243102 0.543619 0.306351
v 0.245985 0.539361 0.302037
v 0.248351 0.534172 0.298496
v 0.250109 0.528251 0.295865
v 0.251191 0.521828 0.294244
v 0.251557 0.515147 0.293697
v 0.251191 0.508467 0.294244
v 0.250109 0.502043 0.295865
v 0.248351 0.496123 0.298496
v 0.245985 0.490934 0.302037
v 0.243102 0.486675 0.306351
v 0.239813 0.483511 0.311274
v 0.236244 0.481562 0.316615
v 0.237256 0.548732 0.317445
v 0.241798 0.546783 0.312903
v 0.245985 0.543619 0.308717
v 0.249654 0.539361 0.305048
v 0.252665 0.534172 0.302037
v 0.254903 0.528251 0.299799
v 0.256280 0.521828 0.298421
v 0.256746 0.515147 0.297956
v 0.256280 0.508467 0.298421
v 0.254903 0.502043 0.299799
v 0.252665 0.496123 0.302037
v 0.249654 0.490934 0.305048
v 0.245985 0.486675 0.308717
v 0.241798 0.483511 0.312903
v 0.237256 0.481562 0.317445
v 0.238087 0.548732 0.318458
v 0.243428 0.546783 0.314889
v 0.248351 0.543619 0.311600
v 0.252665 0.539361 0.308717
v 0.256206 0.534172 0.306351
v 0.258837 0.528251 0.304593
v 0.260457 0.521828 0.303510
v 0.261004 0.515147 0.303145
v 0.260457 0.508467 0.303510
v 0.258837 0.502043 0.304593
v 0.256206 0.496123 0.306351
v 0.252665 0.490934 0.308717
v 0.248351 0.486675 0.311600
v 0.243428 0.483511 0.314889
v 0.238087 0.481562 0.318458
v 0.232532 0.549390 0.322169
v 0.238704 0.548732 0.319613
v 0.244639 0.546783 0.317154
v 0.250109 0.543619 0.314889
v 0.254903 0.539361 0.312903
v 0.258837 0.534172 0.311274
v 0.261760 0.528251 0.310063
v 0.263561 0.521828 0.309317
v 0.264169 0.515147 0.309065
v 0.263561 0.508467 0.309317
v 0.261760 0.502043 0.310063
v 0.258837 0.496123 0.311274
v 0.254903 0.490934 0.312903
v 0.250109 0.486675 0.314889
v 0.244639 0.483511 0.317154
v 0.238704 0.481562 0.319613
v 0.239084 0.548732 0.320866
v 0.245385 0.546783 0.319613
v 0.251191 0.543619 0.318458
v 0.256280 0.539361 0.317445
v 0.260457 0.534172 0.316615
v 0.263561 0.528251 0.315997
v 0.265472 0.521828 0.315617
v 0.266117 0.515147 0.315489
v 0.265472 0.508467 0.315617
v 0.263561 0.502043 0.315997
v 0.260457 0.496123 0.316615
v 0.256280 0.490934 0.317445
v 0.251191 0.486675 0.318458
v 0.245385 0.483511 0.319613
v 0.239084 0.481562 0.320866
v 0.239213 0.548732 0.322169
v 0.245637 0.546783 0.322169
v 0.251557 0.543619 0.322169
v 0.256746 0.539361 0.322169
v 0.261004 0.534172 0.322169
v 0.264169 0.528251 0.322169
v 0.266117 0.521828 0.322169
v 0.266775 0.515147 0.322169
v 0.266117 0.508467 0.322169
v 0.264169 0.502043 0.322169
v 0.261004 0.496123 0.322169
v 0.256746 0.490934 0.322169
v 0.251557 0.486675 0.322169
v 0.245637 0.483511 0.322169
v 0.239213 0.481562 0.322169
v 0.239084 0.548732 0.323473
v 0.245385 0.546783 0.324726
v 0.251191 0.543619 0.325881
v 0.256280 0.539361 0.326893
v 0.260457 0.534172 0.327724
v 0.263561 0.528251 0.328341
v 0.265472 0.521828 0.328721
v 0.266117 0.515147 0.328850
v 0.265472 0.508467 0.328721
v 0.263561 0.502043 0.328341
v 0.260457 0.496123 0.327724
v 0.256280 0.490934 0.326893
v 0.251191 0.486675 0.325881
v 0.245385 0.483511 0.324726
v 0.239084 0.481562 0.323473
v 0.238704 0.548732 0.324726
v 0.244639 0.546783 0.327184
v 0.250109 0.543619 0.329450
v 0.254903 0.539361 0.331435
v 0.258837 0.534172 0.333065
v 0.261760 0.528251 0.334276
v 0.263561 0.521828 0.335022
v 0.264169 0.515147 0.335273
v 0.263561 0.508467 0.335022
v 0.261760 0.502043 0.334276
v 0.258837 0.496123 0.333065
v 0.254903 0.490934 0.331435
v 0.250109 0.486675 0.329450
v 0.244639 0.483511 0.327184
v 0.238704 0.481562 0.324726
v 0.238087 0.548732 0.325881
v 0.243428 0.546783 0.329450
v 0.248351 0.543619 0.332739
v 0.252665 0.539361 0.335621
v 0.256206 0.534172 0.337987
v 0.258837 0.528251 0.339745
v 0.260457 0.521828 0.340828
v 0.261004 0.515147 0.341193
v 0.260457 0.508467 0.340828
v 0.258837 0.502043 0.339745
v 0.256206 0.496123 0.337987
v 0.252665 0.490934 0.335621
v 0.248351 0.486675 0.332739
v 0.243428 0.483511 0.329450
v 0.238087 0.481562 0.325881
v 0.237256 0.548732 0.326893
v 0.241798 0.546783 0.331435
v 0.245985 0.543619 0.335621
v 0.249654 0.539361 0.339291
v 0.252665 0.534172 0.342302
v 0.254903 0.528251 0.344539
v 0.256280 0.521828 0.345917
v 0.256746 0.515147 0.346382
v 0.256280 0.508467 0.345917
v 0.254903 0.502043 0.344539
v 0.252665 0.496123 0.342302
v 0.249654 0.490934 0.339291
v 0.245985 0.486675 0.335621
v 0.241798 0.483511 0.331435
v 0.237256 0.481562 0.326893
v 0.236244 0.548732 0.327724
v 0.239813 0.546783 0.333065
v 0.243102 0.543619 0.337987
v 0.245985 0.539361 0.342302
v 0.248351 0.534172 0.345843
v 0.250109 0.528251 0.348474
v 0.251191 0.521828 0.350094
v 0.251557 0.515147 0.350641
v 0.251191 0.508467 0.350094
v 0.250109 0.502043 0.348474
v 0.248351 0.496123 0.345843
v 0.245985 0.490934 0.342302
v 0.243102 0.486675 0.337987
v 0.239813 0.483511 0.333065
v 0.236244 0.481562 0.327724
v 0.235089 0.548732 0.328341
v 0.237547 0.546783 0.334276
v 0.239813 0.543619 0.339745
v 0.241798 0.539361 0.344539
v 0.243428 0.534172 0.348474
v 0.244639 0.528251 0.351397
v 0.245385 0.521828 0.353198
v 0.245637 0.515147 0.353805
v 0.245385 0.508467 0.353198
v 0.244639 0.502043 0.351397
v 0.243428 0.496123 0.348474
v 0.241798 0.490934 0.344539
v 0.239813 0.486675 0.339745
v 0.237547 0.483511 0.334276
v 0.235089 0.481562 0.328341
v 0.233836 0.548732 0.328721
v 0.235089 0.546783 0.335022
v 0.236244 0.543619 0.340828
v 0.237256 0.539361 0.345917
v 0.238087 0.534172 0.350094
v 0.238704 0.528251 0.353198
v 0.239084 0.521828 0.355109
v 0.239213 0.515147 0.355754
v 0.239084 0.508467 0.355109
v 0.238704 0.502043 0.353198
v 0.238087 0.496123 0.350094
v 0.237256 0.490934 0.345917
v 0.236244 0.486675 0.340828
v 0.235089 0.483511 0.335022
v 0.233836 0.481562 0.328721
v 0.232532 0.548732 0.328850
v 0.232532 0.546783 0.335273
v 0.232532 0.543619 0.341193
v 0.232532 0.539361 0.346382
v 0.232532 0.534172 0.350641
v 0.232532 0.528251 0.353805
v 0.232532 0.521828 0.355754
v 0.232532 0.515147 0.356412
v 0.232532 0.508467 0.355754
v 0.232532 0.502043 0.353805
v 0.232532 0.496123 0.350641
v 0.232532 0.490934 0.346382
v 0.232532 0.486675 0.341193
v 0.232532 0.483511 0.335273
v 0.232532 0.481562 0.328850
v 0.231229 0.548732 0.328721
v 0.229976 0.546783 0.335022
v 0.228821 0.543619 0.340828
v 0.227809 0.539361 0.345917
v 0.226978 0.534172 0.350094
v 0.226361 0.528251 0.353198
v 0.225980 0.521828 0.355109
v 0.225852 0.515147 0.355754
v 0.225980 0.508467 0.355109
v 0.226361 0.502043 0.353198
v 0.226978 0.496123 0.350094
v 0.227809 0.490934 0.345917
v 0.228821 0.486675 0.340828
v 0.229976 0.483511 0.335022
v 0.231229 0.481562 0.328721
v 0.229976 0.548732 0.328341
v 0.227518 0.546783 0.334276
v 0.225252 0.543619 0.339745
v 0.223266 0.539361 0.344539
v 0.221637 0.534172 0.348474
v 0.220426 0.528251 0.351397
v 0.219680 0.521828 0.353197
v 0.219428 0.515147 0.353805
v 0.219680 0.508467 0.353197
v 0.220426 0.502043 0.351397
v 0.221637 0.496123 0.348474
v 0.223266 0.490934 0.344539
v 0.225252 0.486675 0.339745
v 0.227518 0.483511 0.334276
v 0.229976 0.481562 0.328341
v 0.228821 0.548732 0.327724
v 0.225252 0.546783 0.333065
v 0.221963 0.543619 0.337987
v 0.219080 0.539361 0.342302
v 0.216714 0.534172 0.345843
v 0.214956 0.528251 0.348474
v 0.213874 0.521828 0.350094
v 0.213508 0.515147 0.350641
v 0.213874 0.508467 0.350094
v 0.214956 0.502043 0.348474
v 0.216714 0.496123 0.345843
v 0.219080 0.490934 0.342302
v 0.221963 0.486675 0.337987
v 0.225252 0.483511 0.333065
v 0.228821 0.481562 0.327724
v 0.227809 0.548732 0.326893
v 0.223266 0.546783 0.331435
v 0.219080 0.543619 0.335621
v 0.215411 0.539361 0.339291
v 0.212400 0.534172 0.342302
v 0.210162 0.528251 0.344539
v 0.208784 0.521828 0.345917
v 0.208319 0.515147 0.346382
v 0.208784 0.508467 0.345917
v 0.210162 0.502043 0.344539
v 0.212400 0.496123 0.342302
v 0.215411 0.490934 0.339291
v 0.219080 0.486675 0.335621
v 0.223266 0.483511 0.331435
v 0.227809 0.481562 0.326893
v 0.232532 0.480904 0.322169
v 0.226978 0.548732 0.325881
v 0.221637 0.546783 0.329450
v 0.216714 0.543619 0.332739
v 0.212400 0.539361 0.335621
v 0.208859 0.534172 0.337987
v 0.206228 0.528251 0.339745
v 0.204608 0.521828 0.340828
v 0.204061 0.515147 0.341193
v 0.204608 0.508467 0.340828
v 0.206228 0.502043 0.339745
v 0.208859 0.496123 0.337987
v 0.212400 0.490934 0.335621
v 0.216714 0.486675 0.332739
v 0.221637 0.483511 0.329450
v 0.226978 0.481562 0.325881
v 0.226361 0.548732 0.324726
v 0.220426 0.546783 0.327184
v 0.214956 0.543619 0.329450
v 0.210162 0.539361 0.331435
v 0.206228 0.534172 0.333065
v 0.203304 0.528251 0.334276
v 0.201504 0.521828 0.335022
v 0.200896 0.515147 0.335273
v 0.201504 0.508467 0.335022
v 0.203304 0.502043 0.334276
v 0.206228 0.496123 0.333065
v 0.210162 0.490934 0.331435
v 0.214956 0.486675 0.329450
v 0.220426 0.483511 0.327184
v 0.226361 0.481562 0.324726
v 0.225980 0.548732 0.323473
v 0.219680 0.546783 0.324726
v 0.213874 0.543619 0.325881
v 0.208784 0.539361 0.326893
v 0.204608 0.534172 0.327724
v 0.201504 0.528251 0.328341
v 0.199593 0.521828 0.328721
v 0.198948 0.515147 0.328850
v 0.199593 0.508467 0.328721
v 0.201504 0.502043 0.328341
v 0.204608 0.496123 0.327724
v 0.208784 0.490934 0.326893
v 0.213874 0.486675 0.325881
v 0.219680 0.483511 0.324726
v 0.225980 0.481562 0.323473
v 0.225852 0.548732 0.322169
v 0.219428 0.546783 0.322169
v 0.213508 0.543619 0.322169
v 0.208319 0.539361 0.322169
v 0.204061 0.534172 0.322169
v 0.200896 0.528251 0.322169
v 0.198948 0.521828 0.322169
v 0.198290 0.515147 0.322169
v 0.198948 0.508467 0.322169
v 0.200896 0.502043 0.322169
v 0.204061 0.496123 0.322169
v 0.208319 0.490934 0.322169
v 0.213508 0.486675 0.322169
v 0.219428 0.483511 0.322169
v 0.225852 0.481562 0.322169
v 0.225980 0.548732 0.320866
v 0.219680 0.546783 0.319613
v 0.213874 0.543619 0.318458
v 0.208784 0.539361 0.317445
v 0.204608 0.534172 0.316615
v 0.201504 0.528251 0.315997
v 0.199593 0.521828 0.315617
v 0.198948 0.515147 0.315489
v 0.199593 0.508467 0.315617
v 0.201504 0.502043 0.315997
v 0.204608 0.496123 0.316615
v 0.208784 0.490934 0.317445
v 0.213874 0.486675 0.318458
v 0.219680 0.483511 0.319613
v 0.225980 0.481562 0.320866
v 0.226361 0.548732 0.319613
v 0.220426 0.546783 0.317154
v 0.214956 0.543619 0.314889
v 0.210162 0.539361 0.312903
v 0.206228 0.534172 0.311274
v 0.203304 0.528251 0.310063
v 0.201504 0.521828 0.309317
v 0.200896 0.515147 0.309065
v 0.201504 0.508467 0.309317
v 0.203304 0.502043 0.310063
v 0.206228 0.496123 0.311274
v 0.210162 0.490934 0.312903
v 0.214956 0.486675 0.314889
v 0.220426 0.483511 0.317154
v 0.226361 0.481562 0.319613
v 0.226978 0.548732 0.318458
v 0.221637 0.546783 0.314889
v 0.216714 0.543619 0.311600
v 0.212400 0.539361 0.308717
v 0.208859 0.534172 0.306351
v 0.206228 0.528251 0.304593
v 0.204608 0.521828 0.303510
v 0.204061 0.515147 0.303145
v 0.204608 0.508467 0.303510
v 0.206228 0.502043 0.304593
v 0.208859 0.496123 0.306351
v 0.212400 0.490934 0.308717
v 0.216714 0.486675 0.311600
v 0.221637 0.483511 0.314889
v 0.226978 0.481562 0.318458
v 0.227809 0.548732 0.317445
v 0.223266 0.546783 0.312903
v 0.219080 0.543619 0.308717
v 0.215411 0.539361 0.305048
v 0.212400 0.534172 0.302037
v 0.210162 0.528251 0.299799
v 0.208784 0.521828 0.298421
v 0.208319 0.515147 0.297956
v 0.208784 0.508467 0.298421
v 0.210162 0.502043 0.299799
v 0.212400 0.496123 0.302037
v 0.215411 0.490934 0.305048
v 0.219080 0.486675 0.308717
v 0.223266 0.483511 0.312903
v 0.227809 0.481562 0.317445
v 0.228821 0.548732 0.316615
v 0.225252 0.546783 0.311274
v 0.221963 0.543619 0.306351
v 0.219080 0.539361 0.302037
v 0.216714 0.534172 0.298496
v 0.214956 0.528251 0.295865
v 0.213874 0.521828 0.294245
v 0.213508 0.515147 0.293697
v 0.213874 0.508467 0.294245
v 0.214956 0.502043 0.295865
v 0.216714 0.496123 0.298496
v 0.219080 0.490934 0.302037
v 0.221963 0.486675 0.306351
v 0.225252 0.483511 0.311274
v 0.228821 0.481562 0.316615
v 0.229976 0.548732 0.315997
v 0.227518 0.546783 0.310063
v 0.225252 0.543619 0.304593
v 0.223266 0.539361 0.299799
v 0.221637 0.534172 0.295865
v 0.220426 0.528251 0.292941
v 0.219680 0.521828 0.291141
v 0.219428 0.515147 0.290533
v 0.219680 0.508467 0.291141
v 0.220426 0.502043 0.292941
v 0.221637 0.496123 0.295865
v 0.223266 0.490934 0.299799
v 0.225252 0.486675 0.304593
v 0.227518 0.483511 0.310063
v 0.229976 0.481562 0.315997
v 0.231229 0.548732 0.315617
v 0.229976 0.546783 0.309317
v 0.228821 0.543619 0.303510
v 0.227809 0.539361 0.298421
v 0.226978 0.534172 0.294245
v 0.226361 0.528251 0.291141
v 0.225980 0.521828 0.289230
v 0.225852 0.515147 0.288584
v 0.225980 0.508467 0.289230
v 0.226361 0.502043 0.291141
v 0.226978 0.496123 0.294245
v 0.227809 0.490934 0.298421
v 0.228821 0.486675 0.303510
v 0.229976 0.483511 0.309317
v 0.231229 0.481562 0.315617
v 0.232532 0.548732 0.315489
v 0.232532 0.546783 0.309065
v 0.232532 0.539361 0.297956
v 0.232532 0.528251 0.290533
v 0.232532 0.502043 0.290533
v 0.232532 0.490934 0.297956
v 0.232532 0.486675 0.303145
v 0.232532 0.483511 0.309065
v 0.232532 0.481562 0.315489
vn -1.0000 -0.0000 -0.0000
vn -0.0000 -0.0000 -1.0000
vn 1.0000 -0.0000 -0.0000
vn -0.0000 -0.0000 1.0000
vn -0.0000 -1.0000 -0.0000
vn -0.0000 1.0000 -0.0000
vn 0.6332 0.7715 0.0624
vn 0.4709 0.8810 0.0464
vn 0.6332 0.7715 -0.0624
vn 0.4709 0.8810 -0.0464
vn 0.7708 0.6326 -0.0759
vn 0.7708 0.6326 0.0759
vn 0.8786 0.4696 0.0865
vn 0.7412 0.6326 0.2248
vn 0.8449 0.4696 0.2563
vn 0.7786 0.4696 0.4162
vn 0.8443 0.2890 0.4513
vn 0.9161 0.2890 0.2779
vn 0.6825 0.4696 0.5601
vn 0.7400 0.2890 0.6073
vn 0.5601 0.4696 0.6825
vn 0.6073 0.2890 0.7400
vn 0.4513 0.2890 0.8443
vn 0.4691 0.0976 0.8777
vn 0.6314 0.0975 0.7693
vn 0.6314 0.0976 0.7693
vn 0.7693 0.0975 0.6314
vn 0.7693 -0.0975 0.6314
vn 0.6314 -0.0975 0.7693
vn 0.6314 -0.0976 0.7693
vn 0.8777 -0.0975 0.4691
vn 0.8777 0.0975 0.4691
vn 0.8777 0.0975 0.4692
vn 0.8777 -0.0976 0.4691
vn 0.8443 -0.2890 0.4513
vn 0.7400 -0.2890 0.6073
vn 0.9524 -0.0975 0.2889
vn 0.9524 -0.0976 0.2889
vn 0.9161 -0.2890 0.2779
vn 0.8786 -0.4696 0.0865
vn 0.9527 -0.2890 0.0938
vn 0.8449 -0.4696 0.2563
vn 0.8786 -0.4696 -0.0865
vn 0.7708 -0.6326 0.0759
vn 0.7708 -0.6326 -0.0759
vn 0.6332 -0.7715 -0.0624
vn 0.6332 -0.7715 0.0624
vn 0.7412 -0.6326 -0.2248
vn 0.6088 -0.7715 -0.1847
vn 0.8448 -0.4696 -0.2563
vn 0.7786 -0.4696 -0.4162
vn 0.6831 -0.6326 -0.3651
vn 0.6825 -0.4696 -0.5601
vn 0.5987 -0.6326 -0.4913
vn 0.4913 -0.6326 -0.5987
vn 0.4918 -0.7715 -0.4036
vn 0.4036 -0.7715 -0.4918
vn 0.2230 -0.8810 -0.4173
vn 0.2231 -0.8810 -0.4173
vn 0.2999 -0.7715 -0.5611
vn 0.3002 -0.8810 -0.3658
vn 0.1374 -0.8810 -0.4528
vn 0.1847 -0.7715 -0.6088
vn 0.0286 -0.9566 -0.2902
vn 0.0846 -0.9566 -0.2790
vn 0.0464 -0.8810 -0.4709
vn 0.0464 -0.9951 -0.0869
vn 0.1375 -0.9565 -0.2571
vn 0.1374 -0.9566 -0.2571
vn 0.0286 -0.9951 -0.0942
vn -0.0286 -0.9951 0.0942
vn -0.0096 -0.9951 0.0980
vn -0.0464 -0.9951 0.0869
vn -0.0942 -0.9951 -0.0286
vn -0.0980 -0.9951 -0.0097
vn 0.0096 -0.9951 0.0980
vn 0.0286 -0.9951 0.0942
vn 0.0625 -0.9951 0.0761
vn 0.0761 -0.9951 0.0625
vn 0.0464 -0.9951 0.0869
vn 0.0869 -0.9951 0.0464
vn 0.0942 -0.9951 0.0286
vn -0.0464 -0.9951 -0.0869
vn -0.0625 -0.9951 -0.0761
vn -0.0096 -0.9951 -0.0980
vn -0.0286 -0.9951 -0.0942
vn 0.0096 -0.9951 -0.0980
vn 0.0625 -0.9951 -0.0761
vn 0.0761 -0.9951 -0.0625
vn 0.0869 -0.9951 -0.0464
vn 0.0942 -0.9951 -0.0286
vn 0.0980 -0.9951 -0.0097
vn 0.0980 -0.9951 0.0097
vn -0.0869 -0.9951 -0.0464
vn -0.0761 -0.9951 -0.0625
vn -0.0980 -0.9951 0.0097
vn -0.0942 -0.9951 0.0286
vn -0.0869 -0.9951 0.0464
vn -0.0761 -0.9951 0.0625
vn -0.0625 -0.9951 0.0761
vn -0.2254 -0.9566 0.1850
vn -0.1850 -0.9566 0.2254
vn -0.4173 -0.8810 0.2231
vn -0.4173 -0.8810 0.2230
vn -0.3658 -0.8810 0.3002
vn -0.2571 -0.9566 0.1374
vn -0.4528 -0.8810 0.1374
vn -0.2790 -0.9566 0.0846
vn -0.4709 -0.8810 0.0464
vn -0.2902 -0.9566 0.0286
vn -0.2902 -0.9566 -0.0286
vn -0.4709 -0.8810 -0.0464
vn -0.6332 -0.7715 -0.0624
vn -0.6332 -0.7715 0.0624
vn -0.7708 -0.6326 -0.0759
vn -0.7708 -0.6326 0.0759
vn -0.7412 -0.6326 0.2248
vn -0.6088 -0.7715 0.1847
vn -0.8786 -0.4696 0.0865
vn -0.8449 -0.4696 0.2563
vn -0.9527 -0.2890 0.0938
vn -0.9161 -0.2890 0.2779
vn -0.8443 -0.2890 0.4513
vn -0.7786 -0.4696 0.4162
vn -0.6825 -0.4696 0.5601
vn -0.6831 -0.6326 0.3651
vn -0.5987 -0.6326 0.4913
vn -0.4913 -0.6326 0.5987
vn -0.4918 -0.7715 0.4036
vn -0.4036 -0.7715 0.4918
vn -0.2999 -0.7715 0.5611
vn -0.3002 -0.8810 0.3658
vn -0.2230 -0.8810 0.4173
vn -0.1847 -0.7715 0.6088
vn -0.1374 -0.8810 0.4528
vn -0.0464 -0.8810 0.4709
vn -0.0624 -0.7715 0.6332
vn -0.1373 -0.8810 0.4528
vn -0.0286 -0.9566 0.2902
vn -0.0846 -0.9566 0.2790
vn 0.0624 -0.7715 0.6332
vn 0.0759 -0.6326 0.7708
vn -0.0759 -0.6326 0.7708
vn -0.0865 -0.4696 0.8786
vn 0.0865 -0.4696 0.8786
vn 0.2248 -0.6326 0.7412
vn 0.2563 -0.4696 0.8448
vn 0.2563 -0.4696 0.8449
vn 0.4162 -0.4696 0.7786
vn 0.2779 -0.2890 0.9161
vn 0.4513 -0.2890 0.8443
vn 0.5601 -0.4696 0.6825
vn 0.6073 -0.2890 0.7400
vn 0.3651 -0.6326 0.6831
vn 0.4913 -0.6326 0.5987
vn 0.5987 -0.6326 0.4913
vn 0.4036 -0.7715 0.4918
vn 0.4918 -0.7715 0.4036
vn 0.5611 -0.7715 0.2999
vn 0.3658 -0.8810 0.3002
vn 0.4173 -0.8810 0.2231
vn 0.4173 -0.8810 0.2230
vn 0.6088 -0.7715 0.1847
vn 0.4528 -0.8810 0.1373
vn 0.2790 -0.9566 0.0846
vn 0.2571 -0.9566 0.1374
vn 0.4709 -0.8810 0.0464
vn 0.2902 -0.9566 0.0286
vn 0.4709 -0.8810 -0.0464
vn 0.2902 -0.9566 -0.0286
vn 0.2790 -0.9566 -0.0846
vn 0.4528 -0.8810 -0.1374
vn 0.4528 -0.8810 -0.1373
vn 0.4173 -0.8810 -0.2231
vn 0.4173 -0.8810 -0.2230
vn 0.5611 -0.7715 -0.2999
vn 0.2254 -0.9566 -0.1850
vn 0.2571 -0.9566 -0.1374
vn 0.3658 -0.8810 -0.3002
vn 0.7412 -0.6326 0.2248
vn 0.6830 -0.6326 0.3651
vn 0.7786 -0.4696 0.4162
vn 0.2254 -0.9566 0.1850
vn 0.3002 -0.8810 0.3658
vn 0.1850 -0.9566 0.2254
vn 0.2254 -0.9565 0.1850
vn 0.2230 -0.8810 0.4173
vn 0.1374 -0.9566 0.2571
vn 0.2231 -0.8810 0.4173
vn 0.1374 -0.8810 0.4528
vn 0.1373 -0.8810 0.4528
vn 0.0846 -0.9566 0.2790
vn 0.0464 -0.8810 0.4709
vn 0.0286 -0.9566 0.2902
vn 0.1847 -0.7715 0.6088
vn 0.2999 -0.7715 0.5611
vn 0.6825 -0.4696 0.5601
vn 0.4691 -0.0976 0.8777
vn 0.4691 -0.0975 0.8777
vn 0.2889 -0.0975 0.9524
vn 0.2889 -0.0976 0.9524
vn 0.0975 -0.0975 0.9904
vn 0.0938 -0.2890 0.9527
vn -0.0975 -0.0975 0.9904
vn -0.0976 -0.0976 0.9904
vn 0.0976 -0.0976 0.9904
vn -0.0938 -0.2890 0.9527
vn -0.2779 -0.2890 0.9161
vn -0.2563 -0.4696 0.8448
vn -0.2563 -0.4696 0.8449
vn -0.4513 -0.2890 0.8443
vn -0.4162 -0.4696 0.7786
vn -0.6073 -0.2890 0.7400
vn -0.5601 -0.4696 0.6825
vn -0.4691 -0.0975 0.8777
vn -0.4692 -0.0975 0.8777
vn -0.6314 -0.0975 0.7693
vn -0.7693 -0.0975 0.6314
vn -0.7400 -0.2890 0.6073
vn -0.8777 -0.0975 0.4691
vn -0.8777 -0.0976 0.4691
vn -0.8777 0.0975 0.4691
vn -0.7693 0.0975 0.6314
vn -0.7400 0.2890 0.6073
vn -0.8443 0.2890 0.4513
vn -0.8777 0.0976 0.4691
vn -0.6073 0.2890 0.7400
vn -0.6314 0.0975 0.7693
vn -0.4513 0.2890 0.8443
vn -0.4691 0.0975 0.8777
vn -0.4692 0.0975 0.8777
vn -0.2779 0.2890 0.9161
vn -0.2889 0.0975 0.9524
vn -0.2889 0.0976 0.9524
vn -0.0938 0.2890 0.9527
vn -0.0975 0.0975 0.9904
vn 0.0938 0.2890 0.9527
vn -0.0976 0.0976 0.9904
vn 0.0975 0.0975 0.9904
vn 0.0976 0.0976 0.9904
vn 0.2779 0.2890 0.9161
vn 0.2889 0.0975 0.9524
vn 0.2889 0.0976 0.9524
vn 0.0865 0.4696 0.8786
vn 0.2563 0.4696 0.8448
vn 0.2563 0.4696 0.8449
vn 0.4162 0.4696 0.7786
vn 0.3651 0.6326 0.6831
vn 0.2248 0.6326 0.7412
vn 0.2999 0.7715 0.5611
vn 0.4036 0.7715 0.4918
vn 0.4913 0.6326 0.5987
vn 0.4918 0.7715 0.4036
vn 0.4914 0.6326 0.5987
vn 0.5987 0.6326 0.4913
vn 0.5987 0.6326 0.4914
vn 0.5611 0.7715 0.2999
vn 0.6831 0.6326 0.3651
vn 0.4173 0.8810 0.2231
vn 0.4173 0.8810 0.2230
vn 0.4528 0.8810 0.1374
vn 0.4528 0.8810 0.1373
vn 0.6088 0.7715 0.1847
vn 0.2254 0.9566 0.1850
vn 0.2571 0.9566 0.1374
vn 0.3658 0.8810 0.3002
vn 0.1850 0.9566 0.2254
vn 0.3002 0.8810 0.3658
vn 0.1374 0.9566 0.2571
vn 0.2230 0.8810 0.4173
vn 0.2231 0.8810 0.4173
vn 0.1374 0.8810 0.4528
vn 0.1373 0.8810 0.4528
vn 0.1847 0.7715 0.6088
vn 0.0624 0.7715 0.6332
vn 0.0759 0.6326 0.7708
vn -0.0759 0.6326 0.7708
vn -0.0865 0.4696 0.8786
vn -0.2248 0.6326 0.7412
vn -0.2563 0.4696 0.8448
vn -0.2563 0.4696 0.8449
vn -0.3651 0.6326 0.6831
vn -0.4162 0.4696 0.7786
vn -0.4913 0.6326 0.5987
vn -0.5601 0.4696 0.6825
vn -0.5987 0.6326 0.4913
vn -0.6825 0.4696 0.5601
vn -0.6831 0.6326 0.3651
vn -0.7786 0.4696 0.4162
vn -0.8449 0.4696 0.2563
vn -0.9161 0.2890 0.2779
vn -0.9904 0.0976 0.0976
vn -0.9527 0.2890 0.0938
vn -0.9524 0.0976 0.2889
vn -0.9524 -0.0976 0.2889
vn -0.9904 -0.0976 0.0976
vn -0.9904 0.0976 -0.0976
vn -0.9904 0.0976 -0.0975
vn -0.9904 -0.0976 -0.0976
vn -0.9527 -0.2890 -0.0938
vn -0.9161 -0.2890 -0.2779
vn -0.9524 -0.0976 -0.2889
vn -0.7786 -0.4696 -0.4162
vn -0.8448 -0.4696 -0.2563
vn -0.8443 -0.2890 -0.4513
vn -0.8449 -0.4696 -0.2563
vn -0.8786 -0.4696 -0.0865
vn -0.7412 -0.6326 -0.2248
vn -0.7400 -0.2890 -0.6073
vn -0.6825 -0.4696 -0.5601
vn -0.5601 -0.4696 -0.6825
vn -0.6073 -0.2890 -0.7400
vn -0.6314 -0.0975 -0.7693
vn -0.7693 -0.0975 -0.6314
vn -0.8777 -0.0975 -0.4691
vn -0.7693 0.0975 -0.6314
vn -0.8777 0.0975 -0.4691
vn -0.7400 0.2890 -0.6073
vn -0.8443 0.2890 -0.4513
vn -0.7786 0.4696 -0.4162
vn -0.6825 0.4696 -0.5601
vn -0.9161 0.2890 -0.2779
vn -0.8448 0.4696 -0.2563
vn -0.8449 0.4696 -0.2563
vn -0.8786 0.4696 -0.0865
vn -0.7708 0.6326 -0.0759
vn -0.7412 0.6326 -0.2248
vn -0.6088 0.7715 -0.1847
vn -0.6332 0.7715 -0.0624
vn -0.6831 0.6326 -0.3651
vn -0.5611 0.7715 -0.2999
vn -0.4528 0.8810 -0.1374
vn -0.4173 0.8810 -0.2231
vn -0.4528 0.8810 -0.1373
vn -0.3658 0.8810 -0.3002
vn -0.4918 0.7715 -0.4036
vn -0.4036 0.7715 -0.4918
vn -0.5987 0.6326 -0.4913
vn -0.5987 0.6326 -0.4914
vn -0.4913 0.6326 -0.5987
vn -0.4914 0.6326 -0.5987
vn -0.2999 0.7715 -0.5611
vn -0.3651 0.6326 -0.6831
vn -0.4162 0.4696 -0.7786
vn -0.2563 0.4696 -0.8448
vn -0.2248 0.6326 -0.7412
vn -0.0865 0.4696 -0.8786
vn -0.0938 0.2890 -0.9527
vn -0.2779 0.2890 -0.9161
vn -0.2889 0.0975 -0.9524
vn -0.4692 0.0975 -0.8777
vn -0.4691 0.0975 -0.8777
vn -0.4513 0.2890 -0.8443
vn -0.6314 0.0975 -0.7693
vn -0.6073 0.2890 -0.7400
vn -0.5601 0.4696 -0.6825
vn -0.4692 -0.0975 -0.8777
vn -0.4691 -0.0975 -0.8777
vn -0.2889 -0.0975 -0.9524
vn -0.4513 -0.2890 -0.8443
vn -0.2779 -0.2890 -0.9161
vn -0.2563 -0.4696 -0.8448
vn -0.4162 -0.4696 -0.7786
vn -0.3651 -0.6326 -0.6831
vn -0.4913 -0.6326 -0.5987
vn -0.4914 -0.6326 -0.5987
vn -0.4036 -0.7715 -0.4918
vn -0.4918 -0.7715 -0.4036
vn -0.5987 -0.6326 -0.4913
vn -0.3658 -0.8810 -0.3002
vn -0.4173 -0.8810 -0.2231
vn -0.5611 -0.7715 -0.2999
vn -0.2790 -0.9566 -0.0846
vn -0.2571 -0.9566 -0.1374
vn -0.4528 -0.8810 -0.1374
vn -0.4528 -0.8810 -0.1373
vn -0.6088 -0.7715 -0.1847
vn -0.6831 -0.6326 -0.3651
vn -0.2254 -0.9566 -0.1850
vn -0.1850 -0.9566 -0.2254
vn -0.3002 -0.8810 -0.3658
vn -0.2230 -0.8810 -0.4173
vn -0.2231 -0.8810 -0.4173
vn -0.1375 -0.9566 -0.2571
vn -0.1374 -0.9566 -0.2571
vn -0.1374 -0.8810 -0.4528
vn -0.0846 -0.9566 -0.2790
vn -0.1375 -0.9565 -0.2571
vn -0.1373 -0.8810 -0.4528
vn -0.0464 -0.8810 -0.4709
vn -0.0286 -0.9566 -0.2902
vn -0.0624 -0.7715 -0.6332
vn -0.1847 -0.7715 -0.6088
vn 0.0624 -0.7715 -0.6332
vn -0.0759 -0.6326 -0.7708
vn 0.0759 -0.6326 -0.7708
vn -0.0865 -0.4696 -0.8786
vn 0.0865 -0.4696 -0.8786
vn -0.0938 -0.2890 -0.9527
vn 0.0938 -0.2890 -0.9527
vn 0.0975 -0.0975 -0.9904
vn 0.0975 -0.0976 -0.9904
vn -0.0975 -0.0975 -0.9904
vn -0.0975 -0.0976 -0.9904
vn 0.0975 0.0975 -0.9904
vn 0.0975 0.0976 -0.9904
vn -0.0975 0.0975 -0.9904
vn -0.0975 0.0976 -0.9904
vn -0.0976 -0.0975 -0.9904
vn -0.0976 0.0975 -0.9904
vn 0.0938 0.2890 -0.9527
vn 0.2779 0.2890 -0.9161
vn 0.2889 0.0975 -0.9524
vn 0.4513 0.2890 -0.8443
vn 0.2563 0.4696 -0.8448
vn 0.2563 0.4696 -0.8449
vn 0.4162 0.4696 -0.7786
vn 0.5601 0.4696 -0.6825
vn 0.6073 0.2890 -0.7400
vn 0.7400 0.2890 -0.6073
vn 0.6825 0.4696 -0.5601
vn 0.7693 0.0975 -0.6314
vn 0.6314 0.0975 -0.7693
vn 0.7693 -0.0975 -0.6314
vn 0.8777 -0.0975 -0.4691
vn 0.8777 0.0975 -0.4691
vn 0.8777 0.0975 -0.4692
vn 0.9524 0.0976 -0.2889
vn 0.9524 0.0975 -0.2889
vn 0.8443 0.2890 -0.4513
vn 0.9161 0.2890 -0.2779
vn 0.7786 0.4696 -0.4162
vn 0.8448 0.4696 -0.2563
vn 0.5987 0.6326 -0.4913
vn 0.6831 0.6326 -0.3651
vn 0.5987 0.6326 -0.4914
vn 0.4918 0.7715 -0.4036
vn 0.4036 0.7715 -0.4918
vn 0.4914 0.6326 -0.5987
vn 0.3002 0.8810 -0.3658
vn 0.2231 0.8810 -0.4173
vn 0.2230 0.8810 -0.4173
vn 0.2999 0.7715 -0.5611
vn 0.1374 0.9566 -0.2571
vn 0.0846 0.9566 -0.2790
vn 0.1374 0.8810 -0.4528
vn 0.0464 0.8810 -0.4709
vn 0.0286 0.9566 -0.2902
vn 0.0286 0.9951 -0.0942
vn 0.0097 0.9951 -0.0980
vn -0.0286 0.9566 -0.2902
vn -0.0097 0.9951 -0.0980
vn -0.0846 0.9566 -0.2790
vn -0.0286 0.9951 -0.0942
vn -0.0464 0.9951 -0.0869
vn -0.1374 0.9566 -0.2571
vn -0.0625 0.9951 -0.0761
vn -0.1850 0.9566 -0.2254
vn -0.2230 0.8810 -0.4173
vn -0.3002 0.8810 -0.3658
vn -0.2254 0.9566 -0.1850
vn -0.2571 0.9566 -0.1374
vn -0.0869 0.9951 -0.0464
vn -0.0761 0.9951 -0.0625
vn -0.0942 0.9951 -0.0286
vn -0.2790 0.9566 -0.0846
vn -0.0980 0.9951 -0.0097
vn -0.2902 0.9566 -0.0286
vn -0.0980 0.9951 0.0097
vn -0.2902 0.9566 0.0286
vn -0.0942 0.9951 0.0286
vn -0.2790 0.9566 0.0846
vn -0.0869 0.9951 0.0464
vn -0.2571 0.9566 0.1374
vn -0.2254 0.9566 0.1850
vn -0.0761 0.9951 0.0625
vn -0.4173 0.8810 0.2231
vn -0.4173 0.8810 0.2230
vn -0.3658 0.8810 0.3002
vn -0.3002 0.8810 0.3658
vn -0.4918 0.7715 0.4036
vn -0.4036 0.7715 0.4918
vn -0.2230 0.8810 0.4173
vn -0.2999 0.7715 0.5611
vn -0.1374 0.8810 0.4528
vn -0.1373 0.8810 0.4528
vn -0.1847 0.7715 0.6088
vn -0.0464 0.8810 0.4709
vn -0.0624 0.7715 0.6332
vn 0.0464 0.8810 0.4709
vn -0.0286 0.9566 0.2902
vn 0.0286 0.9566 0.2902
vn 0.0097 0.9951 0.0980
vn 0.0286 0.9951 0.0942
vn 0.0846 0.9566 0.2790
vn 0.0464 0.9951 0.0869
vn -0.0097 0.9951 0.0980
vn -0.0846 0.9566 0.2790
vn -0.0286 0.9951 0.0942
vn -0.1374 0.9566 0.2571
vn -0.0464 0.9951 0.0869
vn -0.1850 0.9566 0.2254
vn -0.0625 0.9951 0.0761
vn -0.5611 0.7715 0.2999
vn -0.6088 0.7715 0.1847
vn -0.4528 0.8810 0.1374
vn -0.7708 0.6326 0.0759
vn -0.7412 0.6326 0.2248
vn -0.6332 0.7715 0.0624
vn -0.8786 0.4696 0.0865
vn -0.4709 0.8810 0.0464
vn -0.4709 0.8810 -0.0464
vn -0.1847 0.7715 -0.6088
vn -0.1374 0.8810 -0.4528
vn -0.1373 0.8810 -0.4528
vn -0.0624 0.7715 -0.6332
vn -0.0464 0.8810 -0.4709
vn -0.0759 0.6326 -0.7708
vn 0.0624 0.7715 -0.6332
vn 0.0759 0.6326 -0.7708
vn 0.2248 0.6326 -0.7412
vn 0.1847 0.7715 -0.6088
vn 0.0865 0.4696 -0.8786
vn 0.0761 0.9951 -0.0625
vn 0.0625 0.9951 -0.0761
vn 0.0980 0.9951 -0.0097
vn 0.0942 0.9951 -0.0286
vn 0.0980 0.9951 0.0097
vn 0.0625 0.9951 0.0761
vn 0.0761 0.9951 0.0625
vn 0.0869 0.9951 0.0464
vn 0.0942 0.9951 0.0286
vn 0.0464 0.9951 -0.0869
vn 0.0869 0.9951 -0.0464
vn 0.2571 0.9566 -0.1374
vn 0.2790 0.9566 -0.0846
vn 0.4528 0.8810 -0.1374
vn 0.4173 0.8810 -0.2231
vn 0.4173 0.8810 -0.2230
vn 0.3658 0.8810 -0.3002
vn 0.2254 0.9566 -0.1850
vn 0.2902 0.9566 -0.0286
vn 0.6088 0.7715 -0.1847
vn 0.5611 0.7715 -0.2999
vn 0.7412 0.6326 -0.2248
vn 0.2790 0.9566 0.0846
vn 0.2902 0.9566 0.0286
vn 0.1850 0.9566 -0.2254
vn 0.3651 0.6326 -0.6831
vn 0.9527 0.2890 -0.0938
vn 0.9904 0.0976 -0.0976
vn 0.9904 0.0975 0.0975
vn 0.9904 0.0976 0.0976
vn 0.9527 0.2890 0.0938
vn 0.9524 0.0975 0.2889
vn 0.9904 -0.0975 0.0975
vn 0.9904 -0.0976 0.0976
vn 0.9524 0.0976 0.2889
vn 0.9904 -0.0976 -0.0976
vn 0.9524 -0.0976 -0.2889
vn 0.9161 -0.2890 -0.2779
vn 0.9527 -0.2890 -0.0938
vn 0.8786 0.4696 -0.0865
vn 0.9524 -0.0975 -0.2889
vn 0.8443 -0.2890 -0.4513
vn 0.7400 -0.2890 -0.6073
vn 0.6073 -0.2890 -0.7400
vn 0.6314 -0.0975 -0.7693
vn 0.4692 -0.0975 -0.8777
vn 0.4513 -0.2890 -0.8443
vn 0.2779 -0.2890 -0.9161
vn 0.4162 -0.4696 -0.7786
vn 0.2563 -0.4696 -0.8448
vn 0.2563 -0.4696 -0.8449
vn 0.3651 -0.6326 -0.6831
vn 0.2248 -0.6326 -0.7412
vn 0.5601 -0.4696 -0.6825
vn 0.2889 -0.0975 -0.9524
vn 0.4692 0.0975 -0.8777
vn -0.2248 -0.6326 -0.7412
vn -0.2999 -0.7715 -0.5611
vn -0.9527 0.2890 -0.0938
vn -0.9524 0.0976 -0.2889
vn -0.9524 0.0975 -0.2889
vn -0.9524 -0.0975 -0.2889
vn -0.2889 -0.0975 0.9524
vn -0.2889 -0.0976 0.9524
vn -0.2248 -0.6326 0.7412
vn -0.3651 -0.6326 0.6831
vn 0.4691 0.0975 0.8777
vn -0.1374 -0.9566 0.2571
vn -0.5611 -0.7715 0.2999
vn 0.1850 -0.9566 -0.2254
vn 0.8777 0.0976 0.4691
vn 0.0097 -0.9951 -0.0980
vn 0.0286 0.9565 -0.2902
vn 0.0976 0.0976 -0.9904
vn 0.2889 0.0976 -0.9524
vn 0.0846 0.9565 -0.2790
vn 0.4692 0.0976 -0.8777
vn 0.4691 -0.0975 -0.8777
vn 0.1374 0.9565 -0.2572
vn 0.1850 0.9565 -0.2254
vn 0.4913 0.6326 -0.5987
vn 0.1850 -0.9565 -0.2254
vn 0.2254 -0.9566 -0.1849
vn 0.7693 0.0976 -0.6314
vn 0.7693 -0.0976 -0.6314
vn 0.2254 0.9565 -0.1850
vn 0.2572 0.9565 -0.1375
vn 0.2571 -0.9565 -0.1374
vn 0.8777 0.0976 -0.4691
vn 0.8449 0.4696 -0.2563
vn 0.2790 -0.9565 -0.0846
vn 0.2790 0.9565 -0.0846
vn 0.4528 0.8810 -0.1373
vn 0.2902 0.9565 -0.0286
vn 0.9904 0.0975 -0.0975
vn 0.9904 -0.0975 -0.0975
vn 0.2902 0.9565 0.0286
vn 0.8448 -0.4696 0.2563
vn 0.8448 0.4696 0.2563
vn 0.4528 -0.8810 0.1374
vn 0.2790 0.9565 0.0846
vn 0.0868 -0.9951 0.0464
vn 0.2572 0.9565 0.1375
vn 0.6831 -0.6326 0.3651
vn 0.7693 0.0976 0.6314
vn 0.2254 0.9565 0.1850
vn 0.1850 -0.9565 0.2254
vn 0.1850 0.9565 0.2254
vn 0.1375 -0.9565 0.2571
vn 0.4692 -0.0975 0.8777
vn 0.1374 0.9565 0.2571
vn 0.0846 0.9565 0.2790
vn 0.0285 -0.9566 0.2902
vn 0.0976 0.0975 0.9904
vn 0.0286 0.9565 0.2902
vn -0.0286 0.9565 0.2902
vn -0.0286 -0.9565 0.2902
vn -0.2248 0.6326 0.7411
vn -0.0846 0.9565 0.2790
vn -0.2248 -0.6325 0.7412
vn -0.1374 0.9565 0.2571
vn -0.2231 -0.8810 0.4173
vn -0.1375 -0.9565 0.2571
vn -0.1850 -0.9565 0.2254
vn -0.1850 0.9565 0.2254
vn -0.2254 0.9565 0.1850
vn -0.2254 -0.9565 0.1850
vn -0.7693 0.0976 0.6314
vn -0.0868 -0.9951 0.0464
vn -0.2572 0.9565 0.1374
vn -0.8448 -0.4696 0.2563
vn -0.8448 0.4696 0.2563
vn -0.4528 -0.8810 0.1373
vn -0.9524 0.0975 0.2889
vn -0.0943 -0.9951 0.0286
vn -0.9524 -0.0975 0.2889
vn -0.2790 0.9565 0.0846
vn -0.9904 0.0975 0.0976
vn -0.9904 -0.0975 0.0976
vn -0.2902 0.9565 0.0286
vn -0.9904 0.0975 -0.0976
vn -0.9904 -0.0975 -0.0976
vn -0.2902 0.9565 -0.0286
vn -0.2790 0.9565 -0.0846
vn -0.2572 -0.9565 -0.1375
vn -0.8777 0.0976 -0.4692
vn -0.2572 0.9565 -0.1374
vn -0.7693 0.0976 -0.6314
vn -0.2254 0.9565 -0.1850
vn -0.5987 -0.6326 -0.4914
vn -0.2254 -0.9565 -0.1850
vn -0.1850 -0.9565 -0.2254
vn -0.6314 0.0976 -0.7693
vn -0.1850 0.9565 -0.2254
vn -0.4691 -0.0976 -0.8777
vn -0.1374 0.9565 -0.2572
vn -0.1374 -0.9565 -0.2572
vn -0.0846 0.9565 -0.2790
vn -0.0286 0.9565 -0.2902
vn -0.0624 -0.7715 -0.6331
vn -0.0286 -0.9565 -0.2902
vn -0.0976 0.0976 -0.9904
vn -0.0097 -0.9951 -0.0980
vn 0.0286 -0.9565 -0.2902
vn 0.0846 -0.9565 -0.2790
vn 0.2248 0.6326 -0.7411
vn 0.2572 0.9565 -0.1374
vn 0.2571 -0.9565 -0.1375
vn 0.9904 0.0976 -0.0975
vn 0.2790 -0.9565 0.0846
vn 0.0943 -0.9951 0.0286
vn 0.1375 -0.9566 0.2571
vn 0.0846 -0.9565 0.2790
vn 0.0285 -0.9565 0.2902
vn -0.0846 -0.9565 0.2790
vn -0.6314 0.0976 0.7693
vn -0.2572 0.9565 0.1375
vn -0.4528 0.8810 0.1373
vn -0.2790 -0.9565 0.0846
vn -0.2901 -0.9566 0.0286
vn -0.6331 0.7715 -0.0624
vn -0.2790 -0.9565 -0.0846
vn -0.4173 -0.8810 -0.2230
vn -0.8777 0.0976 -0.4691
vn -0.7693 -0.0976 -0.6314
vn -0.4692 -0.0976 -0.8777
vn 0.0976 -0.0976 -0.9904
vn 0.2889 -0.0976 -0.9524
vn 0.1374 -0.9565 -0.2571
vn 0.4691 0.0975 -0.8777
vn 0.4692 -0.0976 -0.8777
vn 0.2254 -0.9565 -0.1850
vn 0.8777 -0.0976 -0.4691
vn 0.8449 -0.4696 -0.2563
vn 0.6331 -0.7715 -0.0624
vn 0.2902 -0.9565 -0.0286
vn 0.9904 0.0975 -0.0976
vn 0.9904 0.0975 0.0976
vn 0.2572 -0.9565 0.1375
vn 0.5987 -0.6326 0.4914
vn 0.4692 0.0975 0.8777
vn 0.1375 0.9565 0.2572
vn 0.0847 -0.9565 0.2790
vn 0.0847 0.9565 0.2790
vn 0.0286 -0.9565 0.2902
vn 0.0976 -0.0975 0.9904
vn -0.0847 -0.9565 0.2790
vn -0.1375 0.9565 0.2571
vn -0.3651 -0.6325 0.6831
vn -0.4691 0.0976 0.8777
vn -0.7693 -0.0976 0.6314
vn -0.2572 -0.9565 0.1374
vn -0.2902 -0.9565 0.0286
vn -0.6331 -0.7715 -0.0624
vn -0.2902 -0.9565 -0.0286
vn -0.2571 -0.9565 -0.1374
vn -0.8777 0.0975 -0.4692
vn -0.8777 -0.0975 -0.4692
vn -0.2572 0.9565 -0.1375
vn -0.4173 0.8810 -0.2230
vn -0.2231 0.8810 -0.4173
vn -0.3651 -0.6325 -0.6831
vn -0.4691 0.0976 -0.8777
vn -0.0847 -0.9565 -0.2790
vn -0.0847 0.9565 -0.2790
vn -0.0976 -0.0976 -0.9904
vn 0.3651 -0.6325 -0.6831
vn 0.1375 0.9565 -0.2571
vn 0.3002 0.8810 -0.3657
vn 0.9904 -0.0975 -0.0976
vn 0.9904 -0.0975 0.0976
vn 0.2572 -0.9565 0.1374
vn 0.7693 -0.0976 0.6314
vn 0.3651 -0.6325 0.6831
vn 0.1375 0.9565 0.2571
vn 0.0847 -0.9566 0.2790
vn -0.6314 -0.0976 0.7693
vn -0.8777 -0.0975 0.4692
vn -0.9904 0.0975 0.0975
vn -0.9904 -0.0975 0.0975
vn -0.6331 -0.7715 0.0624
vn -0.9904 0.0975 -0.0975
vn -0.9904 -0.0975 -0.0975
vn -0.8777 -0.0976 -0.4691
vn -0.1374 0.9565 -0.2571
vn -0.3651 0.6326 -0.6830
vn -0.4692 0.0976 -0.8777
vt 0.375000 0.000000
vt 0.625000 0.000000
vt 0.625000 0.250000
vt 0.375000 0.250000
vt 0.625000 0.500000
vt 0.375000 0.500000
vt 0.625000 0.750000
vt 0.375000 0.750000
vt 0.625000 1.000000
vt 0.375000 1.000000
vt 0.125000 0.500000
vt 0.125000 0.750000
vt 0.875000 0.500000
vt 0.875000 0.750000
vt 0.000000 0.000000
s 0
usemtl マテリアル
f 1/1/1 2/2/1 4/3/1 3/4/1
f 3/4/2 4/3/2 8/5/2 7/6/2
f 7/6/3 8/5/3 6/7/3 5/8/3
f 5/8/4 6/7/4 2/9/4 1/10/4
f 3/11/5 7/6/5 5/8/5 1/12/5
f 8/5/6 4/13/6 2/14/6 6/7/6
usemtl マテリアル.004
f 10/15/3 11/15/3 9/15/3
f 12/15/2 15/15/2 11/15/2
f 16/15/1 13/15/1 15/15/1
f 14/15/4 9/15/4 13/15/4
f 15/15/6 9/15/6 11/15/6
f 12/15/5 14/15/5 16/15/5
s 1
f 21/15/7 17/15/7 18/15/7
f 20/15/8 18/15/8 17/15/8
f 19/15/9 17/15/9 21/15/9
f 19/15/10 20/15/10 17/15/10
f 22/15/11 24/15/11 21/15/11
f 22/15/11 21/15/11 23/15/11
f 21/15/12 26/15/12 23/15/12
f 19/15/9 21/15/9 24/15/9
f 21/15/12 25/15/12 26/15/12
f 21/15/7 18/15/7 25/15/7
f 23/15/13 26/15/13 27/15/13
f 26/15/14 25/15/14 28/15/14
f 26/15/15 30/15/15 27/15/15
f 26/15/14 28/15/14 29/15/14
f 26/15/15 29/15/15 30/15/15
f 29/15/16 32/15/16 30/15/16
f 31/15/17 30/15/17 32/15/17
f 27/15/18 30/15/18 31/15/18
f 29/15/16 33/15/16 32/15/16
f 33/15/19 35/15/19 32/15/19
f 34/15/20 32/15/20 35/15/20
f 31/15/17 32/15/17 34/15/17
f 35/15/21 36/15/21 38/15/21
f 33/15/19 36/15/19 35/15/19
f 35/15/22 40/15/22 37/15/22
f 34/15/20 35/15/20 37/15/20
f 35/15/21 38/15/21 39/15/21
f 35/15/22 39/15/22 40/15/22
f 39/15/23 42/15/23 40/15/23
f 41/15/24 40/15/24 42/15/24
f 43/15/25 40/15/25 41/15/26
f 43/15/25 37/15/25 40/15/25
f 46/15/27 37/15/27 43/15/27
f 46/15/28 43/15/28 44/15/28
f 43/15/29 45/15/29 44/15/29
f 43/15/29 41/15/30 45/15/29
f 47/15/31 46/15/31 48/15/31
f 47/15/32 34/15/32 46/15/33
f 46/15/27 34/15/27 37/15/27
f 46/15/28 44/15/28 48/15/28
f 47/15/31 48/15/31 51/15/34
f 51/15/35 48/15/35 49/15/35
f 48/15/36 50/15/36 49/15/36
f 48/15/36 44/15/36 50/15/36
f 53/15/37 47/15/37 51/15/38
f 51/15/35 49/15/35 52/15/35
f 54/15/39 51/15/39 52/15/39
f 54/15/39 53/15/39 51/15/39
f 58/15/40 55/15/40 54/15/40
f 57/15/41 54/15/41 55/15/41
f 56/15/42 54/15/42 52/15/42
f 58/15/40 54/15/40 56/15/40
f 57/15/41 53/15/41 54/15/41
f 59/15/43 55/15/43 58/15/43
f 60/15/44 58/15/44 56/15/44
f 59/15/45 58/15/45 60/15/45
f 59/15/45 60/15/45 65/15/45
f 64/15/46 60/15/46 61/15/46
f 60/15/47 63/15/47 61/15/47
f 60/15/47 62/15/47 63/15/47
f 60/15/44 56/15/44 62/15/44
f 64/15/46 65/15/46 60/15/46
f 67/15/48 59/15/48 65/15/48
f 66/15/49 65/15/49 64/15/49
f 67/15/48 65/15/48 66/15/48
f 67/15/50 68/15/50 70/15/50
f 71/15/51 68/15/51 67/15/51
f 69/15/52 71/15/52 67/15/52
f 69/15/52 67/15/52 66/15/52
f 67/15/50 70/15/50 59/15/50
f 71/15/51 72/15/51 68/15/51
f 73/15/53 72/15/53 71/15/53
f 74/15/54 71/15/54 69/15/54
f 74/15/54 73/15/54 71/15/54
f 75/15/55 73/15/55 74/15/55
f 75/15/55 74/15/55 77/15/55
f 74/15/56 69/15/56 76/15/56
f 74/15/56 76/15/56 78/15/56
f 79/15/57 77/15/57 74/15/57
f 79/15/57 74/15/57 78/15/57
f 80/15/58 84/15/58 79/15/58
f 80/15/58 79/15/58 82/15/59
f 81/15/60 77/15/60 79/15/60
f 81/15/60 79/15/60 84/15/60
f 79/15/61 83/15/61 82/15/61
f 79/15/61 78/15/61 83/15/61
f 86/15/62 85/15/62 84/15/62
f 85/15/63 81/15/63 84/15/63
f 86/15/62 84/15/62 80/15/62
f 88/15/64 86/15/64 87/15/64
f 86/15/65 89/15/65 87/15/65
f 86/15/65 80/15/65 89/15/65
f 88/15/66 85/15/66 86/15/66
f 91/15/67 89/15/67 90/15/67
f 89/15/68 82/15/69 90/15/68
f 89/15/68 80/15/69 82/15/69
f 91/15/70 87/15/70 89/15/70
f 91/15/71 92/15/71 93/15/71
f 91/15/72 96/15/72 92/15/72
f 91/15/73 93/15/73 119/15/73
f 91/15/74 94/15/74 109/15/74
f 91/15/75 115/15/75 94/15/75
f 91/15/76 95/15/76 96/15/76
f 91/15/77 118/15/77 95/15/77
f 91/15/78 97/15/78 98/15/78
f 91/15/79 108/15/79 97/15/79
f 91/15/80 98/15/80 118/15/80
f 91/15/81 99/15/81 108/15/81
f 91/15/82 111/15/82 99/15/82
f 91/15/83 100/15/83 113/15/83
f 91/15/84 112/15/84 100/15/84
f 91/15/85 101/15/85 102/15/85
f 91/15/86 113/15/86 101/15/86
f 91/15/87 102/15/87 87/15/87
f 91/15/88 90/15/88 103/15/88
f 91/15/89 103/15/89 104/15/89
f 91/15/90 104/15/90 105/15/90
f 91/15/91 105/15/91 106/15/91
f 91/15/92 106/15/92 107/15/92
f 91/15/93 107/15/93 111/15/93
f 91/15/94 109/15/94 110/15/94
f 91/15/95 110/15/95 112/15/95
f 91/15/96 114/15/96 115/15/96
f 91/15/97 117/15/97 114/15/97
f 91/15/98 116/15/98 117/15/98
f 91/15/99 120/15/99 116/15/99
f 91/15/100 119/15/100 120/15/100
f 120/15/101 121/15/101 122/15/101
f 119/15/102 121/15/102 120/15/102
f 120/15/101 122/15/101 116/15/101
f 122/15/103 123/15/104 125/15/104
f 124/15/105 123/15/105 122/15/105
f 124/15/105 122/15/105 121/15/105
f 116/15/106 122/15/106 126/15/106
f 122/15/103 125/15/104 126/15/103
f 125/15/107 127/15/107 126/15/107
f 117/15/108 126/15/108 127/15/108
f 116/15/106 126/15/106 117/15/106
f 125/15/107 128/15/107 127/15/107
f 128/15/109 129/15/109 127/15/109
f 114/15/110 127/15/110 129/15/110
f 117/15/108 127/15/108 114/15/108
f 129/15/111 94/15/111 115/15/111
f 114/15/110 129/15/110 115/15/110
f 128/15/109 132/15/109 129/15/109
f 129/15/112 132/15/112 130/15/112
f 129/15/112 130/15/112 131/15/112
f 129/15/111 131/15/111 94/15/111
f 133/15/113 130/15/113 132/15/113
f 128/15/114 133/15/114 132/15/114
f 133/15/113 134/15/113 130/15/113
f 135/15/115 134/15/115 133/15/115
f 136/15/116 135/15/116 133/15/116
f 128/15/114 136/15/114 133/15/114
f 137/15/117 139/15/117 136/15/117
f 137/15/117 136/15/117 138/15/117
f 125/15/118 136/15/118 128/15/118
f 136/15/116 139/15/116 135/15/116
f 125/15/118 138/15/118 136/15/118
f 139/15/119 141/15/119 140/15/119
f 139/15/119 140/15/119 135/15/119
f 137/15/120 141/15/120 139/15/120
f 141/15/121 142/15/121 143/15/121
f 144/15/122 142/15/122 141/15/122
f 141/15/121 143/15/121 140/15/121
f 137/15/120 144/15/120 141/15/120
f 144/15/122 145/15/122 142/15/122
f 146/15/123 145/15/123 144/15/123
f 147/15/124 144/15/124 137/15/124
f 147/15/124 146/15/124 144/15/124
f 148/15/125 146/15/125 147/15/125
f 148/15/125 147/15/125 150/15/125
f 149/15/126 147/15/126 137/15/126
f 151/15/127 147/15/127 149/15/127
f 151/15/127 150/15/127 147/15/127
f 152/15/128 150/15/128 151/15/128
f 152/15/128 151/15/128 153/15/128
f 151/15/129 123/15/129 124/15/129
f 154/15/130 151/15/130 124/15/130
f 151/15/129 149/15/129 123/15/129
f 154/15/130 153/15/130 151/15/130
f 156/15/131 153/15/131 154/15/131
f 155/15/132 154/15/132 124/15/132
f 156/15/133 154/15/133 155/15/133
f 156/15/131 157/15/131 153/15/131
f 159/15/134 157/15/134 156/15/134
f 159/15/135 156/15/135 158/15/135
f 156/15/133 155/15/133 158/15/133
f 161/15/136 160/15/136 159/15/136
f 163/15/137 159/15/137 160/15/137
f 161/15/136 159/15/136 164/15/136
f 159/15/134 162/15/134 157/15/134
f 163/15/137 162/15/137 159/15/137
f 159/15/135 158/15/135 164/15/138
f 161/15/139 164/15/139 92/15/139
f 164/15/140 93/15/140 92/15/140
f 164/15/140 158/15/140 93/15/140
f 166/15/141 165/15/141 163/15/141
f 165/15/142 167/15/142 163/15/142
f 166/15/141 163/15/141 160/15/141
f 167/15/143 162/15/143 163/15/143
f 165/15/142 170/15/142 167/15/142
f 168/15/144 169/15/144 167/15/144
f 170/15/145 168/15/145 167/15/145
f 167/15/143 169/15/143 162/15/143
f 172/15/146 171/15/146 170/15/146
f 174/15/147 170/15/147 171/15/147
f 172/15/146 170/15/146 165/15/146
f 170/15/145 173/15/145 168/15/145
f 174/15/147 173/15/148 170/15/147
f 176/15/149 174/15/149 171/15/149
f 175/15/150 173/15/150 174/15/150
f 176/15/151 175/15/151 174/15/151
f 50/15/152 176/15/152 177/15/152
f 50/15/153 45/15/153 176/15/153
f 176/15/151 45/15/151 175/15/151
f 176/15/149 171/15/149 177/15/149
f 50/15/152 177/15/152 179/15/152
f 178/15/154 177/15/154 171/15/154
f 180/15/155 177/15/155 178/15/155
f 180/15/155 179/15/155 177/15/155
f 181/15/156 179/15/156 180/15/156
f 181/15/156 180/15/156 184/15/156
f 180/15/157 183/15/157 182/15/157
f 185/15/158 180/15/158 182/15/158
f 180/15/157 178/15/157 183/15/157
f 185/15/158 184/15/158 180/15/158
f 187/15/159 184/15/159 185/15/159
f 186/15/160 185/15/160 182/15/160
f 187/15/161 185/15/161 186/15/162
f 187/15/159 188/15/159 184/15/159
f 63/15/163 188/15/163 187/15/163
f 63/15/164 187/15/164 189/15/164
f 187/15/161 186/15/162 189/15/162
f 63/15/164 189/15/164 190/15/164
f 190/15/165 189/15/165 99/15/165
f 189/15/166 108/15/166 99/15/166
f 189/15/166 186/15/166 108/15/166
f 191/15/167 63/15/167 190/15/167
f 191/15/168 190/15/168 111/15/168
f 190/15/165 99/15/165 111/15/165
f 64/15/169 61/15/169 191/15/169
f 191/15/167 61/15/167 63/15/167
f 106/15/170 191/15/170 107/15/170
f 191/15/168 111/15/168 107/15/168
f 106/15/170 192/15/170 191/15/170
f 64/15/169 191/15/169 192/15/169
f 193/15/171 192/15/171 106/15/171
f 194/15/172 192/15/172 193/15/173
f 194/15/172 64/15/172 192/15/172
f 195/15/174 76/15/174 194/15/174
f 195/15/174 194/15/174 193/15/175
f 66/15/49 64/15/49 194/15/49
f 76/15/176 66/15/176 194/15/176
f 103/15/177 83/15/177 195/15/177
f 103/15/177 195/15/177 104/15/177
f 104/15/178 195/15/178 193/15/178
f 83/15/179 76/15/179 195/15/179
f 193/15/171 106/15/171 105/15/171
f 104/15/178 193/15/178 105/15/178
f 56/15/180 196/15/180 188/15/180
f 196/15/181 184/15/181 188/15/181
f 56/15/180 188/15/180 62/15/180
f 63/15/163 62/15/163 188/15/163
f 196/15/182 52/15/182 49/15/182
f 56/15/42 52/15/42 196/15/42
f 196/15/182 49/15/182 181/15/182
f 196/15/181 181/15/181 184/15/181
f 108/15/183 186/15/183 197/15/183
f 186/15/160 182/15/160 197/15/160
f 182/15/184 198/15/184 197/15/184
f 197/15/185 98/15/185 97/15/185
f 108/15/183 197/15/183 97/15/186
f 197/15/185 198/15/185 98/15/185
f 198/15/187 183/15/187 199/15/187
f 182/15/184 183/15/184 198/15/184
f 98/15/188 198/15/188 200/15/188
f 198/15/187 199/15/187 200/15/189
f 199/15/190 201/15/190 200/15/191
f 118/15/192 200/15/192 201/15/192
f 98/15/188 200/15/188 118/15/188
f 199/15/190 166/15/190 201/15/190
f 166/15/193 161/15/193 201/15/193
f 95/15/194 201/15/194 161/15/194
f 118/15/192 201/15/192 95/15/192
f 199/15/195 172/15/195 165/15/195
f 183/15/196 172/15/196 199/15/196
f 199/15/195 165/15/195 166/15/195
f 183/15/196 178/15/196 172/15/196
f 181/15/197 49/15/197 50/15/197
f 181/15/197 50/15/197 179/15/197
f 178/15/154 171/15/154 172/15/154
f 41/15/198 202/15/199 175/15/198
f 202/15/200 203/15/200 175/15/201
f 41/15/198 175/15/198 45/15/198
f 175/15/150 203/15/150 173/15/150
f 202/15/200 204/15/200 203/15/200
f 204/15/202 205/15/202 203/15/202
f 173/15/203 203/15/203 205/15/203
f 205/15/204 206/15/205 207/15/204
f 204/15/202 206/15/206 205/15/202
f 205/15/207 209/15/207 168/15/207
f 173/15/203 205/15/203 168/15/203
f 205/15/204 207/15/204 208/15/204
f 205/15/207 208/15/207 209/15/207
f 209/15/208 208/15/208 210/15/208
f 169/15/209 209/15/210 211/15/209
f 168/15/144 209/15/144 169/15/144
f 209/15/208 210/15/208 211/15/208
f 210/15/211 213/15/211 211/15/211
f 212/15/212 211/15/212 213/15/212
f 169/15/209 211/15/209 212/15/209
f 210/15/211 214/15/211 213/15/211
f 214/15/213 148/15/213 213/15/213
f 152/15/214 213/15/214 148/15/214
f 212/15/212 213/15/212 152/15/212
f 216/15/215 215/15/216 214/15/215
f 215/15/217 217/15/217 214/15/217
f 216/15/215 214/15/215 210/15/215
f 214/15/213 217/15/213 148/15/213
f 215/15/217 218/15/217 217/15/217
f 218/15/218 219/15/218 217/15/218
f 148/15/219 217/15/219 219/15/219
f 218/15/218 221/15/218 219/15/218
f 146/15/123 219/15/123 145/15/123
f 148/15/219 219/15/219 146/15/219
f 219/15/220 221/15/220 220/15/220
f 219/15/220 220/15/220 145/15/221
f 222/15/222 220/15/222 221/15/222
f 218/15/223 222/15/223 221/15/223
f 224/15/224 223/15/224 222/15/224
f 223/15/225 225/15/225 222/15/225
f 224/15/224 222/15/224 226/15/224
f 222/15/222 225/15/226 220/15/222
f 218/15/223 226/15/223 222/15/223
f 227/15/227 224/15/227 226/15/227
f 215/15/228 226/15/228 218/15/228
f 215/15/228 227/15/228 226/15/228
f 227/15/227 228/15/227 224/15/227
f 229/15/229 228/15/229 227/15/229
f 216/15/230 227/15/230 215/15/231
f 216/15/230 229/15/230 227/15/230
f 229/15/229 230/15/229 228/15/229
f 231/15/232 230/15/232 229/15/232
f 231/15/232 229/15/232 232/15/232
f 232/15/233 229/15/234 216/15/233
f 233/15/235 231/15/235 232/15/235
f 233/15/236 232/15/236 207/15/236
f 232/15/233 216/15/233 207/15/233
f 233/15/235 234/15/235 231/15/235
f 235/15/237 234/15/237 233/15/237
f 235/15/237 233/15/237 236/15/237
f 233/15/236 207/15/236 206/15/238
f 204/15/239 233/15/239 206/15/240
f 204/15/239 236/15/239 233/15/239
f 42/15/241 235/15/241 236/15/241
f 202/15/242 236/15/242 204/15/242
f 202/15/242 42/15/243 236/15/242
f 237/15/244 234/15/244 235/15/244
f 238/15/245 237/15/245 235/15/246
f 42/15/241 238/15/241 235/15/241
f 238/15/245 239/15/245 237/15/245
f 39/15/247 239/15/247 238/15/247
f 39/15/23 238/15/23 42/15/23
f 241/15/248 240/15/248 239/15/248
f 240/15/249 237/15/249 239/15/249
f 241/15/248 239/15/248 38/15/248
f 39/15/247 38/15/247 239/15/247
f 242/15/250 240/15/250 241/15/250
f 243/15/251 242/15/251 241/15/251
f 243/15/252 241/15/252 38/15/252
f 243/15/251 244/15/251 242/15/251
f 245/15/253 244/15/253 243/15/253
f 245/15/253 243/15/253 246/15/253
f 243/15/252 38/15/252 36/15/254
f 33/15/255 243/15/255 36/15/256
f 33/15/255 246/15/255 243/15/255
f 247/15/257 245/15/257 246/15/257
f 247/15/257 246/15/257 28/15/257
f 29/15/258 246/15/258 33/15/258
f 29/15/258 28/15/258 246/15/258
f 247/15/259 248/15/260 250/15/260
f 249/15/261 248/15/261 247/15/261
f 249/15/261 247/15/261 18/15/262
f 18/15/263 247/15/263 28/15/263
f 247/15/259 250/15/260 245/15/259
f 251/15/264 252/15/264 250/15/264
f 248/15/265 251/15/265 250/15/265
f 250/15/266 244/15/266 245/15/266
f 250/15/266 252/15/266 244/15/266
f 252/15/267 253/15/267 254/15/267
f 251/15/264 253/15/264 252/15/264
f 252/15/267 254/15/267 255/15/267
f 244/15/268 252/15/268 255/15/268
f 254/15/269 256/15/269 255/15/269
f 255/15/270 257/15/270 242/15/270
f 244/15/268 255/15/268 242/15/268
f 255/15/270 256/15/271 257/15/270
f 257/15/272 256/15/273 258/15/272
f 242/15/250 257/15/250 240/15/250
f 257/15/272 258/15/272 259/15/272
f 257/15/274 259/15/274 260/15/274
f 257/15/274 260/15/274 240/15/274
f 259/15/275 261/15/275 260/15/275
f 240/15/249 260/15/249 237/15/249
f 260/15/276 262/15/276 237/15/276
f 260/15/276 261/15/276 262/15/276
f 262/15/277 261/15/277 263/15/277
f 234/15/278 262/15/278 264/15/278
f 237/15/244 262/15/244 234/15/244
f 262/15/277 263/15/277 264/15/277
f 264/15/279 263/15/279 265/15/279
f 264/15/280 230/15/280 231/15/281
f 234/15/278 264/15/278 231/15/278
f 264/15/279 265/15/279 266/15/279
f 264/15/280 266/15/280 230/15/280
f 266/15/282 265/15/282 267/15/282
f 266/15/283 228/15/283 230/15/283
f 266/15/282 267/15/282 268/15/282
f 266/15/283 268/15/283 228/15/283
f 268/15/284 267/15/284 269/15/284
f 268/15/285 224/15/285 228/15/285
f 268/15/284 269/15/284 270/15/284
f 268/15/285 270/15/285 224/15/285
f 269/15/286 271/15/286 270/15/286
f 224/15/287 270/15/287 271/15/287
f 269/15/286 272/15/286 271/15/286
f 272/15/288 273/15/288 271/15/288
f 271/15/289 274/15/289 223/15/289
f 224/15/287 271/15/287 223/15/287
f 271/15/289 273/15/289 274/15/289
f 273/15/290 275/15/290 274/15/290
f 223/15/225 274/15/225 225/15/225
f 274/15/291 276/15/291 225/15/291
f 274/15/291 275/15/291 276/15/291
f 278/15/292 276/15/292 277/15/292
f 275/15/293 277/15/293 276/15/293
f 220/15/294 276/15/294 278/15/294
f 220/15/294 225/15/294 276/15/294
f 220/15/295 278/15/295 142/15/295
f 278/15/296 143/15/296 142/15/296
f 278/15/292 277/15/292 279/15/292
f 278/15/296 279/15/296 143/15/296
f 279/15/297 277/15/297 280/15/297
f 279/15/297 280/15/297 281/15/298
f 279/15/299 281/15/299 282/15/299
f 279/15/299 282/15/299 143/15/299
f 143/15/300 282/15/300 283/15/300
f 282/15/301 285/15/301 283/15/301
f 282/15/301 284/15/301 285/15/301
f 281/15/302 284/15/302 282/15/302
f 286/15/303 285/15/303 287/15/303
f 288/15/304 285/15/304 286/15/304
f 284/15/305 287/15/305 285/15/305
f 288/15/304 283/15/306 285/15/304
f 140/15/307 283/15/307 288/15/307
f 140/15/307 288/15/307 135/15/307
f 134/15/308 288/15/308 286/15/308
f 135/15/115 288/15/115 134/15/115
f 284/15/305 289/15/305 287/15/305
f 289/15/309 291/15/309 287/15/309
f 290/15/310 287/15/310 291/15/310
f 286/15/303 287/15/303 290/15/303
f 292/15/311 291/15/311 293/15/311
f 290/15/310 291/15/310 292/15/310
f 289/15/309 294/15/309 291/15/309
f 294/15/312 293/15/312 291/15/312
f 294/15/312 295/15/312 293/15/312
f 296/15/313 295/15/313 294/15/313
f 297/15/314 294/15/314 289/15/314
f 297/15/314 296/15/314 294/15/314
f 299/15/315 297/15/315 289/15/315
f 297/15/316 300/15/316 298/15/316
f 297/15/316 298/15/316 296/15/316
f 299/15/317 300/15/317 297/15/317
f 300/15/318 303/15/318 301/15/318
f 300/15/318 301/15/318 298/15/318
f 299/15/317 302/15/317 300/15/317
f 302/15/319 303/15/319 300/15/319
f 302/15/319 306/15/319 303/15/319
f 304/15/320 305/15/320 303/15/320
f 304/15/320 303/15/320 306/15/320
f 305/15/321 301/15/321 303/15/321
f 280/15/322 307/15/322 306/15/322
f 280/15/322 306/15/322 302/15/322
f 308/15/323 306/15/323 307/15/324
f 308/15/323 304/15/323 306/15/323
f 309/15/325 310/15/325 308/15/325
f 309/15/325 308/15/325 307/15/325
f 310/15/326 311/15/326 308/15/326
f 311/15/327 304/15/327 308/15/327
f 310/15/326 313/15/326 311/15/326
f 312/15/328 314/15/328 311/15/328
f 313/15/329 312/15/329 311/15/329
f 311/15/327 314/15/327 304/15/327
f 304/15/330 314/15/330 315/15/330
f 316/15/331 315/15/331 314/15/331
f 312/15/328 316/15/328 314/15/328
f 318/15/332 317/15/332 316/15/332
f 317/15/333 319/15/333 316/15/333
f 316/15/331 319/15/331 315/15/331
f 318/15/332 316/15/332 312/15/334
f 317/15/333 320/15/333 319/15/333
f 320/15/335 321/15/335 319/15/335
f 319/15/336 322/15/336 315/15/336
f 319/15/336 321/15/336 322/15/336
f 322/15/337 321/15/337 325/15/337
f 305/15/338 315/15/339 322/15/338
f 305/15/338 322/15/338 323/15/338
f 322/15/340 324/15/340 323/15/340
f 322/15/340 326/15/341 324/15/340
f 322/15/337 325/15/337 326/15/337
f 325/15/342 327/15/342 326/15/342
f 326/15/343 328/15/343 324/15/343
f 326/15/343 327/15/343 328/15/343
f 324/15/344 328/15/344 329/15/344
f 328/15/345 332/15/345 329/15/345
f 328/15/346 327/15/346 330/15/346
f 328/15/346 330/15/346 331/15/346
f 328/15/345 331/15/345 332/15/345
f 331/15/347 334/15/347 332/15/347
f 333/15/348 332/15/348 334/15/348
f 335/15/349 332/15/349 333/15/349
f 335/15/349 329/15/349 332/15/349
f 335/15/350 333/15/350 336/15/350
f 335/15/350 336/15/350 338/15/350
f 337/15/351 339/15/351 335/15/351
f 337/15/351 335/15/351 338/15/352
f 339/15/353 329/15/353 335/15/353
f 296/15/354 298/15/354 339/15/354
f 298/15/355 340/15/355 339/15/355
f 296/15/354 339/15/354 337/15/354
f 339/15/353 340/15/353 329/15/353
f 298/15/355 301/15/355 340/15/355
f 323/15/356 340/15/356 301/15/356
f 324/15/344 329/15/344 340/15/344
f 323/15/356 324/15/356 340/15/356
f 337/15/357 338/15/358 341/15/357
f 341/15/359 338/15/359 336/15/359
f 295/15/360 341/15/360 344/15/360
f 337/15/357 341/15/357 295/15/357
f 341/15/361 342/15/361 343/15/361
f 341/15/359 336/15/359 342/15/359
f 341/15/361 343/15/361 344/15/361
f 345/15/362 344/15/362 343/15/362
f 346/15/363 344/15/363 345/15/363
f 295/15/360 344/15/360 293/15/360
f 346/15/363 293/15/363 344/15/363
f 292/15/311 293/15/311 346/15/311
f 347/15/364 346/15/364 345/15/364
f 348/15/365 346/15/365 347/15/366
f 348/15/365 292/15/365 346/15/365
f 348/15/367 350/15/367 349/15/367
f 352/15/368 348/15/368 349/15/368
f 348/15/367 347/15/367 350/15/367
f 352/15/368 351/15/368 348/15/368
f 290/15/369 348/15/369 351/15/369
f 290/15/369 292/15/369 348/15/369
f 353/15/370 352/15/370 349/15/370
f 355/15/371 352/15/371 353/15/371
f 354/15/372 351/15/372 352/15/372
f 355/15/371 354/15/371 352/15/371
f 131/15/373 355/15/373 109/15/373
f 355/15/374 110/15/374 109/15/374
f 130/15/375 354/15/376 355/15/375
f 130/15/375 355/15/375 131/15/375
f 355/15/374 353/15/374 110/15/374
f 354/15/372 356/15/372 351/15/372
f 130/15/377 356/15/377 354/15/377
f 286/15/378 351/15/378 356/15/378
f 134/15/308 286/15/308 356/15/308
f 130/15/377 134/15/377 356/15/377
f 110/15/379 353/15/379 357/15/379
f 353/15/370 349/15/370 357/15/370
f 112/15/380 357/15/380 358/15/380
f 110/15/379 357/15/379 112/15/379
f 349/15/381 358/15/381 357/15/381
f 358/15/382 350/15/383 359/15/383
f 358/15/382 359/15/383 360/15/382
f 100/15/384 358/15/385 360/15/385
f 349/15/381 350/15/381 358/15/381
f 112/15/380 358/15/380 100/15/380
f 359/15/386 361/15/386 360/15/386
f 113/15/387 360/15/387 361/15/387
f 100/15/384 360/15/385 113/15/388
f 359/15/386 362/15/389 361/15/386
f 362/15/390 88/15/390 361/15/390
f 113/15/387 361/15/387 101/15/387
f 101/15/391 361/15/391 88/15/391
f 362/15/392 363/15/392 364/15/392
f 359/15/393 363/15/393 362/15/393
f 362/15/392 364/15/392 365/15/392
f 362/15/390 365/15/390 88/15/390
f 88/15/66 365/15/66 85/15/66
f 364/15/394 85/15/394 365/15/394
f 367/15/395 364/15/395 363/15/395
f 364/15/394 366/15/394 85/15/394
f 368/15/396 366/15/396 364/15/396
f 367/15/395 368/15/395 364/15/395
f 368/15/396 369/15/396 366/15/396
f 367/15/397 370/15/397 368/15/397
f 370/15/398 369/15/398 368/15/398
f 367/15/397 343/15/397 370/15/397
f 342/15/399 370/15/399 343/15/399
f 342/15/399 372/15/399 370/15/399
f 370/15/398 371/15/398 369/15/398
f 372/15/400 371/15/400 370/15/400
f 372/15/400 373/15/400 371/15/400
f 374/15/401 373/15/401 372/15/402
f 342/15/403 374/15/403 372/15/404
f 374/15/405 375/15/406 377/15/405
f 333/15/407 375/15/408 374/15/407
f 342/15/403 336/15/409 374/15/403
f 333/15/407 374/15/407 336/15/410
f 374/15/401 376/15/401 373/15/401
f 374/15/405 377/15/405 376/15/405
f 375/15/411 378/15/411 377/15/411
f 377/15/412 378/15/412 380/15/412
f 376/15/413 377/15/413 379/15/413
f 377/15/412 380/15/412 379/15/412
f 380/15/414 384/15/414 381/15/414
f 380/15/414 381/15/414 379/15/414
f 382/15/415 383/15/416 380/15/415
f 382/15/415 380/15/415 378/15/415
f 383/15/417 384/15/417 380/15/417
f 383/15/417 385/15/417 384/15/417
f 385/15/418 386/15/418 384/15/418
f 381/15/419 384/15/419 386/15/419
f 385/15/418 388/15/418 386/15/418
f 389/15/420 386/15/420 387/15/420
f 388/15/421 387/15/421 386/15/421
f 381/15/419 386/15/419 389/15/419
f 389/15/422 393/15/422 390/15/422
f 392/15/423 389/15/423 390/15/423
f 389/15/422 391/15/422 393/15/422
f 389/15/420 387/15/420 391/15/420
f 392/15/423 381/15/423 389/15/423
f 394/15/424 390/15/424 393/15/424
f 394/15/424 393/15/424 395/15/424
f 393/15/425 397/15/425 395/15/425
f 393/15/425 396/15/425 397/15/425
f 393/15/426 398/15/426 396/15/427
f 393/15/426 391/15/426 398/15/426
f 398/15/428 399/15/428 396/15/429
f 398/15/428 401/15/428 399/15/428
f 391/15/430 402/15/430 398/15/430
f 398/15/431 402/15/431 400/15/431
f 398/15/431 400/15/431 401/15/431
f 404/15/432 403/15/432 402/15/432
f 403/15/433 400/15/433 402/15/433
f 391/15/430 387/15/430 402/15/430
f 404/15/432 402/15/432 387/15/432
f 406/15/434 405/15/434 404/15/434
f 405/15/435 403/15/435 404/15/435
f 388/15/421 404/15/421 387/15/421
f 406/15/434 404/15/434 388/15/436
f 406/15/437 407/15/437 409/15/437
f 410/15/438 407/15/438 406/15/438
f 385/15/439 408/15/439 406/15/439
f 410/15/438 406/15/438 408/15/438
f 385/15/439 406/15/439 388/15/439
f 406/15/437 409/15/437 405/15/437
f 410/15/440 412/15/440 411/15/440
f 410/15/440 411/15/440 407/15/440
f 415/15/441 412/15/441 410/15/442
f 414/15/443 413/15/443 410/15/443
f 415/15/441 410/15/442 413/15/442
f 414/15/443 410/15/443 408/15/443
f 416/15/444 412/15/444 415/15/444
f 417/15/445 416/15/445 415/15/445
f 417/15/446 415/15/446 413/15/446
f 418/15/447 417/15/447 419/15/447
f 418/15/448 420/15/448 417/15/448
f 417/15/445 420/15/445 416/15/445
f 417/15/446 413/15/446 419/15/446
f 420/15/449 421/15/449 416/15/449
f 422/15/450 421/15/450 420/15/450
f 418/15/448 422/15/448 420/15/448
f 423/15/451 422/15/451 418/15/451
f 423/15/452 421/15/452 422/15/452
f 423/15/451 418/15/451 424/15/451
f 425/15/453 423/15/453 424/15/453
f 425/15/454 421/15/454 423/15/454
f 427/15/455 421/15/455 425/15/455
f 427/15/456 425/15/456 426/15/456
f 425/15/453 424/15/453 426/15/453
f 428/15/457 421/15/457 427/15/457
f 428/15/458 427/15/458 429/15/458
f 427/15/456 426/15/456 429/15/456
f 429/15/459 426/15/459 430/15/459
f 429/15/459 430/15/459 325/15/459
f 321/15/460 431/15/460 429/15/460
f 428/15/458 429/15/458 431/15/458
f 321/15/460 429/15/460 325/15/460
f 320/15/335 431/15/335 321/15/335
f 432/15/461 431/15/461 320/15/461
f 432/15/461 428/15/461 431/15/461
f 317/15/462 433/15/462 432/15/462
f 433/15/463 421/15/463 432/15/463
f 432/15/464 421/15/464 428/15/464
f 317/15/462 432/15/462 320/15/462
f 434/15/465 421/15/465 433/15/465
f 318/15/466 434/15/466 433/15/466
f 318/15/466 433/15/466 317/15/466
f 436/15/467 421/15/467 434/15/467
f 435/15/468 434/15/468 318/15/468
f 435/15/468 436/15/468 434/15/468
f 437/15/469 421/15/469 436/15/469
f 437/15/470 436/15/470 435/15/470
f 439/15/471 421/15/471 437/15/471
f 439/15/472 437/15/472 438/15/472
f 437/15/470 435/15/470 438/15/470
f 441/15/473 421/15/473 439/15/473
f 441/15/474 439/15/474 440/15/474
f 439/15/472 438/15/472 440/15/472
f 442/15/475 441/15/475 443/15/475
f 442/15/476 421/15/476 441/15/476
f 441/15/474 440/15/474 443/15/474
f 442/15/475 443/15/475 446/15/475
f 443/15/477 445/15/478 444/15/478
f 447/15/479 443/15/479 444/15/479
f 443/15/477 440/15/477 445/15/478
f 447/15/479 446/15/479 443/15/479
f 448/15/480 446/15/480 447/15/480
f 448/15/480 447/15/480 449/15/480
f 269/15/481 447/15/481 444/15/481
f 449/15/482 447/15/482 269/15/482
f 450/15/483 448/15/483 449/15/483
f 450/15/484 449/15/484 267/15/484
f 449/15/482 269/15/482 267/15/482
f 450/15/483 451/15/483 448/15/483
f 452/15/485 451/15/486 450/15/485
f 452/15/485 450/15/485 453/15/485
f 453/15/487 450/15/487 265/15/487
f 450/15/484 267/15/484 265/15/484
f 454/15/488 452/15/488 453/15/488
f 454/15/488 453/15/488 455/15/488
f 453/15/487 265/15/487 263/15/487
f 261/15/489 453/15/489 263/15/489
f 261/15/489 455/15/489 453/15/489
f 259/15/490 454/15/490 455/15/490
f 259/15/275 455/15/275 261/15/275
f 454/15/491 457/15/491 456/15/491
f 454/15/491 456/15/491 452/15/491
f 458/15/492 457/15/492 454/15/492
f 458/15/492 454/15/492 258/15/492
f 259/15/490 258/15/490 454/15/490
f 458/15/493 421/15/493 457/15/493
f 459/15/494 421/15/494 458/15/494
f 459/15/495 458/15/495 258/15/495
f 254/15/269 459/15/269 256/15/269
f 459/15/495 258/15/495 256/15/495
f 254/15/496 421/15/496 459/15/496
f 457/15/497 421/15/497 456/15/497
f 452/15/498 456/15/498 460/15/498
f 456/15/499 421/15/499 460/15/499
f 451/15/500 460/15/500 461/15/500
f 452/15/498 460/15/498 451/15/498
f 460/15/501 421/15/501 461/15/501
f 461/15/502 446/15/502 448/15/502
f 451/15/500 461/15/500 448/15/500
f 461/15/502 442/15/502 446/15/502
f 461/15/503 421/15/503 442/15/503
f 444/15/504 445/15/504 462/15/504
f 445/15/505 464/15/505 462/15/505
f 445/15/506 440/15/506 438/15/506
f 445/15/506 438/15/506 463/15/506
f 445/15/505 463/15/505 464/15/505
f 464/15/507 310/15/507 465/15/507
f 273/15/508 464/15/508 465/15/508
f 464/15/507 313/15/507 310/15/507
f 463/15/509 313/15/509 464/15/509
f 273/15/508 462/15/508 464/15/508
f 465/15/510 310/15/510 309/15/510
f 465/15/510 309/15/510 275/15/510
f 273/15/290 465/15/290 275/15/290
f 463/15/511 438/15/511 435/15/511
f 463/15/511 435/15/511 466/15/511
f 463/15/509 466/15/509 313/15/509
f 435/15/512 312/15/512 466/15/512
f 313/15/329 466/15/329 312/15/329
f 444/15/504 462/15/504 272/15/504
f 272/15/288 462/15/288 273/15/288
f 269/15/481 444/15/481 272/15/481
f 435/15/512 318/15/512 312/15/512
f 430/15/513 467/15/513 330/15/513
f 430/15/514 424/15/514 467/15/515
f 430/15/513 330/15/513 327/15/513
f 325/15/342 430/15/342 327/15/342
f 430/15/514 426/15/514 424/15/514
f 467/15/516 469/15/516 330/15/516
f 467/15/517 424/15/517 418/15/517
f 467/15/517 418/15/517 468/15/517
f 467/15/516 468/15/516 469/15/516
f 331/15/518 330/15/518 469/15/518
f 469/15/519 468/15/519 419/15/519
f 470/15/520 469/15/520 471/15/520
f 331/15/518 469/15/518 470/15/518
f 469/15/519 419/15/519 471/15/519
f 470/15/520 471/15/520 382/15/520
f 471/15/521 383/15/521 382/15/521
f 471/15/521 414/15/521 383/15/521
f 419/15/522 414/15/522 471/15/522
f 331/15/347 470/15/347 334/15/347
f 334/15/523 470/15/523 382/15/523
f 418/15/447 419/15/447 468/15/447
f 472/15/524 421/15/524 478/15/524
f 476/15/525 421/15/525 472/15/525
f 473/15/526 421/15/526 474/15/526
f 479/15/527 421/15/527 473/15/527
f 474/15/528 421/15/528 477/15/528
f 253/15/529 421/15/529 254/15/529
f 251/15/530 421/15/530 253/15/530
f 475/15/531 421/15/531 251/15/531
f 477/15/532 421/15/532 475/15/532
f 416/15/533 421/15/533 476/15/533
f 478/15/534 421/15/534 479/15/534
f 478/15/535 479/15/535 480/15/535
f 480/15/536 479/15/536 473/15/536
f 481/15/537 480/15/537 482/15/537
f 483/15/538 480/15/539 481/15/538
f 480/15/536 473/15/536 482/15/536
f 478/15/535 480/15/535 483/15/535
f 411/15/540 483/15/540 409/15/540
f 483/15/538 481/15/538 409/15/538
f 472/15/541 478/15/541 483/15/541
f 472/15/541 483/15/541 411/15/541
f 19/15/10 482/15/10 20/15/10
f 473/15/542 20/15/542 482/15/542
f 481/15/537 482/15/537 19/15/537
f 484/15/543 481/15/543 19/15/543
f 409/15/544 481/15/544 484/15/544
f 409/15/544 484/15/544 405/15/544
f 403/15/545 484/15/545 24/15/545
f 405/15/435 484/15/435 403/15/435
f 484/15/543 19/15/543 24/15/543
f 249/15/546 477/15/546 475/15/546
f 20/15/547 477/15/547 249/15/547
f 20/15/547 474/15/547 477/15/547
f 416/15/444 476/15/444 412/15/444
f 412/15/548 476/15/548 472/15/548
f 248/15/265 475/15/265 251/15/265
f 249/15/546 475/15/546 248/15/546
f 473/15/542 474/15/542 20/15/542
f 412/15/548 472/15/548 411/15/548
f 419/15/522 413/15/522 414/15/522
f 383/15/549 414/15/549 408/15/549
f 411/15/540 409/15/540 407/15/540
f 383/15/549 408/15/549 385/15/549
f 403/15/545 24/15/545 22/15/545
f 403/15/433 22/15/433 400/15/433
f 401/15/550 400/15/550 485/15/550
f 401/15/550 485/15/550 487/15/550
f 401/15/551 487/15/551 486/15/551
f 401/15/551 486/15/551 399/15/551
f 487/15/552 489/15/552 486/15/553
f 487/15/554 485/15/554 27/15/554
f 487/15/554 27/15/554 488/15/554
f 487/15/552 488/15/552 489/15/552
f 488/15/555 47/15/555 489/15/555
f 53/15/37 489/15/37 47/15/37
f 57/15/556 489/15/556 53/15/556
f 57/15/556 486/15/557 489/15/556
f 488/15/555 31/15/558 47/15/555
f 27/15/18 31/15/18 488/15/18
f 490/15/559 399/15/559 486/15/559
f 490/15/559 486/15/559 57/15/559
f 397/15/560 399/15/560 490/15/560
f 397/15/561 490/15/561 70/15/561
f 490/15/562 55/15/562 70/15/562
f 490/15/562 57/15/562 55/15/562
f 22/15/563 23/15/563 485/15/563
f 22/15/563 485/15/563 400/15/563
f 23/15/13 27/15/13 485/15/13
f 397/15/560 396/15/564 399/15/560
f 397/15/561 70/15/561 68/15/561
f 395/15/565 397/15/565 68/15/565
f 394/15/566 395/15/566 72/15/566
f 395/15/565 68/15/565 72/15/565
f 492/15/567 394/15/567 491/15/567
f 394/15/566 72/15/566 491/15/566
f 392/15/568 390/15/568 394/15/568
f 392/15/568 394/15/568 492/15/568
f 493/15/569 392/15/569 492/15/569
f 493/15/569 492/15/569 494/15/569
f 492/15/567 491/15/567 495/15/567
f 496/15/570 494/15/570 492/15/570
f 496/15/570 492/15/570 495/15/570
f 373/15/571 494/15/571 496/15/571
f 373/15/571 496/15/571 371/15/571
f 497/15/572 496/15/572 495/15/572
f 369/15/573 496/15/573 497/15/574
f 369/15/573 371/15/573 496/15/573
f 497/15/575 75/15/575 77/15/575
f 497/15/575 77/15/575 81/15/575
f 366/15/576 369/15/576 497/15/576
f 366/15/576 497/15/576 81/15/576
f 497/15/572 495/15/572 75/15/572
f 75/15/577 495/15/577 491/15/577
f 376/15/578 493/15/578 494/15/578
f 376/15/578 494/15/578 373/15/578
f 376/15/413 379/15/413 493/15/413
f 493/15/579 379/15/579 381/15/579
f 493/15/579 381/15/579 392/15/579
f 73/15/53 491/15/53 72/15/53
f 75/15/577 491/15/577 73/15/577
f 334/15/523 382/15/523 378/15/523
f 375/15/411 334/15/411 378/15/411
f 333/15/348 334/15/348 375/15/348
f 345/15/580 367/15/580 363/15/580
f 345/15/362 343/15/362 367/15/362
f 85/15/63 366/15/63 81/15/63
f 359/15/393 498/15/393 363/15/393
f 345/15/580 363/15/580 498/15/580
f 347/15/364 345/15/364 498/15/364
f 350/15/581 347/15/581 498/15/581
f 350/15/581 498/15/581 359/15/581
f 286/15/378 290/15/378 351/15/378
f 296/15/313 337/15/313 295/15/313
f 305/15/321 323/15/321 301/15/321
f 304/15/330 315/15/330 305/15/330
f 277/15/582 309/15/582 307/15/582
f 275/15/293 309/15/293 277/15/293
f 277/15/582 307/15/582 280/15/582
f 281/15/583 280/15/583 302/15/583
f 281/15/583 302/15/583 299/15/584
f 281/15/302 299/15/585 284/15/302
f 299/15/315 289/15/315 284/15/315
f 143/15/300 283/15/300 140/15/300
f 20/15/8 249/15/8 18/15/8
f 220/15/295 142/15/295 145/15/295
f 208/15/586 216/15/586 210/15/587
f 208/15/586 207/15/586 216/15/586
f 169/15/588 212/15/588 157/15/588
f 212/15/589 153/15/589 157/15/589
f 212/15/589 152/15/589 153/15/589
f 41/15/24 42/15/24 202/15/590
f 169/15/588 157/15/588 162/15/588
f 166/15/193 160/15/193 161/15/193
f 161/15/139 92/15/139 96/15/139
f 95/15/194 161/15/194 96/15/194
f 158/15/591 119/15/591 93/15/591
f 158/15/591 155/15/591 119/15/591
f 155/15/132 124/15/132 121/15/132
f 119/15/102 155/15/102 121/15/102
f 152/15/214 148/15/214 150/15/214
f 123/15/592 149/15/592 138/15/592
f 149/15/126 137/15/126 138/15/126
f 123/15/592 138/15/592 125/15/592
f 131/15/373 109/15/373 94/15/373
f 82/15/593 103/15/593 90/15/593
f 82/15/593 83/15/593 103/15/593
f 88/15/64 87/15/64 102/15/64
f 101/15/391 88/15/391 102/15/391
f 83/15/179 78/15/179 76/15/179
f 76/15/176 69/15/176 66/15/176
f 59/15/43 70/15/43 55/15/43
f 50/15/153 44/15/153 45/15/153
f 47/15/32 31/15/594 34/15/32
f 18/15/263 28/15/263 25/15/263
s 0
f 806/15/595 980/15/595 519/15/595
f 503/15/401 512/15/401 513/15/401
f 972/15/596 506/15/596 973/15/596
f 976/15/400 513/15/400 514/15/400
f 973/15/447 507/15/447 499/15/447
f 504/15/398 514/15/398 515/15/398
f 499/15/519 508/15/519 974/15/519
f 977/15/396 515/15/396 516/15/396
f 974/15/520 509/15/520 500/15/520
f 978/15/394 516/15/394 517/15/394
f 500/15/523 510/15/523 975/15/523
f 979/15/66 517/15/66 518/15/66
f 975/15/411 511/15/411 501/15/411
f 980/15/64 518/15/64 519/15/64
f 501/15/597 512/15/597 502/15/597
f 972/15/450 580/15/450 505/15/450
f 519/15/65 533/15/65 534/15/65
f 511/15/598 527/15/598 512/15/598
f 505/15/449 580/15/449 520/15/449
f 806/15/70 519/15/70 534/15/70
f 513/15/578 527/15/578 528/15/578
f 505/15/599 521/15/599 506/15/599
f 514/15/571 528/15/571 529/15/571
f 506/15/446 522/15/446 507/15/446
f 515/15/573 529/15/573 530/15/573
f 507/15/522 523/15/522 508/15/522
f 516/15/576 530/15/576 531/15/576
f 508/15/521 524/15/521 509/15/521
f 517/15/63 531/15/63 532/15/63
f 509/15/416 525/15/416 510/15/416
f 518/15/62 532/15/62 533/15/62
f 510/15/412 526/15/412 511/15/412
f 522/15/443 538/15/443 523/15/443
f 531/15/575 545/15/575 546/15/575
f 523/15/549 539/15/549 524/15/549
f 532/15/60 546/15/60 547/15/60
f 524/15/417 540/15/417 525/15/417
f 533/15/59 547/15/59 548/15/59
f 525/15/414 541/15/414 526/15/414
f 534/15/69 548/15/69 549/15/69
f 526/15/600 542/15/600 527/15/600
f 520/15/533 580/15/533 535/15/533
f 806/15/67 534/15/67 549/15/67
f 528/15/601 542/15/601 543/15/601
f 520/15/602 536/15/602 521/15/602
f 529/15/570 543/15/570 544/15/570
f 521/15/442 537/15/442 522/15/442
f 530/15/572 544/15/572 545/15/572
f 541/15/423 557/15/423 542/15/423
f 535/15/525 580/15/525 550/15/525
f 806/15/88 549/15/88 564/15/88
f 543/15/568 557/15/568 558/15/568
f 535/15/603 551/15/603 536/15/603
f 544/15/567 558/15/567 559/15/567
f 536/15/440 552/15/440 537/15/440
f 545/15/577 559/15/577 560/15/577
f 537/15/438 553/15/438 538/15/438
f 546/15/55 560/15/55 561/15/55
f 538/15/604 554/15/604 539/15/604
f 547/15/57 561/15/57 562/15/57
f 539/15/418 555/15/418 540/15/418
f 548/15/61 562/15/61 563/15/61
f 540/15/419 556/15/419 541/15/419
f 549/15/605 563/15/605 564/15/605
f 561/15/54 575/15/54 576/15/54
f 553/15/434 569/15/434 554/15/434
f 562/15/56 576/15/56 577/15/56
f 554/15/421 570/15/421 555/15/421
f 563/15/179 577/15/179 578/15/179
f 555/15/420 571/15/420 556/15/420
f 564/15/606 578/15/606 579/15/606
f 556/15/607 572/15/607 557/15/607
f 550/15/524 580/15/524 565/15/524
f 806/15/89 564/15/89 579/15/89
f 558/15/608 572/15/608 573/15/608
f 550/15/609 566/15/609 551/15/609
f 559/15/566 573/15/566 574/15/566
f 551/15/540 567/15/540 552/15/540
f 560/15/53 574/15/53 575/15/53
f 552/15/437 568/15/437 553/15/437
f 806/15/90 579/15/90 595/15/90
f 573/15/425 588/15/425 589/15/425
f 565/15/610 582/15/610 566/15/610
f 574/15/565 589/15/565 590/15/565
f 566/15/538 583/15/538 567/15/538
f 575/15/51 590/15/51 591/15/51
f 567/15/544 584/15/544 568/15/544
f 576/15/52 591/15/52 592/15/52
f 568/15/435 585/15/435 569/15/435
f 577/15/176 592/15/176 593/15/176
f 569/15/432 586/15/432 570/15/432
f 578/15/174 593/15/174 594/15/174
f 570/15/430 587/15/430 571/15/430
f 579/15/611 594/15/611 595/15/611
f 571/15/612 588/15/612 572/15/612
f 565/15/534 580/15/534 581/15/534
f 593/15/49 607/15/49 608/15/49
f 585/15/613 601/15/613 586/15/613
f 594/15/172 608/15/172 609/15/172
f 586/15/431 602/15/431 587/15/431
f 595/15/614 609/15/614 610/15/614
f 587/15/428 603/15/428 588/15/428
f 581/15/527 580/15/527 596/15/527
f 806/15/91 595/15/91 610/15/91
f 589/15/564 603/15/564 604/15/564
f 581/15/615 597/15/615 582/15/615
f 590/15/561 604/15/561 605/15/561
f 582/15/616 598/15/616 583/15/616
f 591/15/50 605/15/50 606/15/50
f 583/15/543 599/15/543 584/15/543
f 592/15/48 606/15/48 607/15/48
f 584/15/545 600/15/545 585/15/545
f 596/15/617 612/15/617 597/15/617
f 605/15/562 619/15/562 620/15/562
f 597/15/10 613/15/10 598/15/10
f 606/15/43 620/15/43 621/15/43
f 598/15/9 614/15/9 599/15/9
f 607/15/45 621/15/45 622/15/45
f 599/15/11 615/15/11 600/15/11
f 608/15/46 622/15/46 623/15/46
f 600/15/563 616/15/563 601/15/563
f 609/15/169 623/15/169 624/15/169
f 601/15/550 617/15/550 602/15/550
f 610/15/170 624/15/170 625/15/170
f 602/15/618 618/15/618 603/15/618
f 596/15/526 580/15/526 611/15/526
f 806/15/92 610/15/92 625/15/92
f 604/15/619 618/15/619 619/15/619
f 616/15/13 630/15/13 631/15/13
f 623/15/167 639/15/167 624/15/167
f 617/15/554 631/15/554 632/15/554
f 624/15/168 640/15/168 625/15/168
f 618/15/552 632/15/552 633/15/552
f 611/15/528 580/15/528 626/15/528
f 806/15/93 625/15/93 640/15/93
f 618/15/556 634/15/556 619/15/556
f 612/15/620 626/15/620 627/15/620
f 619/15/41 635/15/41 620/15/41
f 613/15/8 627/15/8 628/15/8
f 620/15/40 636/15/40 621/15/40
f 614/15/7 628/15/7 629/15/7
f 621/15/44 637/15/44 622/15/44
f 615/15/12 629/15/12 630/15/12
f 622/15/47 638/15/47 623/15/47
f 634/15/39 650/15/39 635/15/39
f 628/15/262 642/15/262 643/15/262
f 635/15/621 651/15/621 636/15/621
f 629/15/263 643/15/263 644/15/263
f 636/15/180 652/15/180 637/15/180
f 630/15/14 644/15/14 645/15/14
f 637/15/163 653/15/163 638/15/163
f 631/15/622 645/15/622 646/15/622
f 638/15/623 654/15/623 639/15/623
f 632/15/18 646/15/18 647/15/18
f 639/15/165 655/15/165 640/15/165
f 633/15/558 647/15/558 648/15/558
f 626/15/532 580/15/532 641/15/532
f 806/15/82 640/15/82 655/15/82
f 633/15/37 649/15/37 634/15/37
f 627/15/624 641/15/624 642/15/624
f 653/15/161 669/15/161 654/15/161
f 647/15/17 661/15/17 662/15/17
f 654/15/166 670/15/166 655/15/166
f 648/15/32 662/15/32 663/15/32
f 641/15/531 580/15/531 656/15/531
f 806/15/625 655/15/625 670/15/625
f 648/15/34 664/15/34 649/15/34
f 642/15/626 656/15/626 657/15/626
f 649/15/35 665/15/35 650/15/35
f 643/15/260 657/15/260 658/15/260
f 650/15/182 666/15/182 651/15/182
f 644/15/257 658/15/257 659/15/257
f 651/15/627 667/15/627 652/15/627
f 645/15/258 659/15/258 660/15/258
f 652/15/159 668/15/159 653/15/159
f 646/15/16 660/15/16 661/15/16
f 658/15/266 672/15/266 673/15/266
f 665/15/197 681/15/197 666/15/197
f 659/15/253 673/15/253 674/15/253
f 666/15/156 682/15/156 667/15/156
f 660/15/255 674/15/255 675/15/255
f 667/15/158 683/15/158 668/15/158
f 661/15/19 675/15/19 676/15/19
f 668/15/160 684/15/160 669/15/160
f 662/15/20 676/15/20 677/15/20
f 669/15/183 685/15/183 670/15/183
f 663/15/628 677/15/628 678/15/628
f 656/15/530 580/15/530 671/15/530
f 806/15/79 670/15/79 685/15/79
f 663/15/28 679/15/28 664/15/28
f 657/15/629 671/15/629 672/15/629
f 664/15/36 680/15/36 665/15/36
f 677/15/22 691/15/22 692/15/22
f 684/15/630 700/15/630 685/15/630
f 678/15/25 692/15/25 693/15/25
f 671/15/529 580/15/529 686/15/529
f 806/15/78 685/15/78 700/15/78
f 678/15/29 694/15/29 679/15/29
f 672/15/631 686/15/631 687/15/631
f 679/15/153 695/15/153 680/15/153
f 673/15/268 687/15/268 688/15/268
f 680/15/152 696/15/152 681/15/152
f 674/15/251 688/15/251 689/15/251
f 681/15/155 697/15/155 682/15/155
f 675/15/252 689/15/252 690/15/252
f 682/15/157 698/15/157 683/15/157
f 676/15/21 690/15/21 691/15/21
f 683/15/184 699/15/184 684/15/184
f 695/15/149 711/15/149 696/15/149
f 689/15/250 703/15/250 704/15/250
f 696/15/154 712/15/154 697/15/154
f 690/15/248 704/15/248 705/15/248
f 697/15/196 713/15/196 698/15/196
f 691/15/247 705/15/247 706/15/247
f 698/15/189 714/15/189 699/15/189
f 692/15/23 706/15/23 707/15/23
f 699/15/632 715/15/632 700/15/632
f 693/15/24 707/15/24 708/15/24
f 686/15/496 580/15/496 701/15/496
f 806/15/80 700/15/80 715/15/80
f 693/15/633 709/15/633 694/15/633
f 687/15/634 701/15/634 702/15/634
f 694/15/151 710/15/151 695/15/151
f 688/15/270 702/15/270 703/15/270
f 714/15/192 730/15/192 715/15/192
f 708/15/243 722/15/243 723/15/243
f 701/15/494 580/15/494 716/15/494
f 806/15/77 715/15/77 730/15/77
f 708/15/200 724/15/200 709/15/200
f 702/15/635 716/15/635 717/15/635
f 709/15/150 725/15/150 710/15/150
f 703/15/272 717/15/272 718/15/272
f 710/15/147 726/15/147 711/15/147
f 704/15/274 718/15/274 719/15/274
f 711/15/146 727/15/146 712/15/146
f 705/15/249 719/15/249 720/15/249
f 712/15/195 728/15/195 713/15/195
f 706/15/246 720/15/246 721/15/246
f 713/15/190 729/15/190 714/15/190
f 707/15/241 721/15/241 722/15/241
f 726/15/142 742/15/142 727/15/142
f 720/15/276 734/15/276 735/15/276
f 727/15/141 743/15/141 728/15/141
f 721/15/244 735/15/244 736/15/244
f 728/15/193 744/15/193 729/15/193
f 722/15/237 736/15/237 737/15/237
f 729/15/636 745/15/636 730/15/636
f 723/15/637 737/15/637 738/15/637
f 716/15/493 580/15/493 731/15/493
f 806/15/76 730/15/76 745/15/76
f 723/15/202 739/15/202 724/15/202
f 717/15/638 731/15/638 732/15/638
f 724/15/203 740/15/203 725/15/203
f 718/15/490 732/15/490 733/15/490
f 725/15/145 741/15/145 726/15/145
f 719/15/275 733/15/275 734/15/275
f 731/15/497 580/15/497 746/15/497
f 806/15/72 745/15/72 760/15/72
f 739/15/204 753/15/204 754/15/204
f 731/15/639 747/15/639 732/15/639
f 740/15/207 754/15/207 755/15/207
f 732/15/488 748/15/488 733/15/488
f 741/15/144 755/15/144 756/15/144
f 733/15/489 749/15/489 734/15/489
f 742/15/143 756/15/143 757/15/143
f 734/15/277 750/15/277 735/15/277
f 743/15/137 757/15/137 758/15/137
f 735/15/278 751/15/278 736/15/278
f 744/15/136 758/15/136 759/15/136
f 736/15/235 752/15/235 737/15/235
f 745/15/640 759/15/640 760/15/640
f 737/15/236 753/15/236 738/15/236
f 749/15/641 765/15/641 750/15/641
f 758/15/134 772/15/134 773/15/134
f 750/15/281 766/15/281 751/15/281
f 759/15/135 773/15/135 774/15/135
f 751/15/232 767/15/232 752/15/232
f 760/15/140 774/15/140 775/15/140
f 752/15/234 768/15/234 753/15/234
f 746/15/499 580/15/499 761/15/499
f 806/15/71 760/15/71 775/15/71
f 754/15/586 768/15/586 769/15/586
f 746/15/642 762/15/642 747/15/642
f 755/15/208 769/15/208 770/15/208
f 747/15/485 763/15/485 748/15/485
f 756/15/209 770/15/209 771/15/209
f 748/15/487 764/15/487 749/15/487
f 757/15/643 771/15/643 772/15/643
f 769/15/215 783/15/215 784/15/215
f 761/15/644 777/15/644 762/15/644
f 770/15/211 784/15/211 785/15/211
f 762/15/483 778/15/483 763/15/483
f 771/15/212 785/15/212 786/15/212
f 763/15/484 779/15/484 764/15/484
f 772/15/589 786/15/589 787/15/589
f 764/15/282 780/15/282 765/15/282
f 773/15/131 787/15/131 788/15/131
f 765/15/283 781/15/283 766/15/283
f 774/15/645 788/15/645 789/15/645
f 766/15/229 782/15/229 767/15/229
f 775/15/646 789/15/646 790/15/646
f 767/15/230 783/15/230 768/15/230
f 761/15/501 580/15/501 776/15/501
f 806/15/73 775/15/73 790/15/73
f 788/15/130 802/15/130 803/15/130
f 780/15/285 796/15/285 781/15/285
f 789/15/132 803/15/132 804/15/132
f 781/15/227 797/15/227 782/15/227
f 790/15/647 804/15/647 805/15/647
f 782/15/228 798/15/228 783/15/228
f 776/15/503 580/15/503 791/15/503
f 806/15/100 790/15/100 805/15/100
f 784/15/217 798/15/217 799/15/217
f 776/15/648 792/15/648 777/15/648
f 785/15/213 799/15/213 800/15/213
f 777/15/480 793/15/480 778/15/480
f 786/15/214 800/15/214 801/15/214
f 778/15/482 794/15/482 779/15/482
f 787/15/128 801/15/128 802/15/128
f 779/15/284 795/15/284 780/15/284
f 791/15/649 808/15/649 792/15/649
f 800/15/219 815/15/219 816/15/219
f 792/15/479 809/15/479 793/15/479
f 801/15/125 816/15/125 817/15/125
f 793/15/481 810/15/481 794/15/481
f 802/15/127 817/15/127 818/15/127
f 794/15/286 811/15/286 795/15/286
f 803/15/129 818/15/129 819/15/129
f 795/15/287 812/15/287 796/15/287
f 804/15/105 819/15/105 820/15/105
f 796/15/224 813/15/224 797/15/224
f 805/15/650 820/15/650 821/15/650
f 797/15/651 814/15/651 798/15/651
f 791/15/476 580/15/476 807/15/476
f 806/15/99 805/15/99 821/15/99
f 799/15/218 814/15/218 815/15/218
f 811/15/289 827/15/289 812/15/289
f 820/15/103 834/15/103 835/15/103
f 812/15/225 828/15/225 813/15/225
f 821/15/106 835/15/106 836/15/106
f 813/15/222 829/15/222 814/15/222
f 807/15/473 580/15/473 822/15/473
f 806/15/652 821/15/652 836/15/652
f 815/15/220 829/15/220 830/15/220
f 807/15/653 823/15/653 808/15/653
f 816/15/123 830/15/123 831/15/123
f 808/15/478 824/15/478 809/15/478
f 817/15/124 831/15/124 832/15/124
f 809/15/504 825/15/504 810/15/504
f 818/15/126 832/15/126 833/15/126
f 810/15/288 826/15/288 811/15/288
f 819/15/592 833/15/592 834/15/592
f 831/15/122 845/15/122 846/15/122
f 823/15/506 839/15/506 824/15/506
f 832/15/654 846/15/654 847/15/654
f 824/15/505 840/15/505 825/15/505
f 833/15/117 847/15/117 848/15/117
f 825/15/508 841/15/508 826/15/508
f 834/15/118 848/15/118 849/15/118
f 826/15/655 842/15/655 827/15/655
f 835/15/656 849/15/656 850/15/656
f 827/15/291 843/15/291 828/15/291
f 836/15/108 850/15/108 851/15/108
f 828/15/657 844/15/657 829/15/657
f 822/15/471 580/15/471 837/15/471
f 806/15/658 836/15/658 851/15/658
f 830/15/659 844/15/659 845/15/659
f 822/15/660 838/15/660 823/15/660
f 850/15/109 864/15/109 865/15/109
f 842/15/293 858/15/293 843/15/293
f 851/15/110 865/15/110 866/15/110
f 843/15/661 859/15/661 844/15/661
f 837/15/469 580/15/469 852/15/469
f 806/15/96 851/15/96 866/15/96
f 845/15/662 859/15/662 860/15/662
f 837/15/663 853/15/663 838/15/663
f 846/15/121 860/15/121 861/15/121
f 838/15/511 854/15/511 839/15/511
f 847/15/119 861/15/119 862/15/119
f 839/15/509 855/15/509 840/15/509
f 848/15/116 862/15/116 863/15/116
f 840/15/507 856/15/507 841/15/507
f 849/15/114 863/15/114 864/15/114
f 841/15/510 857/15/510 842/15/510
f 861/15/307 877/15/307 862/15/307
f 855/15/329 869/15/329 870/15/329
f 862/15/115 878/15/115 863/15/115
f 856/15/326 870/15/326 871/15/326
f 863/15/113 879/15/113 864/15/113
f 857/15/325 871/15/325 872/15/325
f 864/15/112 880/15/112 865/15/112
f 858/15/582 872/15/582 873/15/582
f 865/15/111 881/15/111 866/15/111
f 859/15/664 873/15/664 874/15/664
f 852/15/467 580/15/467 867/15/467
f 806/15/75 866/15/75 881/15/75
f 859/15/665 875/15/665 860/15/665
f 853/15/666 867/15/666 868/15/666
f 860/15/300 876/15/300 861/15/300
f 854/15/512 868/15/512 869/15/512
f 880/15/373 896/15/373 881/15/373
f 874/15/584 888/15/584 889/15/584
f 867/15/465 580/15/465 882/15/465
f 806/15/74 881/15/74 896/15/74
f 874/15/585 890/15/585 875/15/585
f 868/15/667 882/15/667 883/15/667
f 875/15/301 891/15/301 876/15/301
f 869/15/332 883/15/332 884/15/332
f 876/15/304 892/15/304 877/15/304
f 870/15/328 884/15/328 885/15/328
f 877/15/308 893/15/308 878/15/308
f 871/15/327 885/15/327 886/15/327
f 878/15/377 894/15/377 879/15/377
f 872/15/323 886/15/323 887/15/323
f 879/15/376 895/15/376 880/15/376
f 873/15/322 887/15/322 888/15/322
f 885/15/331 899/15/331 900/15/331
f 892/15/378 908/15/378 893/15/378
f 886/15/330 900/15/330 901/15/330
f 893/15/372 909/15/372 894/15/372
f 887/15/320 901/15/320 902/15/320
f 894/15/371 910/15/371 895/15/371
f 888/15/319 902/15/319 903/15/319
f 895/15/668 911/15/668 896/15/668
f 889/15/669 903/15/669 904/15/669
f 882/15/463 580/15/463 897/15/463
f 806/15/94 896/15/94 911/15/94
f 889/15/315 905/15/315 890/15/315
f 883/15/670 897/15/670 898/15/670
f 890/15/305 906/15/305 891/15/305
f 884/15/333 898/15/333 899/15/333
f 891/15/303 907/15/303 892/15/303
f 904/15/671 918/15/671 919/15/671
f 897/15/464 580/15/464 912/15/464
f 806/15/95 911/15/95 926/15/95
f 904/15/314 920/15/314 905/15/314
f 898/15/672 912/15/672 913/15/672
f 905/15/309 921/15/309 906/15/309
f 899/15/335 913/15/335 914/15/335
f 906/15/310 922/15/310 907/15/310
f 900/15/336 914/15/336 915/15/336
f 907/15/673 923/15/673 908/15/673
f 901/15/338 915/15/338 916/15/338
f 908/15/368 924/15/368 909/15/368
f 902/15/321 916/15/321 917/15/321
f 909/15/370 925/15/370 910/15/370
f 903/15/318 917/15/318 918/15/318
f 910/15/674 926/15/674 911/15/674
f 922/15/365 938/15/365 923/15/365
f 916/15/340 930/15/340 931/15/340
f 923/15/367 939/15/367 924/15/367
f 917/15/356 931/15/356 932/15/356
f 924/15/381 940/15/381 925/15/381
f 918/15/355 932/15/355 933/15/355
f 925/15/675 941/15/675 926/15/675
f 919/15/676 933/15/676 934/15/676
f 912/15/457 580/15/457 927/15/457
f 806/15/84 926/15/84 941/15/84
f 919/15/313 935/15/313 920/15/313
f 913/15/677 927/15/677 928/15/677
f 920/15/312 936/15/312 921/15/312
f 914/15/460 928/15/460 929/15/460
f 921/15/311 937/15/311 922/15/311
f 915/15/337 929/15/337 930/15/337
f 927/15/455 580/15/455 942/15/455
f 806/15/83 941/15/83 956/15/83
f 934/15/678 950/15/678 935/15/678
f 928/15/679 942/15/679 943/15/679
f 935/15/360 951/15/360 936/15/360
f 929/15/459 943/15/459 944/15/459
f 936/15/363 952/15/363 937/15/363
f 930/15/342 944/15/342 945/15/342
f 937/15/364 953/15/364 938/15/364
f 931/15/343 945/15/343 946/15/343
f 938/15/581 954/15/581 939/15/581
f 932/15/344 946/15/344 947/15/344
f 939/15/383 955/15/383 940/15/383
f 933/15/353 947/15/353 948/15/353
f 940/15/680 956/15/680 941/15/680
f 934/15/352 948/15/352 949/15/352
f 946/15/346 960/15/346 961/15/346
f 953/15/393 969/15/393 954/15/393
f 947/15/345 961/15/345 962/15/345
f 954/15/386 970/15/386 955/15/386
f 948/15/349 962/15/349 963/15/349
f 955/15/387 971/15/387 956/15/387
f 949/15/350 963/15/350 964/15/350
f 942/15/454 580/15/454 957/15/454
f 806/15/86 956/15/86 971/15/86
f 949/15/359 965/15/359 950/15/359
f 943/15/681 957/15/681 958/15/681
f 950/15/361 966/15/361 951/15/361
f 944/15/514 958/15/514 959/15/514
f 951/15/362 967/15/362 952/15/362
f 945/15/513 959/15/513 960/15/513
f 952/15/580 968/15/580 953/15/580
f 964/15/403 503/15/403 965/15/403
f 958/15/682 972/15/682 973/15/682
f 965/15/399 976/15/399 966/15/399
f 959/15/517 973/15/517 499/15/517
f 966/15/397 504/15/397 967/15/397
f 960/15/516 499/15/516 974/15/516
f 967/15/395 977/15/395 968/15/395
f 961/15/518 974/15/518 500/15/518
f 968/15/683 978/15/683 969/15/683
f 962/15/347 500/15/347 975/15/347
f 969/15/390 979/15/390 970/15/390
f 963/15/348 975/15/348 501/15/348
f 970/15/684 980/15/684 971/15/684
f 964/15/685 501/15/685 502/15/685
f 957/15/452 580/15/452 972/15/452
f 806/15/686 971/15/686 980/15/686
f 1288/15/595 1462/15/595 1001/15/595
f 985/15/401 994/15/401 995/15/401
f 1454/15/596 988/15/596 1455/15/596
f 1458/15/400 995/15/400 996/15/400
f 1455/15/447 989/15/447 981/15/447
f 986/15/398 996/15/398 997/15/398
f 981/15/519 990/15/519 1456/15/519
f 1459/15/396 997/15/396 998/15/396
f 1456/15/520 991/15/520 982/15/520
f 1460/15/394 998/15/394 999/15/394
f 982/15/523 992/15/523 1457/15/523
f 1461/15/66 999/15/66 1000/15/66
f 1457/15/411 993/15/411 983/15/411
f 1462/15/687 1000/15/687 1001/15/687
f 983/15/597 994/15/597 984/15/597
f 1454/15/450 1062/15/450 987/15/450
f 1001/15/688 1015/15/688 1016/15/688
f 993/15/598 1009/15/598 994/15/598
f 987/15/449 1062/15/449 1002/15/449
f 1288/15/70 1001/15/70 1016/15/70
f 995/15/578 1009/15/578 1010/15/578
f 987/15/599 1003/15/599 988/15/599
f 996/15/571 1010/15/571 1011/15/571
f 988/15/446 1004/15/446 989/15/446
f 997/15/573 1011/15/573 1012/15/573
f 989/15/522 1005/15/522 990/15/522
f 998/15/576 1012/15/576 1013/15/576
f 990/15/689 1006/15/689 991/15/689
f 999/15/63 1013/15/63 1014/15/63
f 991/15/416 1007/15/416 992/15/416
f 1000/15/62 1014/15/62 1015/15/62
f 992/15/412 1008/15/412 993/15/412
f 1004/15/443 1020/15/443 1005/15/443
f 1013/15/575 1027/15/575 1028/15/575
f 1005/15/549 1021/15/549 1006/15/549
f 1014/15/60 1028/15/60 1029/15/60
f 1006/15/417 1022/15/417 1007/15/417
f 1015/15/59 1029/15/59 1030/15/59
f 1007/15/414 1023/15/414 1008/15/414
f 1016/15/69 1030/15/69 1031/15/69
f 1008/15/579 1024/15/579 1009/15/579
f 1002/15/533 1062/15/533 1017/15/533
f 1288/15/67 1016/15/67 1031/15/67
f 1010/15/601 1024/15/601 1025/15/601
f 1002/15/602 1018/15/602 1003/15/602
f 1011/15/570 1025/15/570 1026/15/570
f 1003/15/442 1019/15/442 1004/15/442
f 1012/15/572 1026/15/572 1027/15/572
f 1023/15/423 1039/15/423 1024/15/423
f 1017/15/525 1062/15/525 1032/15/525
f 1288/15/88 1031/15/88 1046/15/88
f 1025/15/568 1039/15/568 1040/15/568
f 1017/15/603 1033/15/603 1018/15/603
f 1026/15/567 1040/15/567 1041/15/567
f 1018/15/440 1034/15/440 1019/15/440
f 1027/15/577 1041/15/577 1042/15/577
f 1019/15/438 1035/15/438 1020/15/438
f 1028/15/55 1042/15/55 1043/15/55
f 1020/15/604 1036/15/604 1021/15/604
f 1029/15/57 1043/15/57 1044/15/57
f 1021/15/418 1037/15/418 1022/15/418
f 1030/15/61 1044/15/61 1045/15/61
f 1022/15/419 1038/15/419 1023/15/419
f 1031/15/605 1045/15/605 1046/15/605
f 1043/15/54 1057/15/54 1058/15/54
f 1035/15/434 1051/15/434 1036/15/434
f 1044/15/56 1058/15/56 1059/15/56
f 1036/15/421 1052/15/421 1037/15/421
f 1045/15/179 1059/15/179 1060/15/179
f 1037/15/420 1053/15/420 1038/15/420
f 1046/15/177 1060/15/177 1061/15/177
f 1038/15/607 1054/15/607 1039/15/607
f 1032/15/524 1062/15/524 1047/15/524
f 1288/15/89 1046/15/89 1061/15/89
f 1040/15/608 1054/15/608 1055/15/608
f 1032/15/609 1048/15/609 1033/15/609
f 1041/15/566 1055/15/566 1056/15/566
f 1033/15/540 1049/15/540 1034/15/540
f 1042/15/53 1056/15/53 1057/15/53
f 1034/15/437 1050/15/437 1035/15/437
f 1288/15/90 1061/15/90 1077/15/90
f 1055/15/425 1070/15/425 1071/15/425
f 1047/15/690 1064/15/690 1048/15/690
f 1056/15/565 1071/15/565 1072/15/565
f 1048/15/539 1065/15/539 1049/15/539
f 1057/15/51 1072/15/51 1073/15/51
f 1049/15/544 1066/15/544 1050/15/544
f 1058/15/52 1073/15/52 1074/15/52
f 1050/15/435 1067/15/435 1051/15/435
f 1059/15/176 1074/15/176 1075/15/176
f 1051/15/432 1068/15/432 1052/15/432
f 1060/15/174 1075/15/174 1076/15/174
f 1052/15/430 1069/15/430 1053/15/430
f 1061/15/691 1076/15/691 1077/15/691
f 1053/15/612 1070/15/612 1054/15/612
f 1047/15/534 1062/15/534 1063/15/534
f 1075/15/49 1089/15/49 1090/15/49
f 1067/15/613 1083/15/613 1068/15/613
f 1076/15/172 1090/15/172 1091/15/172
f 1068/15/431 1084/15/431 1069/15/431
f 1077/15/171 1091/15/171 1092/15/171
f 1069/15/429 1085/15/429 1070/15/429
f 1063/15/527 1062/15/527 1078/15/527
f 1288/15/91 1077/15/91 1092/15/91
f 1071/15/564 1085/15/564 1086/15/564
f 1063/15/615 1079/15/615 1064/15/615
f 1072/15/561 1086/15/561 1087/15/561
f 1064/15/616 1080/15/616 1065/15/616
f 1073/15/50 1087/15/50 1088/15/50
f 1065/15/543 1081/15/543 1066/15/543
f 1074/15/48 1088/15/48 1089/15/48
f 1066/15/545 1082/15/545 1067/15/545
f 1078/15/617 1094/15/617 1079/15/617
f 1087/15/562 1101/15/562 1102/15/562
f 1079/15/10 1095/15/10 1080/15/10
f 1088/15/43 1102/15/43 1103/15/43
f 1080/15/9 1096/15/9 1081/15/9
f 1089/15/45 1103/15/45 1104/15/45
f 1081/15/11 1097/15/11 1082/15/11
f 1090/15/46 1104/15/46 1105/15/46
f 1082/15/563 1098/15/563 1083/15/563
f 1091/15/169 1105/15/169 1106/15/169
f 1083/15/550 1099/15/550 1084/15/550
f 1092/15/170 1106/15/170 1107/15/170
f 1084/15/692 1100/15/692 1085/15/692
f 1078/15/526 1062/15/526 1093/15/526
f 1288/15/92 1092/15/92 1107/15/92
f 1086/15/619 1100/15/619 1101/15/619
f 1098/15/13 1112/15/13 1113/15/13
f 1105/15/167 1121/15/167 1106/15/167
f 1099/15/554 1113/15/554 1114/15/554
f 1106/15/168 1122/15/168 1107/15/168
f 1100/15/552 1114/15/552 1115/15/552
f 1093/15/528 1062/15/528 1108/15/528
f 1288/15/93 1107/15/93 1122/15/93
f 1100/15/556 1116/15/556 1101/15/556
f 1094/15/620 1108/15/620 1109/15/620
f 1101/15/41 1117/15/41 1102/15/41
f 1095/15/8 1109/15/8 1110/15/8
f 1102/15/40 1118/15/40 1103/15/40
f 1096/15/7 1110/15/7 1111/15/7
f 1103/15/44 1119/15/44 1104/15/44
f 1097/15/12 1111/15/12 1112/15/12
f 1104/15/47 1120/15/47 1105/15/47
f 1116/15/39 1132/15/39 1117/15/39
f 1110/15/262 1124/15/262 1125/15/262
f 1117/15/621 1133/15/621 1118/15/621
f 1111/15/263 1125/15/263 1126/15/263
f 1118/15/180 1134/15/180 1119/15/180
f 1112/15/14 1126/15/14 1127/15/14
f 1119/15/163 1135/15/163 1120/15/163
f 1113/15/622 1127/15/622 1128/15/622
f 1120/15/623 1136/15/623 1121/15/623
f 1114/15/18 1128/15/18 1129/15/18
f 1121/15/693 1137/15/693 1122/15/693
f 1115/15/555 1129/15/555 1130/15/555
f 1108/15/532 1062/15/532 1123/15/532
f 1288/15/694 1122/15/694 1137/15/694
f 1115/15/37 1131/15/37 1116/15/37
f 1109/15/624 1123/15/624 1124/15/624
f 1135/15/161 1151/15/161 1136/15/161
f 1129/15/17 1143/15/17 1144/15/17
f 1136/15/166 1152/15/166 1137/15/166
f 1130/15/32 1144/15/32 1145/15/32
f 1123/15/531 1062/15/531 1138/15/531
f 1288/15/625 1137/15/625 1152/15/625
f 1130/15/31 1146/15/31 1131/15/31
f 1124/15/626 1138/15/626 1139/15/626
f 1131/15/35 1147/15/35 1132/15/35
f 1125/15/260 1139/15/260 1140/15/260
f 1132/15/182 1148/15/182 1133/15/182
f 1126/15/257 1140/15/257 1141/15/257
f 1133/15/627 1149/15/627 1134/15/627
f 1127/15/258 1141/15/258 1142/15/258
f 1134/15/159 1150/15/159 1135/15/159
f 1128/15/16 1142/15/16 1143/15/16
f 1140/15/266 1154/15/266 1155/15/266
f 1147/15/197 1163/15/197 1148/15/197
f 1141/15/253 1155/15/253 1156/15/253
f 1148/15/156 1164/15/156 1149/15/156
f 1142/15/255 1156/15/255 1157/15/255
f 1149/15/158 1165/15/158 1150/15/158
f 1143/15/19 1157/15/19 1158/15/19
f 1150/15/160 1166/15/160 1151/15/160
f 1144/15/20 1158/15/20 1159/15/20
f 1151/15/183 1167/15/183 1152/15/183
f 1145/15/628 1159/15/628 1160/15/628
f 1138/15/530 1062/15/530 1153/15/530
f 1288/15/79 1152/15/79 1167/15/79
f 1145/15/28 1161/15/28 1146/15/28
f 1139/15/629 1153/15/629 1154/15/629
f 1146/15/36 1162/15/36 1147/15/36
f 1159/15/22 1173/15/22 1174/15/22
f 1166/15/630 1182/15/630 1167/15/630
f 1160/15/26 1174/15/26 1175/15/26
f 1153/15/529 1062/15/529 1168/15/529
f 1288/15/78 1167/15/78 1182/15/78
f 1160/15/29 1176/15/29 1161/15/29
f 1154/15/631 1168/15/631 1169/15/631
f 1161/15/153 1177/15/153 1162/15/153
f 1155/15/268 1169/15/268 1170/15/268
f 1162/15/152 1178/15/152 1163/15/152
f 1156/15/251 1170/15/251 1171/15/251
f 1163/15/155 1179/15/155 1164/15/155
f 1157/15/252 1171/15/252 1172/15/252
f 1164/15/157 1180/15/157 1165/15/157
f 1158/15/21 1172/15/21 1173/15/21
f 1165/15/184 1181/15/184 1166/15/184
f 1177/15/149 1193/15/149 1178/15/149
f 1171/15/250 1185/15/250 1186/15/250
f 1178/15/154 1194/15/154 1179/15/154
f 1172/15/248 1186/15/248 1187/15/248
f 1179/15/196 1195/15/196 1180/15/196
f 1173/15/247 1187/15/247 1188/15/247
f 1180/15/189 1196/15/189 1181/15/189
f 1174/15/23 1188/15/23 1189/15/23
f 1181/15/695 1197/15/695 1182/15/695
f 1175/15/590 1189/15/590 1190/15/590
f 1168/15/496 1062/15/496 1183/15/496
f 1288/15/80 1182/15/80 1197/15/80
f 1175/15/633 1191/15/633 1176/15/633
f 1169/15/634 1183/15/634 1184/15/634
f 1176/15/151 1192/15/151 1177/15/151
f 1170/15/270 1184/15/270 1185/15/270
f 1196/15/696 1212/15/696 1197/15/696
f 1190/15/243 1204/15/243 1205/15/243
f 1183/15/494 1062/15/494 1198/15/494
f 1288/15/77 1197/15/77 1212/15/77
f 1190/15/200 1206/15/200 1191/15/200
f 1184/15/635 1198/15/635 1199/15/635
f 1191/15/150 1207/15/150 1192/15/150
f 1185/15/272 1199/15/272 1200/15/272
f 1192/15/147 1208/15/147 1193/15/147
f 1186/15/274 1200/15/274 1201/15/274
f 1193/15/146 1209/15/146 1194/15/146
f 1187/15/249 1201/15/249 1202/15/249
f 1194/15/195 1210/15/195 1195/15/195
f 1188/15/245 1202/15/245 1203/15/245
f 1195/15/190 1211/15/190 1196/15/190
f 1189/15/241 1203/15/241 1204/15/241
f 1208/15/142 1224/15/142 1209/15/142
f 1202/15/276 1216/15/276 1217/15/276
f 1209/15/141 1225/15/141 1210/15/141
f 1203/15/244 1217/15/244 1218/15/244
f 1210/15/193 1226/15/193 1211/15/193
f 1204/15/237 1218/15/237 1219/15/237
f 1211/15/697 1227/15/697 1212/15/697
f 1205/15/239 1219/15/239 1220/15/239
f 1198/15/493 1062/15/493 1213/15/493
f 1288/15/76 1212/15/76 1227/15/76
f 1205/15/202 1221/15/202 1206/15/202
f 1199/15/638 1213/15/638 1214/15/638
f 1206/15/203 1222/15/203 1207/15/203
f 1200/15/490 1214/15/490 1215/15/490
f 1207/15/145 1223/15/145 1208/15/145
f 1201/15/275 1215/15/275 1216/15/275
f 1213/15/497 1062/15/497 1228/15/497
f 1288/15/72 1227/15/72 1242/15/72
f 1221/15/204 1235/15/204 1236/15/204
f 1213/15/639 1229/15/639 1214/15/639
f 1222/15/207 1236/15/207 1237/15/207
f 1214/15/488 1230/15/488 1215/15/488
f 1223/15/144 1237/15/144 1238/15/144
f 1215/15/489 1231/15/489 1216/15/489
f 1224/15/143 1238/15/143 1239/15/143
f 1216/15/277 1232/15/277 1217/15/277
f 1225/15/137 1239/15/137 1240/15/137
f 1217/15/278 1233/15/278 1218/15/278
f 1226/15/136 1240/15/136 1241/15/136
f 1218/15/235 1234/15/235 1219/15/235
f 1227/15/640 1241/15/640 1242/15/640
f 1219/15/236 1235/15/236 1220/15/236
f 1231/15/641 1247/15/641 1232/15/641
f 1240/15/134 1254/15/134 1255/15/134
f 1232/15/280 1248/15/280 1233/15/280
f 1241/15/135 1255/15/135 1256/15/135
f 1233/15/232 1249/15/232 1234/15/232
f 1242/15/698 1256/15/698 1257/15/698
f 1234/15/233 1250/15/233 1235/15/233
f 1228/15/499 1062/15/499 1243/15/499
f 1288/15/71 1242/15/71 1257/15/71
f 1236/15/586 1250/15/586 1251/15/586
f 1228/15/642 1244/15/642 1229/15/642
f 1237/15/208 1251/15/208 1252/15/208
f 1229/15/485 1245/15/485 1230/15/485
f 1238/15/209 1252/15/209 1253/15/209
f 1230/15/487 1246/15/487 1231/15/487
f 1239/15/643 1253/15/643 1254/15/643
f 1251/15/215 1265/15/215 1266/15/215
f 1243/15/644 1259/15/644 1244/15/644
f 1252/15/211 1266/15/211 1267/15/211
f 1244/15/483 1260/15/483 1245/15/483
f 1253/15/212 1267/15/212 1268/15/212
f 1245/15/484 1261/15/484 1246/15/484
f 1254/15/589 1268/15/589 1269/15/589
f 1246/15/282 1262/15/282 1247/15/282
f 1255/15/131 1269/15/131 1270/15/131
f 1247/15/283 1263/15/283 1248/15/283
f 1256/15/645 1270/15/645 1271/15/645
f 1248/15/229 1264/15/229 1249/15/229
f 1257/15/646 1271/15/646 1272/15/646
f 1249/15/231 1265/15/231 1250/15/231
f 1243/15/501 1062/15/501 1258/15/501
f 1288/15/73 1257/15/73 1272/15/73
f 1270/15/130 1284/15/130 1285/15/130
f 1262/15/285 1278/15/285 1263/15/285
f 1271/15/132 1285/15/132 1286/15/132
f 1263/15/227 1279/15/227 1264/15/227
f 1272/15/647 1286/15/647 1287/15/647
f 1264/15/699 1280/15/699 1265/15/699
f 1258/15/503 1062/15/503 1273/15/503
f 1288/15/100 1272/15/100 1287/15/100
f 1266/15/217 1280/15/217 1281/15/217
f 1258/15/648 1274/15/648 1259/15/648
f 1267/15/213 1281/15/213 1282/15/213
f 1259/15/480 1275/15/480 1260/15/480
f 1268/15/214 1282/15/214 1283/15/214
f 1260/15/482 1276/15/482 1261/15/482
f 1269/15/128 1283/15/128 1284/15/128
f 1261/15/284 1277/15/284 1262/15/284
f 1273/15/649 1290/15/649 1274/15/649
f 1282/15/219 1297/15/219 1298/15/219
f 1274/15/479 1291/15/479 1275/15/479
f 1283/15/125 1298/15/125 1299/15/125
f 1275/15/481 1292/15/481 1276/15/481
f 1284/15/127 1299/15/127 1300/15/127
f 1276/15/286 1293/15/286 1277/15/286
f 1285/15/129 1300/15/129 1301/15/129
f 1277/15/287 1294/15/287 1278/15/287
f 1286/15/105 1301/15/105 1302/15/105
f 1278/15/224 1295/15/224 1279/15/224
f 1287/15/101 1302/15/101 1303/15/101
f 1279/15/651 1296/15/651 1280/15/651
f 1273/15/476 1062/15/476 1289/15/476
f 1288/15/99 1287/15/99 1303/15/99
f 1281/15/218 1296/15/218 1297/15/218
f 1293/15/289 1309/15/289 1294/15/289
f 1302/15/103 1316/15/103 1317/15/103
f 1294/15/225 1310/15/225 1295/15/225
f 1303/15/106 1317/15/106 1318/15/106
f 1295/15/222 1311/15/222 1296/15/222
f 1289/15/473 1062/15/473 1304/15/473
f 1288/15/652 1303/15/652 1318/15/652
f 1297/15/221 1311/15/221 1312/15/221
f 1289/15/700 1305/15/700 1290/15/700
f 1298/15/123 1312/15/123 1313/15/123
f 1290/15/478 1306/15/478 1291/15/478
f 1299/15/124 1313/15/124 1314/15/124
f 1291/15/504 1307/15/504 1292/15/504
f 1300/15/126 1314/15/126 1315/15/126
f 1292/15/288 1308/15/288 1293/15/288
f 1301/15/592 1315/15/592 1316/15/592
f 1313/15/122 1327/15/122 1328/15/122
f 1305/15/701 1321/15/701 1306/15/701
f 1314/15/654 1328/15/654 1329/15/654
f 1306/15/505 1322/15/505 1307/15/505
f 1315/15/117 1329/15/117 1330/15/117
f 1307/15/508 1323/15/508 1308/15/508
f 1316/15/118 1330/15/118 1331/15/118
f 1308/15/655 1324/15/655 1309/15/655
f 1317/15/107 1331/15/107 1332/15/107
f 1309/15/291 1325/15/291 1310/15/291
f 1318/15/702 1332/15/702 1333/15/702
f 1310/15/294 1326/15/294 1311/15/294
f 1304/15/471 1062/15/471 1319/15/471
f 1288/15/658 1318/15/658 1333/15/658
f 1312/15/659 1326/15/659 1327/15/659
f 1304/15/660 1320/15/660 1305/15/660
f 1332/15/109 1346/15/109 1347/15/109
f 1324/15/293 1340/15/293 1325/15/293
f 1333/15/703 1347/15/703 1348/15/703
f 1325/15/661 1341/15/661 1326/15/661
f 1319/15/469 1062/15/469 1334/15/469
f 1288/15/96 1333/15/96 1348/15/96
f 1327/15/662 1341/15/662 1342/15/662
f 1319/15/663 1335/15/663 1320/15/663
f 1328/15/121 1342/15/121 1343/15/121
f 1320/15/511 1336/15/511 1321/15/511
f 1329/15/119 1343/15/119 1344/15/119
f 1321/15/509 1337/15/509 1322/15/509
f 1330/15/116 1344/15/116 1345/15/116
f 1322/15/507 1338/15/507 1323/15/507
f 1331/15/114 1345/15/114 1346/15/114
f 1323/15/510 1339/15/510 1324/15/510
f 1343/15/307 1359/15/307 1344/15/307
f 1337/15/704 1351/15/704 1352/15/704
f 1344/15/115 1360/15/115 1345/15/115
f 1338/15/326 1352/15/326 1353/15/326
f 1345/15/113 1361/15/113 1346/15/113
f 1339/15/325 1353/15/325 1354/15/325
f 1346/15/112 1362/15/112 1347/15/112
f 1340/15/582 1354/15/582 1355/15/582
f 1347/15/111 1363/15/111 1348/15/111
f 1341/15/664 1355/15/664 1356/15/664
f 1334/15/467 1062/15/467 1349/15/467
f 1288/15/75 1348/15/75 1363/15/75
f 1341/15/665 1357/15/665 1342/15/665
f 1335/15/666 1349/15/666 1350/15/666
f 1342/15/300 1358/15/300 1343/15/300
f 1336/15/512 1350/15/512 1351/15/512
f 1362/15/705 1378/15/705 1363/15/705
f 1356/15/584 1370/15/584 1371/15/584
f 1349/15/465 1062/15/465 1364/15/465
f 1288/15/74 1363/15/74 1378/15/74
f 1356/15/585 1372/15/585 1357/15/585
f 1350/15/667 1364/15/667 1365/15/667
f 1357/15/301 1373/15/301 1358/15/301
f 1351/15/332 1365/15/332 1366/15/332
f 1358/15/304 1374/15/304 1359/15/304
f 1352/15/328 1366/15/328 1367/15/328
f 1359/15/308 1375/15/308 1360/15/308
f 1353/15/327 1367/15/327 1368/15/327
f 1360/15/377 1376/15/377 1361/15/377
f 1354/15/324 1368/15/324 1369/15/324
f 1361/15/375 1377/15/375 1362/15/375
f 1355/15/322 1369/15/322 1370/15/322
f 1367/15/331 1381/15/331 1382/15/331
f 1374/15/378 1390/15/378 1375/15/378
f 1368/15/330 1382/15/330 1383/15/330
f 1375/15/372 1391/15/372 1376/15/372
f 1369/15/320 1383/15/320 1384/15/320
f 1376/15/706 1392/15/706 1377/15/706
f 1370/15/319 1384/15/319 1385/15/319
f 1377/15/668 1393/15/668 1378/15/668
f 1371/15/707 1385/15/707 1386/15/707
f 1364/15/463 1062/15/463 1379/15/463
f 1288/15/94 1378/15/94 1393/15/94
f 1371/15/315 1387/15/315 1372/15/315
f 1365/15/670 1379/15/670 1380/15/670
f 1372/15/305 1388/15/305 1373/15/305
f 1366/15/333 1380/15/333 1381/15/333
f 1373/15/303 1389/15/303 1374/15/303
f 1386/15/671 1400/15/671 1401/15/671
f 1379/15/464 1062/15/464 1394/15/464
f 1288/15/95 1393/15/95 1408/15/95
f 1386/15/708 1402/15/708 1387/15/708
f 1380/15/672 1394/15/672 1395/15/672
f 1387/15/309 1403/15/309 1388/15/309
f 1381/15/335 1395/15/335 1396/15/335
f 1388/15/310 1404/15/310 1389/15/310
f 1382/15/336 1396/15/336 1397/15/336
f 1389/15/369 1405/15/369 1390/15/369
f 1383/15/338 1397/15/338 1398/15/338
f 1390/15/368 1406/15/368 1391/15/368
f 1384/15/321 1398/15/321 1399/15/321
f 1391/15/370 1407/15/370 1392/15/370
f 1385/15/318 1399/15/318 1400/15/318
f 1392/15/674 1408/15/674 1393/15/674
f 1404/15/365 1420/15/365 1405/15/365
f 1398/15/340 1412/15/340 1413/15/340
f 1405/15/367 1421/15/367 1406/15/367
f 1399/15/356 1413/15/356 1414/15/356
f 1406/15/381 1422/15/381 1407/15/381
f 1400/15/355 1414/15/355 1415/15/355
f 1407/15/675 1423/15/675 1408/15/675
f 1401/15/676 1415/15/676 1416/15/676
f 1394/15/457 1062/15/457 1409/15/457
f 1288/15/84 1408/15/84 1423/15/84
f 1401/15/313 1417/15/313 1402/15/313
f 1395/15/677 1409/15/677 1410/15/677
f 1402/15/312 1418/15/312 1403/15/312
f 1396/15/460 1410/15/460 1411/15/460
f 1403/15/311 1419/15/311 1404/15/311
f 1397/15/337 1411/15/337 1412/15/337
f 1409/15/455 1062/15/455 1424/15/455
f 1288/15/83 1423/15/83 1438/15/83
f 1416/15/709 1432/15/709 1417/15/709
f 1410/15/679 1424/15/679 1425/15/679
f 1417/15/360 1433/15/360 1418/15/360
f 1411/15/459 1425/15/459 1426/15/459
f 1418/15/363 1434/15/363 1419/15/363
f 1412/15/342 1426/15/342 1427/15/342
f 1419/15/364 1435/15/364 1420/15/364
f 1413/15/343 1427/15/343 1428/15/343
f 1420/15/581 1436/15/581 1421/15/581
f 1414/15/344 1428/15/344 1429/15/344
f 1421/15/383 1437/15/383 1422/15/383
f 1415/15/353 1429/15/353 1430/15/353
f 1422/15/385 1438/15/385 1423/15/385
f 1416/15/352 1430/15/352 1431/15/352
f 1428/15/346 1442/15/346 1443/15/346
f 1435/15/393 1451/15/393 1436/15/393
f 1429/15/345 1443/15/345 1444/15/345
f 1436/15/386 1452/15/386 1437/15/386
f 1430/15/349 1444/15/349 1445/15/349
f 1437/15/387 1453/15/387 1438/15/387
f 1431/15/350 1445/15/350 1446/15/350
f 1424/15/454 1062/15/454 1439/15/454
f 1288/15/86 1438/15/86 1453/15/86
f 1431/15/359 1447/15/359 1432/15/359
f 1425/15/681 1439/15/681 1440/15/681
f 1432/15/361 1448/15/361 1433/15/361
f 1426/15/514 1440/15/514 1441/15/514
f 1433/15/362 1449/15/362 1434/15/362
f 1427/15/513 1441/15/513 1442/15/513
f 1434/15/580 1450/15/580 1435/15/580
f 1446/15/403 985/15/403 1447/15/403
f 1440/15/682 1454/15/682 1455/15/682
f 1447/15/399 1458/15/399 1448/15/399
f 1441/15/517 1455/15/517 981/15/517
f 1448/15/397 986/15/397 1449/15/397
f 1442/15/516 981/15/516 1456/15/516
f 1449/15/395 1459/15/395 1450/15/395
f 1443/15/518 1456/15/518 982/15/518
f 1450/15/392 1460/15/392 1451/15/392
f 1444/15/347 982/15/347 1457/15/347
f 1451/15/390 1461/15/390 1452/15/390
f 1445/15/348 1457/15/348 983/15/348
f 1452/15/391 1462/15/391 1453/15/391
f 1446/15/685 983/15/685 984/15/685
f 1439/15/452 1062/15/452 1454/15/452
f 1288/15/686 1453/15/686 1462/15/686
f 10/15/3 12/15/3 11/15/3
f 12/15/2 16/15/2 15/15/2
f 16/15/1 14/15/1 13/15/1
f 14/15/4 10/15/4 9/15/4
f 15/15/6 13/15/6 9/15/6
f 12/15/5 10/15/5 14/15/5
f 503/15/710 502/15/710 512/15/710
f 972/15/596 505/15/596 506/15/596
f 976/15/400 503/15/400 513/15/400
f 973/15/447 506/15/447 507/15/447
f 504/15/398 976/15/398 514/15/398
f 499/15/519 507/15/519 508/15/519
f 977/15/396 504/15/396 515/15/396
f 974/15/520 508/15/520 509/15/520
f 978/15/394 977/15/394 516/15/394
f 500/15/523 509/15/523 510/15/523
f 979/15/66 978/15/66 517/15/66
f 975/15/411 510/15/411 511/15/411
f 980/15/687 979/15/687 518/15/687
f 501/15/405 511/15/405 512/15/405
f 519/15/688 518/15/688 533/15/688
f 511/15/413 526/15/413 527/15/413
f 513/15/711 512/15/711 527/15/711
f 505/15/599 520/15/599 521/15/599
f 514/15/571 513/15/571 528/15/571
f 506/15/446 521/15/446 522/15/446
f 515/15/574 514/15/574 529/15/574
f 507/15/522 522/15/522 523/15/522
f 516/15/576 515/15/576 530/15/576
f 508/15/521 523/15/521 524/15/521
f 517/15/63 516/15/63 531/15/63
f 509/15/415 524/15/415 525/15/415
f 518/15/62 517/15/62 532/15/62
f 510/15/412 525/15/412 526/15/412
f 522/15/443 537/15/443 538/15/443
f 531/15/575 530/15/575 545/15/575
f 523/15/549 538/15/549 539/15/549
f 532/15/60 531/15/60 546/15/60
f 524/15/417 539/15/417 540/15/417
f 533/15/58 532/15/58 547/15/58
f 525/15/414 540/15/414 541/15/414
f 534/15/712 533/15/712 548/15/712
f 526/15/713 541/15/713 542/15/713
f 528/15/714 527/15/714 542/15/714
f 520/15/602 535/15/602 536/15/602
f 529/15/570 528/15/570 543/15/570
f 521/15/441 536/15/441 537/15/441
f 530/15/572 529/15/572 544/15/572
f 541/15/423 556/15/423 557/15/423
f 543/15/568 542/15/568 557/15/568
f 535/15/603 550/15/603 551/15/603
f 544/15/567 543/15/567 558/15/567
f 536/15/440 551/15/440 552/15/440
f 545/15/577 544/15/577 559/15/577
f 537/15/438 552/15/438 553/15/438
f 546/15/55 545/15/55 560/15/55
f 538/15/604 553/15/604 554/15/604
f 547/15/57 546/15/57 561/15/57
f 539/15/418 554/15/418 555/15/418
f 548/15/61 547/15/61 562/15/61
f 540/15/419 555/15/419 556/15/419
f 549/15/593 548/15/593 563/15/593
f 561/15/54 560/15/54 575/15/54
f 553/15/434 568/15/434 569/15/434
f 562/15/56 561/15/56 576/15/56
f 554/15/421 569/15/421 570/15/421
f 563/15/179 562/15/179 577/15/179
f 555/15/420 570/15/420 571/15/420
f 564/15/715 563/15/715 578/15/715
f 556/15/607 571/15/607 572/15/607
f 558/15/608 557/15/608 572/15/608
f 550/15/609 565/15/609 566/15/609
f 559/15/566 558/15/566 573/15/566
f 551/15/540 566/15/540 567/15/540
f 560/15/53 559/15/53 574/15/53
f 552/15/437 567/15/437 568/15/437
f 573/15/716 572/15/716 588/15/716
f 565/15/690 581/15/690 582/15/690
f 574/15/565 573/15/565 589/15/565
f 566/15/539 582/15/539 583/15/539
f 575/15/51 574/15/51 590/15/51
f 567/15/544 583/15/544 584/15/544
f 576/15/52 575/15/52 591/15/52
f 568/15/435 584/15/435 585/15/435
f 577/15/176 576/15/176 592/15/176
f 569/15/432 585/15/432 586/15/432
f 578/15/174 577/15/174 593/15/174
f 570/15/430 586/15/430 587/15/430
f 579/15/611 578/15/611 594/15/611
f 571/15/426 587/15/426 588/15/426
f 593/15/49 592/15/49 607/15/49
f 585/15/433 600/15/433 601/15/433
f 594/15/173 593/15/173 608/15/173
f 586/15/431 601/15/431 602/15/431
f 595/15/171 594/15/171 609/15/171
f 587/15/429 602/15/429 603/15/429
f 589/15/560 588/15/560 603/15/560
f 581/15/615 596/15/615 597/15/615
f 590/15/561 589/15/561 604/15/561
f 582/15/537 597/15/537 598/15/537
f 591/15/717 590/15/717 605/15/717
f 583/15/543 598/15/543 599/15/543
f 592/15/48 591/15/48 606/15/48
f 584/15/545 599/15/545 600/15/545
f 596/15/617 611/15/617 612/15/617
f 605/15/562 604/15/562 619/15/562
f 597/15/10 612/15/10 613/15/10
f 606/15/43 605/15/43 620/15/43
f 598/15/9 613/15/9 614/15/9
f 607/15/45 606/15/45 621/15/45
f 599/15/11 614/15/11 615/15/11
f 608/15/718 607/15/718 622/15/718
f 600/15/563 615/15/563 616/15/563
f 609/15/169 608/15/169 623/15/169
f 601/15/550 616/15/550 617/15/550
f 610/15/719 609/15/719 624/15/719
f 602/15/720 617/15/720 618/15/720
f 604/15/619 603/15/619 618/15/619
f 616/15/13 615/15/13 630/15/13
f 623/15/167 638/15/167 639/15/167
f 617/15/554 616/15/554 631/15/554
f 624/15/168 639/15/168 640/15/168
f 618/15/721 617/15/721 632/15/721
f 618/15/556 633/15/556 634/15/556
f 612/15/620 611/15/620 626/15/620
f 619/15/41 634/15/41 635/15/41
f 613/15/8 612/15/8 627/15/8
f 620/15/40 635/15/40 636/15/40
f 614/15/7 613/15/7 628/15/7
f 621/15/44 636/15/44 637/15/44
f 615/15/12 614/15/12 629/15/12
f 622/15/47 637/15/47 638/15/47
f 634/15/39 649/15/39 650/15/39
f 628/15/261 627/15/261 642/15/261
f 635/15/621 650/15/621 651/15/621
f 629/15/263 628/15/263 643/15/263
f 636/15/180 651/15/180 652/15/180
f 630/15/14 629/15/14 644/15/14
f 637/15/163 652/15/163 653/15/163
f 631/15/622 630/15/622 645/15/622
f 638/15/164 653/15/164 654/15/164
f 632/15/18 631/15/18 646/15/18
f 639/15/693 654/15/693 655/15/693
f 633/15/555 632/15/555 647/15/555
f 633/15/38 648/15/38 649/15/38
f 627/15/624 626/15/624 641/15/624
f 653/15/162 668/15/162 669/15/162
f 647/15/17 646/15/17 661/15/17
f 654/15/722 669/15/722 670/15/722
f 648/15/594 647/15/594 662/15/594
f 648/15/31 663/15/31 664/15/31
f 642/15/265 641/15/265 656/15/265
f 649/15/35 664/15/35 665/15/35
f 643/15/259 642/15/259 657/15/259
f 650/15/182 665/15/182 666/15/182
f 644/15/257 643/15/257 658/15/257
f 651/15/627 666/15/627 667/15/627
f 645/15/258 644/15/258 659/15/258
f 652/15/159 667/15/159 668/15/159
f 646/15/16 645/15/16 660/15/16
f 658/15/266 657/15/266 672/15/266
f 665/15/197 680/15/197 681/15/197
f 659/15/253 658/15/253 673/15/253
f 666/15/723 681/15/723 682/15/723
f 660/15/255 659/15/255 674/15/255
f 667/15/158 682/15/158 683/15/158
f 661/15/19 660/15/19 675/15/19
f 668/15/160 683/15/160 684/15/160
f 662/15/20 661/15/20 676/15/20
f 669/15/183 684/15/183 685/15/183
f 663/15/27 662/15/27 677/15/27
f 663/15/28 678/15/28 679/15/28
f 657/15/264 656/15/264 671/15/264
f 664/15/36 679/15/36 680/15/36
f 677/15/22 676/15/22 691/15/22
f 684/15/185 699/15/185 700/15/185
f 678/15/25 677/15/25 692/15/25
f 678/15/29 693/15/29 694/15/29
f 672/15/631 671/15/631 686/15/631
f 679/15/153 694/15/153 695/15/153
f 673/15/268 672/15/268 687/15/268
f 680/15/152 695/15/152 696/15/152
f 674/15/251 673/15/251 688/15/251
f 681/15/155 696/15/155 697/15/155
f 675/15/252 674/15/252 689/15/252
f 682/15/157 697/15/157 698/15/157
f 676/15/21 675/15/21 690/15/21
f 683/15/184 698/15/184 699/15/184
f 695/15/149 710/15/149 711/15/149
f 689/15/250 688/15/250 703/15/250
f 696/15/154 711/15/154 712/15/154
f 690/15/248 689/15/248 704/15/248
f 697/15/196 712/15/196 713/15/196
f 691/15/247 690/15/247 705/15/247
f 698/15/189 713/15/189 714/15/189
f 692/15/23 691/15/23 706/15/23
f 699/15/188 714/15/188 715/15/188
f 693/15/724 692/15/724 707/15/724
f 693/15/198 708/15/198 709/15/198
f 687/15/725 686/15/725 701/15/725
f 694/15/151 709/15/151 710/15/151
f 688/15/270 687/15/270 702/15/270
f 714/15/726 729/15/726 730/15/726
f 708/15/242 707/15/242 722/15/242
f 708/15/201 723/15/201 724/15/201
f 702/15/727 701/15/727 716/15/727
f 709/15/150 724/15/150 725/15/150
f 703/15/273 702/15/273 717/15/273
f 710/15/147 725/15/147 726/15/147
f 704/15/274 703/15/274 718/15/274
f 711/15/146 726/15/146 727/15/146
f 705/15/249 704/15/249 719/15/249
f 712/15/195 727/15/195 728/15/195
f 706/15/245 705/15/245 720/15/245
f 713/15/190 728/15/190 729/15/190
f 707/15/241 706/15/241 721/15/241
f 726/15/142 741/15/142 742/15/142
f 720/15/276 719/15/276 734/15/276
f 727/15/141 742/15/141 743/15/141
f 721/15/244 720/15/244 735/15/244
f 728/15/193 743/15/193 744/15/193
f 722/15/237 721/15/237 736/15/237
f 729/15/728 744/15/728 745/15/728
f 723/15/239 722/15/239 737/15/239
f 723/15/729 738/15/729 739/15/729
f 717/15/638 716/15/638 731/15/638
f 724/15/203 739/15/203 740/15/203
f 718/15/490 717/15/490 732/15/490
f 725/15/145 740/15/145 741/15/145
f 719/15/275 718/15/275 733/15/275
f 739/15/204 738/15/204 753/15/204
f 731/15/639 746/15/639 747/15/639
f 740/15/207 739/15/207 754/15/207
f 732/15/488 747/15/488 748/15/488
f 741/15/144 740/15/144 755/15/144
f 733/15/489 748/15/489 749/15/489
f 742/15/143 741/15/143 756/15/143
f 734/15/277 749/15/277 750/15/277
f 743/15/137 742/15/137 757/15/137
f 735/15/278 750/15/278 751/15/278
f 744/15/136 743/15/136 758/15/136
f 736/15/235 751/15/235 752/15/235
f 745/15/139 744/15/139 759/15/139
f 737/15/236 752/15/236 753/15/236
f 749/15/279 764/15/279 765/15/279
f 758/15/134 757/15/134 772/15/134
f 750/15/280 765/15/280 766/15/280
f 759/15/135 758/15/135 773/15/135
f 751/15/232 766/15/232 767/15/232
f 760/15/730 759/15/730 774/15/730
f 752/15/233 767/15/233 768/15/233
f 754/15/587 753/15/587 768/15/587
f 746/15/642 761/15/642 762/15/642
f 755/15/208 754/15/208 769/15/208
f 747/15/485 762/15/485 763/15/485
f 756/15/209 755/15/209 770/15/209
f 748/15/487 763/15/487 764/15/487
f 757/15/588 756/15/588 771/15/588
f 769/15/216 768/15/216 783/15/216
f 761/15/731 776/15/731 777/15/731
f 770/15/211 769/15/211 784/15/211
f 762/15/483 777/15/483 778/15/483
f 771/15/212 770/15/212 785/15/212
f 763/15/484 778/15/484 779/15/484
f 772/15/732 771/15/732 786/15/732
f 764/15/282 779/15/282 780/15/282
f 773/15/131 772/15/131 787/15/131
f 765/15/283 780/15/283 781/15/283
f 774/15/133 773/15/133 788/15/133
f 766/15/229 781/15/229 782/15/229
f 775/15/591 774/15/591 789/15/591
f 767/15/733 782/15/733 783/15/733
f 788/15/130 787/15/130 802/15/130
f 780/15/285 795/15/285 796/15/285
f 789/15/132 788/15/132 803/15/132
f 781/15/227 796/15/227 797/15/227
f 790/15/102 789/15/102 804/15/102
f 782/15/228 797/15/228 798/15/228
f 784/15/217 783/15/217 798/15/217
f 776/15/648 791/15/648 792/15/648
f 785/15/213 784/15/213 799/15/213
f 777/15/480 792/15/480 793/15/480
f 786/15/214 785/15/214 800/15/214
f 778/15/482 793/15/482 794/15/482
f 787/15/128 786/15/128 801/15/128
f 779/15/284 794/15/284 795/15/284
f 791/15/649 807/15/649 808/15/649
f 800/15/219 799/15/219 815/15/219
f 792/15/479 808/15/479 809/15/479
f 801/15/125 800/15/125 816/15/125
f 793/15/481 809/15/481 810/15/481
f 802/15/127 801/15/127 817/15/127
f 794/15/286 810/15/286 811/15/286
f 803/15/129 802/15/129 818/15/129
f 795/15/287 811/15/287 812/15/287
f 804/15/105 803/15/105 819/15/105
f 796/15/224 812/15/224 813/15/224
f 805/15/101 804/15/101 820/15/101
f 797/15/223 813/15/223 814/15/223
f 799/15/734 798/15/734 814/15/734
f 811/15/289 826/15/289 827/15/289
f 820/15/103 819/15/103 834/15/103
f 812/15/225 827/15/225 828/15/225
f 821/15/735 820/15/735 835/15/735
f 813/15/226 828/15/226 829/15/226
f 815/15/220 814/15/220 829/15/220
f 807/15/474 822/15/474 823/15/474
f 816/15/123 815/15/123 830/15/123
f 808/15/477 823/15/477 824/15/477
f 817/15/124 816/15/124 831/15/124
f 809/15/504 824/15/504 825/15/504
f 818/15/126 817/15/126 832/15/126
f 810/15/288 825/15/288 826/15/288
f 819/15/592 818/15/592 833/15/592
f 831/15/122 830/15/122 845/15/122
f 823/15/701 838/15/701 839/15/701
f 832/15/654 831/15/654 846/15/654
f 824/15/505 839/15/505 840/15/505
f 833/15/117 832/15/117 847/15/117
f 825/15/508 840/15/508 841/15/508
f 834/15/118 833/15/118 848/15/118
f 826/15/290 841/15/290 842/15/290
f 835/15/107 834/15/107 849/15/107
f 827/15/291 842/15/291 843/15/291
f 836/15/702 835/15/702 850/15/702
f 828/15/657 843/15/657 844/15/657
f 830/15/659 829/15/659 844/15/659
f 822/15/660 837/15/660 838/15/660
f 850/15/109 849/15/109 864/15/109
f 842/15/293 857/15/293 858/15/293
f 851/15/736 850/15/736 865/15/736
f 843/15/661 858/15/661 859/15/661
f 845/15/662 844/15/662 859/15/662
f 837/15/663 852/15/663 853/15/663
f 846/15/121 845/15/121 860/15/121
f 838/15/511 853/15/511 854/15/511
f 847/15/119 846/15/119 861/15/119
f 839/15/509 854/15/509 855/15/509
f 848/15/116 847/15/116 862/15/116
f 840/15/507 855/15/507 856/15/507
f 849/15/114 848/15/114 863/15/114
f 841/15/510 856/15/510 857/15/510
f 861/15/307 876/15/307 877/15/307
f 855/15/329 854/15/329 869/15/329
f 862/15/115 877/15/115 878/15/115
f 856/15/326 855/15/326 870/15/326
f 863/15/737 878/15/737 879/15/737
f 857/15/325 856/15/325 871/15/325
f 864/15/112 879/15/112 880/15/112
f 858/15/582 857/15/582 872/15/582
f 865/15/738 880/15/738 881/15/738
f 859/15/664 858/15/664 873/15/664
f 859/15/665 874/15/665 875/15/665
f 853/15/666 852/15/666 867/15/666
f 860/15/300 875/15/300 876/15/300
f 854/15/512 853/15/512 868/15/512
f 880/15/373 895/15/373 896/15/373
f 874/15/584 873/15/584 888/15/584
f 874/15/585 889/15/585 890/15/585
f 868/15/667 867/15/667 882/15/667
f 875/15/301 890/15/301 891/15/301
f 869/15/334 868/15/334 883/15/334
f 876/15/304 891/15/304 892/15/304
f 870/15/328 869/15/328 884/15/328
f 877/15/308 892/15/308 893/15/308
f 871/15/327 870/15/327 885/15/327
f 878/15/377 893/15/377 894/15/377
f 872/15/323 871/15/323 886/15/323
f 879/15/375 894/15/375 895/15/375
f 873/15/322 872/15/322 887/15/322
f 885/15/331 884/15/331 899/15/331
f 892/15/378 907/15/378 908/15/378
f 886/15/330 885/15/330 900/15/330
f 893/15/372 908/15/372 909/15/372
f 887/15/320 886/15/320 901/15/320
f 894/15/371 909/15/371 910/15/371
f 888/15/319 887/15/319 902/15/319
f 895/15/739 910/15/739 911/15/739
f 889/15/740 888/15/740 903/15/740
f 889/15/741 904/15/741 905/15/741
f 883/15/742 882/15/742 897/15/742
f 890/15/305 905/15/305 906/15/305
f 884/15/743 883/15/743 898/15/743
f 891/15/303 906/15/303 907/15/303
f 904/15/316 903/15/316 918/15/316
f 904/15/314 919/15/314 920/15/314
f 898/15/672 897/15/672 912/15/672
f 905/15/309 920/15/309 921/15/309
f 899/15/335 898/15/335 913/15/335
f 906/15/310 921/15/310 922/15/310
f 900/15/336 899/15/336 914/15/336
f 907/15/369 922/15/369 923/15/369
f 901/15/338 900/15/338 915/15/338
f 908/15/368 923/15/368 924/15/368
f 902/15/321 901/15/321 916/15/321
f 909/15/370 924/15/370 925/15/370
f 903/15/318 902/15/318 917/15/318
f 910/15/379 925/15/379 926/15/379
f 922/15/365 937/15/365 938/15/365
f 916/15/340 915/15/340 930/15/340
f 923/15/367 938/15/367 939/15/367
f 917/15/356 916/15/356 931/15/356
f 924/15/381 939/15/381 940/15/381
f 918/15/355 917/15/355 932/15/355
f 925/15/380 940/15/380 941/15/380
f 919/15/354 918/15/354 933/15/354
f 919/15/313 934/15/313 935/15/313
f 913/15/677 912/15/677 927/15/677
f 920/15/312 935/15/312 936/15/312
f 914/15/460 913/15/460 928/15/460
f 921/15/311 936/15/311 937/15/311
f 915/15/337 914/15/337 929/15/337
f 934/15/358 949/15/358 950/15/358
f 928/15/679 927/15/679 942/15/679
f 935/15/360 950/15/360 951/15/360
f 929/15/744 928/15/744 943/15/744
f 936/15/363 951/15/363 952/15/363
f 930/15/342 929/15/342 944/15/342
f 937/15/745 952/15/745 953/15/745
f 931/15/343 930/15/343 945/15/343
f 938/15/581 953/15/581 954/15/581
f 932/15/344 931/15/344 946/15/344
f 939/15/382 954/15/382 955/15/382
f 933/15/353 932/15/353 947/15/353
f 940/15/385 955/15/385 956/15/385
f 934/15/746 933/15/746 948/15/746
f 946/15/346 945/15/346 960/15/346
f 953/15/393 968/15/393 969/15/393
f 947/15/345 946/15/345 961/15/345
f 954/15/386 969/15/386 970/15/386
f 948/15/349 947/15/349 962/15/349
f 955/15/747 970/15/747 971/15/747
f 949/15/350 948/15/350 963/15/350
f 949/15/359 964/15/359 965/15/359
f 943/15/748 942/15/748 957/15/748
f 950/15/361 965/15/361 966/15/361
f 944/15/514 943/15/514 958/15/514
f 951/15/362 966/15/362 967/15/362
f 945/15/513 944/15/513 959/15/513
f 952/15/580 967/15/580 968/15/580
f 964/15/749 502/15/749 503/15/749
f 958/15/682 957/15/682 972/15/682
f 965/15/399 503/15/399 976/15/399
f 959/15/517 958/15/517 973/15/517
f 966/15/397 976/15/397 504/15/397
f 960/15/516 959/15/516 499/15/516
f 967/15/395 504/15/395 977/15/395
f 961/15/518 960/15/518 974/15/518
f 968/15/392 977/15/392 978/15/392
f 962/15/347 961/15/347 500/15/347
f 969/15/390 978/15/390 979/15/390
f 963/15/348 962/15/348 975/15/348
f 970/15/391 979/15/391 980/15/391
f 964/15/407 963/15/407 501/15/407
f 985/15/710 984/15/710 994/15/710
f 1454/15/596 987/15/596 988/15/596
f 1458/15/400 985/15/400 995/15/400
f 1455/15/447 988/15/447 989/15/447
f 986/15/398 1458/15/398 996/15/398
f 981/15/519 989/15/519 990/15/519
f 1459/15/396 986/15/396 997/15/396
f 1456/15/520 990/15/520 991/15/520
f 1460/15/394 1459/15/394 998/15/394
f 982/15/523 991/15/523 992/15/523
f 1461/15/66 1460/15/66 999/15/66
f 1457/15/411 992/15/411 993/15/411
f 1462/15/64 1461/15/64 1000/15/64
f 983/15/405 993/15/405 994/15/405
f 1001/15/65 1000/15/65 1015/15/65
f 993/15/413 1008/15/413 1009/15/413
f 995/15/711 994/15/711 1009/15/711
f 987/15/599 1002/15/599 1003/15/599
f 996/15/571 995/15/571 1010/15/571
f 988/15/446 1003/15/446 1004/15/446
f 997/15/574 996/15/574 1011/15/574
f 989/15/522 1004/15/522 1005/15/522
f 998/15/576 997/15/576 1012/15/576
f 990/15/521 1005/15/521 1006/15/521
f 999/15/63 998/15/63 1013/15/63
f 991/15/415 1006/15/415 1007/15/415
f 1000/15/62 999/15/62 1014/15/62
f 992/15/412 1007/15/412 1008/15/412
f 1004/15/443 1019/15/443 1020/15/443
f 1013/15/750 1012/15/750 1027/15/750
f 1005/15/549 1020/15/549 1021/15/549
f 1014/15/60 1013/15/60 1028/15/60
f 1006/15/417 1021/15/417 1022/15/417
f 1015/15/58 1014/15/58 1029/15/58
f 1007/15/414 1022/15/414 1023/15/414
f 1016/15/712 1015/15/712 1030/15/712
f 1008/15/713 1023/15/713 1024/15/713
f 1010/15/569 1009/15/569 1024/15/569
f 1002/15/751 1017/15/751 1018/15/751
f 1011/15/570 1010/15/570 1025/15/570
f 1003/15/441 1018/15/441 1019/15/441
f 1012/15/572 1011/15/572 1026/15/572
f 1023/15/423 1038/15/423 1039/15/423
f 1025/15/568 1024/15/568 1039/15/568
f 1017/15/603 1032/15/603 1033/15/603
f 1026/15/567 1025/15/567 1040/15/567
f 1018/15/752 1033/15/752 1034/15/752
f 1027/15/577 1026/15/577 1041/15/577
f 1019/15/438 1034/15/438 1035/15/438
f 1028/15/55 1027/15/55 1042/15/55
f 1020/15/604 1035/15/604 1036/15/604
f 1029/15/57 1028/15/57 1043/15/57
f 1021/15/418 1036/15/418 1037/15/418
f 1030/15/61 1029/15/61 1044/15/61
f 1022/15/419 1037/15/419 1038/15/419
f 1031/15/593 1030/15/593 1045/15/593
f 1043/15/54 1042/15/54 1057/15/54
f 1035/15/434 1050/15/434 1051/15/434
f 1044/15/56 1043/15/56 1058/15/56
f 1036/15/421 1051/15/421 1052/15/421
f 1045/15/179 1044/15/179 1059/15/179
f 1037/15/420 1052/15/420 1053/15/420
f 1046/15/177 1045/15/177 1060/15/177
f 1038/15/607 1053/15/607 1054/15/607
f 1040/15/608 1039/15/608 1054/15/608
f 1032/15/609 1047/15/609 1048/15/609
f 1041/15/566 1040/15/566 1055/15/566
f 1033/15/540 1048/15/540 1049/15/540
f 1042/15/53 1041/15/53 1056/15/53
f 1034/15/437 1049/15/437 1050/15/437
f 1055/15/716 1054/15/716 1070/15/716
f 1047/15/610 1063/15/610 1064/15/610
f 1056/15/565 1055/15/565 1071/15/565
f 1048/15/539 1064/15/539 1065/15/539
f 1057/15/51 1056/15/51 1072/15/51
f 1049/15/544 1065/15/544 1066/15/544
f 1058/15/52 1057/15/52 1073/15/52
f 1050/15/435 1066/15/435 1067/15/435
f 1059/15/176 1058/15/176 1074/15/176
f 1051/15/432 1067/15/432 1068/15/432
f 1060/15/174 1059/15/174 1075/15/174
f 1052/15/430 1068/15/430 1069/15/430
f 1061/15/178 1060/15/178 1076/15/178
f 1053/15/427 1069/15/427 1070/15/427
f 1075/15/49 1074/15/49 1089/15/49
f 1067/15/613 1082/15/613 1083/15/613
f 1076/15/172 1075/15/172 1090/15/172
f 1068/15/431 1083/15/431 1084/15/431
f 1077/15/171 1076/15/171 1091/15/171
f 1069/15/429 1084/15/429 1085/15/429
f 1071/15/564 1070/15/564 1085/15/564
f 1063/15/615 1078/15/615 1079/15/615
f 1072/15/561 1071/15/561 1086/15/561
f 1064/15/537 1079/15/537 1080/15/537
f 1073/15/50 1072/15/50 1087/15/50
f 1065/15/543 1080/15/543 1081/15/543
f 1074/15/48 1073/15/48 1088/15/48
f 1066/15/545 1081/15/545 1082/15/545
f 1078/15/617 1093/15/617 1094/15/617
f 1087/15/562 1086/15/562 1101/15/562
f 1079/15/10 1094/15/10 1095/15/10
f 1088/15/43 1087/15/43 1102/15/43
f 1080/15/9 1095/15/9 1096/15/9
f 1089/15/45 1088/15/45 1103/15/45
f 1081/15/11 1096/15/11 1097/15/11
f 1090/15/718 1089/15/718 1104/15/718
f 1082/15/563 1097/15/563 1098/15/563
f 1091/15/169 1090/15/169 1105/15/169
f 1083/15/550 1098/15/550 1099/15/550
f 1092/15/719 1091/15/719 1106/15/719
f 1084/15/618 1099/15/618 1100/15/618
f 1086/15/753 1085/15/753 1100/15/753
f 1098/15/13 1097/15/13 1112/15/13
f 1105/15/167 1120/15/167 1121/15/167
f 1099/15/554 1098/15/554 1113/15/554
f 1106/15/168 1121/15/168 1122/15/168
f 1100/15/552 1099/15/552 1114/15/552
f 1100/15/754 1115/15/754 1116/15/754
f 1094/15/620 1093/15/620 1108/15/620
f 1101/15/41 1116/15/41 1117/15/41
f 1095/15/8 1094/15/8 1109/15/8
f 1102/15/40 1117/15/40 1118/15/40
f 1096/15/7 1095/15/7 1110/15/7
f 1103/15/44 1118/15/44 1119/15/44
f 1097/15/12 1096/15/12 1111/15/12
f 1104/15/47 1119/15/47 1120/15/47
f 1116/15/39 1131/15/39 1132/15/39
f 1110/15/261 1109/15/261 1124/15/261
f 1117/15/621 1132/15/621 1133/15/621
f 1111/15/263 1110/15/263 1125/15/263
f 1118/15/180 1133/15/180 1134/15/180
f 1112/15/14 1111/15/14 1126/15/14
f 1119/15/163 1134/15/163 1135/15/163
f 1113/15/622 1112/15/622 1127/15/622
f 1120/15/623 1135/15/623 1136/15/623
f 1114/15/18 1113/15/18 1128/15/18
f 1121/15/693 1136/15/693 1137/15/693
f 1115/15/555 1114/15/555 1129/15/555
f 1115/15/37 1130/15/37 1131/15/37
f 1109/15/624 1108/15/624 1123/15/624
f 1135/15/161 1150/15/161 1151/15/161
f 1129/15/17 1128/15/17 1143/15/17
f 1136/15/755 1151/15/755 1152/15/755
f 1130/15/33 1129/15/33 1144/15/33
f 1130/15/31 1145/15/31 1146/15/31
f 1124/15/265 1123/15/265 1138/15/265
f 1131/15/35 1146/15/35 1147/15/35
f 1125/15/259 1124/15/259 1139/15/259
f 1132/15/182 1147/15/182 1148/15/182
f 1126/15/257 1125/15/257 1140/15/257
f 1133/15/627 1148/15/627 1149/15/627
f 1127/15/258 1126/15/258 1141/15/258
f 1134/15/159 1149/15/159 1150/15/159
f 1128/15/16 1127/15/16 1142/15/16
f 1140/15/266 1139/15/266 1154/15/266
f 1147/15/197 1162/15/197 1163/15/197
f 1141/15/253 1140/15/253 1155/15/253
f 1148/15/156 1163/15/156 1164/15/156
f 1142/15/255 1141/15/255 1156/15/255
f 1149/15/158 1164/15/158 1165/15/158
f 1143/15/19 1142/15/19 1157/15/19
f 1150/15/160 1165/15/160 1166/15/160
f 1144/15/20 1143/15/20 1158/15/20
f 1151/15/183 1166/15/183 1167/15/183
f 1145/15/27 1144/15/27 1159/15/27
f 1145/15/756 1160/15/756 1161/15/756
f 1139/15/629 1138/15/629 1153/15/629
f 1146/15/36 1161/15/36 1162/15/36
f 1159/15/22 1158/15/22 1173/15/22
f 1166/15/185 1181/15/185 1182/15/185
f 1160/15/25 1159/15/25 1174/15/25
f 1160/15/30 1175/15/30 1176/15/30
f 1154/15/631 1153/15/631 1168/15/631
f 1161/15/153 1176/15/153 1177/15/153
f 1155/15/268 1154/15/268 1169/15/268
f 1162/15/152 1177/15/152 1178/15/152
f 1156/15/251 1155/15/251 1170/15/251
f 1163/15/155 1178/15/155 1179/15/155
f 1157/15/252 1156/15/252 1171/15/252
f 1164/15/157 1179/15/157 1180/15/157
f 1158/15/21 1157/15/21 1172/15/21
f 1165/15/184 1180/15/184 1181/15/184
f 1177/15/149 1192/15/149 1193/15/149
f 1171/15/250 1170/15/250 1185/15/250
f 1178/15/757 1193/15/757 1194/15/757
f 1172/15/248 1171/15/248 1186/15/248
f 1179/15/196 1194/15/196 1195/15/196
f 1173/15/247 1172/15/247 1187/15/247
f 1180/15/189 1195/15/189 1196/15/189
f 1174/15/23 1173/15/23 1188/15/23
f 1181/15/188 1196/15/188 1197/15/188
f 1175/15/724 1174/15/724 1189/15/724
f 1175/15/199 1190/15/199 1191/15/199
f 1169/15/758 1168/15/758 1183/15/758
f 1176/15/151 1191/15/151 1192/15/151
f 1170/15/270 1169/15/270 1184/15/270
f 1196/15/759 1211/15/759 1212/15/759
f 1190/15/242 1189/15/242 1204/15/242
f 1190/15/201 1205/15/201 1206/15/201
f 1184/15/727 1183/15/727 1198/15/727
f 1191/15/150 1206/15/150 1207/15/150
f 1185/15/273 1184/15/273 1199/15/273
f 1192/15/147 1207/15/147 1208/15/147
f 1186/15/274 1185/15/274 1200/15/274
f 1193/15/146 1208/15/146 1209/15/146
f 1187/15/249 1186/15/249 1201/15/249
f 1194/15/195 1209/15/195 1210/15/195
f 1188/15/245 1187/15/245 1202/15/245
f 1195/15/190 1210/15/190 1211/15/190
f 1189/15/241 1188/15/241 1203/15/241
f 1208/15/142 1223/15/142 1224/15/142
f 1202/15/276 1201/15/276 1216/15/276
f 1209/15/141 1224/15/141 1225/15/141
f 1203/15/244 1202/15/244 1217/15/244
f 1210/15/193 1225/15/193 1226/15/193
f 1204/15/237 1203/15/237 1218/15/237
f 1211/15/194 1226/15/194 1227/15/194
f 1205/15/239 1204/15/239 1219/15/239
f 1205/15/202 1220/15/202 1221/15/202
f 1199/15/638 1198/15/638 1213/15/638
f 1206/15/203 1221/15/203 1222/15/203
f 1200/15/490 1199/15/490 1214/15/490
f 1207/15/145 1222/15/145 1223/15/145
f 1201/15/275 1200/15/275 1215/15/275
f 1221/15/204 1220/15/204 1235/15/204
f 1213/15/639 1228/15/639 1229/15/639
f 1222/15/207 1221/15/207 1236/15/207
f 1214/15/488 1229/15/488 1230/15/488
f 1223/15/144 1222/15/144 1237/15/144
f 1215/15/489 1230/15/489 1231/15/489
f 1224/15/143 1223/15/143 1238/15/143
f 1216/15/277 1231/15/277 1232/15/277
f 1225/15/137 1224/15/137 1239/15/137
f 1217/15/278 1232/15/278 1233/15/278
f 1226/15/136 1225/15/136 1240/15/136
f 1218/15/235 1233/15/235 1234/15/235
f 1227/15/640 1226/15/640 1241/15/640
f 1219/15/236 1234/15/236 1235/15/236
f 1231/15/279 1246/15/279 1247/15/279
f 1240/15/134 1239/15/134 1254/15/134
f 1232/15/280 1247/15/280 1248/15/280
f 1241/15/135 1240/15/135 1255/15/135
f 1233/15/232 1248/15/232 1249/15/232
f 1242/15/730 1241/15/730 1256/15/730
f 1234/15/233 1249/15/233 1250/15/233
f 1236/15/586 1235/15/586 1250/15/586
f 1228/15/642 1243/15/642 1244/15/642
f 1237/15/208 1236/15/208 1251/15/208
f 1229/15/485 1244/15/485 1245/15/485
f 1238/15/209 1237/15/209 1252/15/209
f 1230/15/487 1245/15/487 1246/15/487
f 1239/15/588 1238/15/588 1253/15/588
f 1251/15/216 1250/15/216 1265/15/216
f 1243/15/731 1258/15/731 1259/15/731
f 1252/15/211 1251/15/211 1266/15/211
f 1244/15/483 1259/15/483 1260/15/483
f 1253/15/212 1252/15/212 1267/15/212
f 1245/15/484 1260/15/484 1261/15/484
f 1254/15/589 1253/15/589 1268/15/589
f 1246/15/282 1261/15/282 1262/15/282
f 1255/15/131 1254/15/131 1269/15/131
f 1247/15/283 1262/15/283 1263/15/283
f 1256/15/133 1255/15/133 1270/15/133
f 1248/15/229 1263/15/229 1264/15/229
f 1257/15/591 1256/15/591 1271/15/591
f 1249/15/230 1264/15/230 1265/15/230
f 1270/15/130 1269/15/130 1284/15/130
f 1262/15/285 1277/15/285 1278/15/285
f 1271/15/132 1270/15/132 1285/15/132
f 1263/15/227 1278/15/227 1279/15/227
f 1272/15/102 1271/15/102 1286/15/102
f 1264/15/228 1279/15/228 1280/15/228
f 1266/15/760 1265/15/760 1280/15/760
f 1258/15/648 1273/15/648 1274/15/648
f 1267/15/213 1266/15/213 1281/15/213
f 1259/15/480 1274/15/480 1275/15/480
f 1268/15/214 1267/15/214 1282/15/214
f 1260/15/482 1275/15/482 1276/15/482
f 1269/15/128 1268/15/128 1283/15/128
f 1261/15/284 1276/15/284 1277/15/284
f 1273/15/649 1289/15/649 1290/15/649
f 1282/15/219 1281/15/219 1297/15/219
f 1274/15/479 1290/15/479 1291/15/479
f 1283/15/125 1282/15/125 1298/15/125
f 1275/15/481 1291/15/481 1292/15/481
f 1284/15/127 1283/15/127 1299/15/127
f 1276/15/286 1292/15/286 1293/15/286
f 1285/15/129 1284/15/129 1300/15/129
f 1277/15/287 1293/15/287 1294/15/287
f 1286/15/105 1285/15/105 1301/15/105
f 1278/15/224 1294/15/224 1295/15/224
f 1287/15/101 1286/15/101 1302/15/101
f 1279/15/223 1295/15/223 1296/15/223
f 1281/15/734 1280/15/734 1296/15/734
f 1293/15/289 1308/15/289 1309/15/289
f 1302/15/103 1301/15/103 1316/15/103
f 1294/15/225 1309/15/225 1310/15/225
f 1303/15/735 1302/15/735 1317/15/735
f 1295/15/226 1310/15/226 1311/15/226
f 1297/15/761 1296/15/761 1311/15/761
f 1289/15/474 1304/15/474 1305/15/474
f 1298/15/123 1297/15/123 1312/15/123
f 1290/15/478 1305/15/478 1306/15/478
f 1299/15/124 1298/15/124 1313/15/124
f 1291/15/504 1306/15/504 1307/15/504
f 1300/15/126 1299/15/126 1314/15/126
f 1292/15/288 1307/15/288 1308/15/288
f 1301/15/592 1300/15/592 1315/15/592
f 1313/15/122 1312/15/122 1327/15/122
f 1305/15/506 1320/15/506 1321/15/506
f 1314/15/654 1313/15/654 1328/15/654
f 1306/15/505 1321/15/505 1322/15/505
f 1315/15/117 1314/15/117 1329/15/117
f 1307/15/508 1322/15/508 1323/15/508
f 1316/15/118 1315/15/118 1330/15/118
f 1308/15/290 1323/15/290 1324/15/290
f 1317/15/107 1316/15/107 1331/15/107
f 1309/15/291 1324/15/291 1325/15/291
f 1318/15/702 1317/15/702 1332/15/702
f 1310/15/657 1325/15/657 1326/15/657
f 1312/15/295 1311/15/295 1326/15/295
f 1304/15/660 1319/15/660 1320/15/660
f 1332/15/109 1331/15/109 1346/15/109
f 1324/15/293 1339/15/293 1340/15/293
f 1333/15/736 1332/15/736 1347/15/736
f 1325/15/762 1340/15/762 1341/15/762
f 1327/15/763 1326/15/763 1341/15/763
f 1319/15/470 1334/15/470 1335/15/470
f 1328/15/121 1327/15/121 1342/15/121
f 1320/15/511 1335/15/511 1336/15/511
f 1329/15/119 1328/15/119 1343/15/119
f 1321/15/509 1336/15/509 1337/15/509
f 1330/15/116 1329/15/116 1344/15/116
f 1322/15/507 1337/15/507 1338/15/507
f 1331/15/764 1330/15/764 1345/15/764
f 1323/15/510 1338/15/510 1339/15/510
f 1343/15/307 1358/15/307 1359/15/307
f 1337/15/329 1336/15/329 1351/15/329
f 1344/15/115 1359/15/115 1360/15/115
f 1338/15/326 1337/15/326 1352/15/326
f 1345/15/737 1360/15/737 1361/15/737
f 1339/15/325 1338/15/325 1353/15/325
f 1346/15/112 1361/15/112 1362/15/112
f 1340/15/582 1339/15/582 1354/15/582
f 1347/15/738 1362/15/738 1363/15/738
f 1341/15/765 1340/15/765 1355/15/765
f 1341/15/766 1356/15/766 1357/15/766
f 1335/15/666 1334/15/666 1349/15/666
f 1342/15/300 1357/15/300 1358/15/300
f 1336/15/512 1335/15/512 1350/15/512
f 1362/15/373 1377/15/373 1378/15/373
f 1356/15/584 1355/15/584 1370/15/584
f 1356/15/585 1371/15/585 1372/15/585
f 1350/15/667 1349/15/667 1364/15/667
f 1357/15/301 1372/15/301 1373/15/301
f 1351/15/332 1350/15/332 1365/15/332
f 1358/15/306 1373/15/306 1374/15/306
f 1352/15/328 1351/15/328 1366/15/328
f 1359/15/308 1374/15/308 1375/15/308
f 1353/15/327 1352/15/327 1367/15/327
f 1360/15/377 1375/15/377 1376/15/377
f 1354/15/323 1353/15/323 1368/15/323
f 1361/15/375 1376/15/375 1377/15/375
f 1355/15/322 1354/15/322 1369/15/322
f 1367/15/331 1366/15/331 1381/15/331
f 1374/15/378 1389/15/378 1390/15/378
f 1368/15/330 1367/15/330 1382/15/330
f 1375/15/372 1390/15/372 1391/15/372
f 1369/15/320 1368/15/320 1383/15/320
f 1376/15/371 1391/15/371 1392/15/371
f 1370/15/319 1369/15/319 1384/15/319
f 1377/15/739 1392/15/739 1393/15/739
f 1371/15/317 1370/15/317 1385/15/317
f 1371/15/767 1386/15/767 1387/15/767
f 1365/15/742 1364/15/742 1379/15/742
f 1372/15/305 1387/15/305 1388/15/305
f 1366/15/743 1365/15/743 1380/15/743
f 1373/15/303 1388/15/303 1389/15/303
f 1386/15/671 1385/15/671 1400/15/671
f 1386/15/314 1401/15/314 1402/15/314
f 1380/15/672 1379/15/672 1394/15/672
f 1387/15/309 1402/15/309 1403/15/309
f 1381/15/335 1380/15/335 1395/15/335
f 1388/15/310 1403/15/310 1404/15/310
f 1382/15/336 1381/15/336 1396/15/336
f 1389/15/369 1404/15/369 1405/15/369
f 1383/15/338 1382/15/338 1397/15/338
f 1390/15/368 1405/15/368 1406/15/368
f 1384/15/321 1383/15/321 1398/15/321
f 1391/15/370 1406/15/370 1407/15/370
f 1385/15/318 1384/15/318 1399/15/318
f 1392/15/379 1407/15/379 1408/15/379
f 1404/15/365 1419/15/365 1420/15/365
f 1398/15/340 1397/15/340 1412/15/340
f 1405/15/367 1420/15/367 1421/15/367
f 1399/15/356 1398/15/356 1413/15/356
f 1406/15/381 1421/15/381 1422/15/381
f 1400/15/355 1399/15/355 1414/15/355
f 1407/15/380 1422/15/380 1423/15/380
f 1401/15/354 1400/15/354 1415/15/354
f 1401/15/313 1416/15/313 1417/15/313
f 1395/15/677 1394/15/677 1409/15/677
f 1402/15/312 1417/15/312 1418/15/312
f 1396/15/460 1395/15/460 1410/15/460
f 1403/15/311 1418/15/311 1419/15/311
f 1397/15/337 1396/15/337 1411/15/337
f 1416/15/357 1431/15/357 1432/15/357
f 1410/15/768 1409/15/768 1424/15/768
f 1417/15/360 1432/15/360 1433/15/360
f 1411/15/744 1410/15/744 1425/15/744
f 1418/15/363 1433/15/363 1434/15/363
f 1412/15/342 1411/15/342 1426/15/342
f 1419/15/745 1434/15/745 1435/15/745
f 1413/15/769 1412/15/769 1427/15/769
f 1420/15/581 1435/15/581 1436/15/581
f 1414/15/344 1413/15/344 1428/15/344
f 1421/15/382 1436/15/382 1437/15/382
f 1415/15/353 1414/15/353 1429/15/353
f 1422/15/385 1437/15/385 1438/15/385
f 1416/15/770 1415/15/770 1430/15/770
f 1428/15/346 1427/15/346 1442/15/346
f 1435/15/393 1450/15/393 1451/15/393
f 1429/15/345 1428/15/345 1443/15/345
f 1436/15/386 1451/15/386 1452/15/386
f 1430/15/349 1429/15/349 1444/15/349
f 1437/15/747 1452/15/747 1453/15/747
f 1431/15/350 1430/15/350 1445/15/350
f 1431/15/359 1446/15/359 1447/15/359
f 1425/15/748 1424/15/748 1439/15/748
f 1432/15/361 1447/15/361 1448/15/361
f 1426/15/514 1425/15/514 1440/15/514
f 1433/15/362 1448/15/362 1449/15/362
f 1427/15/513 1426/15/513 1441/15/513
f 1434/15/580 1449/15/580 1450/15/580
f 1446/15/749 984/15/749 985/15/749
f 1440/15/451 1439/15/451 1454/15/451
f 1447/15/399 985/15/399 1458/15/399
f 1441/15/517 1440/15/517 1455/15/517
f 1448/15/397 1458/15/397 986/15/397
f 1442/15/516 1441/15/516 981/15/516
f 1449/15/395 986/15/395 1459/15/395
f 1443/15/518 1442/15/518 1456/15/518
f 1450/15/392 1459/15/392 1460/15/392
f 1444/15/347 1443/15/347 982/15/347
f 1451/15/390 1460/15/390 1461/15/390
f 1445/15/348 1444/15/348 1457/15/348
f 1452/15/684 1461/15/684 1462/15/684
f 1446/15/407 1445/15/407 983/15/407
