# Blender 4.1.1
# www.blender.org
mtllib SugoiMan.mtl
o オブジェクト
v -1.560930 0.356612 -0.380140
v -1.272939 0.358004 -0.378248
v -1.273195 0.409998 -0.377502
v -1.561186 0.408606 -0.379395
v -1.491070 0.181965 -0.382195
v -1.491469 0.262956 -0.381034
v -1.341474 0.263681 -0.380048
v -1.341075 0.182690 -0.381209
v -1.545846 0.136705 -0.383201
v -1.288855 0.137947 -0.381512
v -1.289702 0.309927 -0.379047
v -1.546694 0.308685 -0.380736
v -1.354412 0.118755 -0.382214
v -1.357934 0.111541 -0.382341
v -1.361334 0.104072 -0.382470
v -1.364588 0.096419 -0.382601
v -1.367673 0.088649 -0.382733
v -1.370564 0.080831 -0.382864
v -1.373235 0.073034 -0.382993
v -1.375665 0.065324 -0.383120
v -1.377828 0.057772 -0.383243
v -1.379699 0.050445 -0.383360
v -1.381255 0.043412 -0.383471
v -1.382472 0.036741 -0.383575
v -1.383324 0.030500 -0.383670
v -1.332262 0.017748 -0.383521
v -1.331641 0.024202 -0.383424
v -1.330656 0.031059 -0.383320
v -1.329332 0.038259 -0.383208
v -1.327692 0.045742 -0.383089
v -1.325761 0.053447 -0.382966
v -1.323563 0.061315 -0.382839
v -1.321122 0.069285 -0.382708
v -1.318464 0.077298 -0.382576
v -1.315611 0.085291 -0.382443
v -1.312589 0.093207 -0.382309
v -1.309421 0.100984 -0.382177
v -1.306132 0.108562 -0.382047
v -1.302746 0.115882 -0.381920
v -1.350793 0.125648 -0.382092
v -1.639905 0.223607 -0.382564
v -1.646332 0.212505 -0.382766
v -1.652563 0.201063 -0.382971
v -1.658556 0.189376 -0.383177
v -1.664266 0.177540 -0.383385
v -1.669651 0.165651 -0.383590
v -1.674668 0.153805 -0.383793
v -1.679273 0.142097 -0.383991
v -1.683423 0.130624 -0.384183
v -1.687075 0.119481 -0.384367
v -1.690185 0.108764 -0.384541
v -1.692711 0.098568 -0.384704
v -1.694609 0.088990 -0.384854
v -1.643527 0.072238 -0.384762
v -1.641665 0.082030 -0.384610
v -1.639236 0.092409 -0.384445
v -1.636278 0.103285 -0.384269
v -1.632825 0.114567 -0.384085
v -1.628912 0.126166 -0.383893
v -1.624573 0.137991 -0.383695
v -1.619846 0.149951 -0.383492
v -1.614763 0.161957 -0.383287
v -1.609360 0.173918 -0.383080
v -1.603673 0.185743 -0.382873
v -1.597736 0.197343 -0.382667
v -1.591585 0.208628 -0.382465
v -1.585254 0.219506 -0.382268
v -1.633326 0.234273 -0.382368
v -1.974167 -0.000354 -0.387955
v -1.973973 -0.009924 -0.388091
v -1.973468 -0.018811 -0.388216
v -1.972622 -0.027041 -0.388328
v -1.971405 -0.034640 -0.388430
v -1.969787 -0.041637 -0.388520
v -1.967738 -0.048059 -0.388599
v -1.965227 -0.053932 -0.388667
v -1.962224 -0.059284 -0.388724
v -1.958699 -0.064141 -0.388771
v -1.954623 -0.068532 -0.388808
v -1.949964 -0.072484 -0.388834
v -1.944692 -0.076022 -0.388851
v -1.938778 -0.079175 -0.388857
v -1.932018 -0.081721 -0.388850
v -1.924681 -0.083901 -0.388834
v -1.916756 -0.085741 -0.388808
v -1.908231 -0.087271 -0.388775
v -1.899097 -0.088516 -0.388734
v -1.889340 -0.089504 -0.388684
v -1.878952 -0.090263 -0.388628
v -1.867920 -0.090819 -0.388564
v -1.856233 -0.091200 -0.388493
v -1.843880 -0.091433 -0.388416
v -1.830852 -0.091545 -0.388333
v -1.817135 -0.091564 -0.388244
v -1.802719 -0.091516 -0.388150
v -1.801731 -0.086891 -0.388077
v -1.800579 -0.081842 -0.387997
v -1.799274 -0.076442 -0.387911
v -1.797825 -0.070766 -0.387820
v -1.796243 -0.064888 -0.387725
v -1.794539 -0.058880 -0.387628
v -1.792723 -0.052817 -0.387529
v -1.790806 -0.046773 -0.387430
v -1.788799 -0.040821 -0.387331
v -1.786711 -0.035035 -0.387234
v -1.784554 -0.029490 -0.387141
v -1.782339 -0.024258 -0.387051
v -1.780074 -0.019414 -0.386967
v -1.779083 -0.022125 -0.386999
v -1.777982 -0.024728 -0.387030
v -1.776762 -0.027225 -0.387058
v -1.775421 -0.029615 -0.387083
v -1.773952 -0.031898 -0.387106
v -1.772350 -0.034073 -0.387127
v -1.770609 -0.036141 -0.387146
v -1.768723 -0.038103 -0.387162
v -1.766688 -0.039956 -0.387175
v -1.764498 -0.041703 -0.387186
v -1.762147 -0.043342 -0.387194
v -1.759630 -0.044875 -0.387200
v -1.756943 -0.046299 -0.387203
v -1.751673 -0.048425 -0.387199
v -1.746023 -0.050252 -0.387188
v -1.739964 -0.051800 -0.387171
v -1.733470 -0.053093 -0.387148
v -1.726512 -0.054151 -0.387118
v -1.719064 -0.054997 -0.387081
v -1.711099 -0.055651 -0.387039
v -1.702587 -0.056137 -0.386991
v -1.693503 -0.056475 -0.386936
v -1.683820 -0.056687 -0.386876
v -1.673507 -0.056795 -0.386811
v -1.662541 -0.056821 -0.386740
v -1.650891 -0.056786 -0.386664
v -1.650132 -0.052725 -0.386600
v -1.649207 -0.048422 -0.386533
v -1.648128 -0.043923 -0.386461
v -1.646905 -0.039270 -0.386386
v -1.645548 -0.034507 -0.386309
v -1.644069 -0.029677 -0.386230
v -1.642478 -0.024826 -0.386150
v -1.640786 -0.019996 -0.386070
v -1.639004 -0.015230 -0.385990
v -1.637141 -0.010574 -0.385911
v -1.635210 -0.006070 -0.385833
v -1.633220 -0.001763 -0.385758
v -1.631183 0.002304 -0.385687
v -1.639624 0.002050 -0.385745
v -1.647844 0.001830 -0.385802
v -1.655799 0.001640 -0.385856
v -1.663446 0.001480 -0.385908
v -1.670741 0.001346 -0.385958
v -1.677639 0.001236 -0.386004
v -1.684099 0.001147 -0.386047
v -1.690075 0.001077 -0.386087
v -1.695524 0.001022 -0.386124
v -1.700402 0.000982 -0.386156
v -1.704666 0.000953 -0.386184
v -1.708272 0.000932 -0.386208
v -1.711175 0.000918 -0.386227
v -1.713362 0.001159 -0.386238
v -1.715311 0.001459 -0.386246
v -1.717034 0.001840 -0.386252
v -1.718541 0.002322 -0.386255
v -1.719845 0.002928 -0.386254
v -1.720955 0.003680 -0.386251
v -1.721883 0.004600 -0.386244
v -1.722640 0.005708 -0.386233
v -1.723237 0.007028 -0.386217
v -1.723685 0.008581 -0.386198
v -1.723994 0.010388 -0.386174
v -1.724177 0.012471 -0.386145
v -1.724244 0.014853 -0.386112
v -1.725535 0.276823 -0.382357
v -1.574540 0.277553 -0.381364
v -1.574816 0.333547 -0.380562
v -1.725811 0.332817 -0.381554
v -1.726274 0.426806 -0.380207
v -1.786272 0.426516 -0.380601
v -1.785809 0.332527 -0.381948
v -1.855806 0.332188 -0.382408
v -1.855531 0.276195 -0.383211
v -1.785533 0.276533 -0.382751
v -1.784237 0.013563 -0.386520
v -1.784206 0.010813 -0.386560
v -1.784139 0.008104 -0.386598
v -1.784038 0.005442 -0.386636
v -1.783900 0.002831 -0.386672
v -1.783728 0.000278 -0.386708
v -1.783521 -0.002211 -0.386742
v -1.783278 -0.004633 -0.386775
v -1.783000 -0.006981 -0.386807
v -1.782687 -0.009249 -0.386838
v -1.782339 -0.011432 -0.386867
v -1.781956 -0.013525 -0.386895
v -1.781537 -0.015522 -0.386921
v -1.781084 -0.017419 -0.386945
v -1.884076 -0.018916 -0.387636
v -1.886920 -0.018642 -0.387651
v -1.889459 -0.018239 -0.387661
v -1.891706 -0.017683 -0.387668
v -1.893675 -0.016955 -0.387670
v -1.895380 -0.016031 -0.387668
v -1.896836 -0.014890 -0.387661
v -1.898055 -0.013511 -0.387649
v -1.899051 -0.011871 -0.387632
v -1.899838 -0.009948 -0.387610
v -1.900431 -0.007722 -0.387582
v -1.900841 -0.005170 -0.387548
v -1.901084 -0.002270 -0.387507
v -1.901174 0.000999 -0.387461
v -1.903460 0.464946 -0.380811
v -1.600470 0.466410 -0.378820
v -1.602032 0.783374 -0.374277
v -1.942021 0.781731 -0.376511
v -1.978020 0.781557 -0.376748
v -1.491311 0.027978 -0.384408
v -1.578357 0.037556 -0.384837
v -1.581111 -0.012452 -0.385573
v -1.554994 -0.015983 -0.385454
v -1.528886 -0.019442 -0.385334
v -1.502866 -0.022831 -0.385213
v -1.477013 -0.026149 -0.385093
v -1.451406 -0.029398 -0.384973
v -1.426125 -0.032577 -0.384854
v -1.401247 -0.035687 -0.384737
v -1.376854 -0.038729 -0.384623
v -1.353023 -0.041702 -0.384510
v -1.329835 -0.044608 -0.384401
v -1.307368 -0.047445 -0.384296
v -1.285701 -0.050216 -0.384195
v -1.264914 -0.052920 -0.384099
v -1.255186 0.002122 -0.383245
v -1.442283 0.022216 -0.384172
v -1.439288 0.023230 -0.384138
v -1.441910 0.030426 -0.384052
v -1.444611 0.038136 -0.383959
v -1.447361 0.046269 -0.383860
v -1.450128 0.054734 -0.383756
v -1.452884 0.063443 -0.383649
v -1.455596 0.072305 -0.383539
v -1.458235 0.081230 -0.383428
v -1.460770 0.090128 -0.383317
v -1.463171 0.098909 -0.383207
v -1.465406 0.107484 -0.383098
v -1.467446 0.115762 -0.382992
v -1.469261 0.123653 -0.382891
v -1.470819 0.131068 -0.382794
v -1.524758 0.118808 -0.383321
v -1.216759 0.524260 -0.375494
v -1.440751 0.523177 -0.376966
v -1.441136 0.601168 -0.375848
v -1.217143 0.602251 -0.374376
v -1.217769 0.729237 -0.372556
v -1.217399 0.654245 -0.373631
v -1.441392 0.653162 -0.375103
v -1.441761 0.728154 -0.374028
v -1.672744 0.522056 -0.378491
v -1.903736 0.520939 -0.380009
v -1.904120 0.598930 -0.378891
v -1.673128 0.600047 -0.377373
v -1.673754 0.727032 -0.375552
v -1.673384 0.652041 -0.376627
v -1.904377 0.650925 -0.378145
v -1.904746 0.725916 -0.377070
v -1.511473 0.466841 -0.378235
v -1.216483 0.468267 -0.376296
v -1.213719 -0.092669 -0.384337
v -1.141721 -0.092321 -0.383863
v -1.146047 0.785578 -0.371280
v -1.513035 0.783804 -0.373692
v -0.206208 0.817598 -0.364709
v -0.221519 0.810471 -0.364911
v -0.237034 0.802882 -0.365121
v -0.252611 0.794902 -0.365337
v -0.268105 0.786603 -0.365557
v -0.283370 0.778057 -0.365779
v -0.298263 0.769335 -0.366001
v -0.312640 0.760509 -0.366221
v -0.326355 0.751650 -0.366438
v -0.339265 0.742831 -0.366648
v -0.351225 0.734123 -0.366851
v -0.362091 0.725598 -0.367044
v -0.371718 0.717328 -0.367226
v -0.328414 0.655543 -0.367832
v -0.319020 0.664307 -0.367645
v -0.308384 0.673387 -0.367445
v -0.296649 0.682698 -0.367235
v -0.283956 0.692158 -0.367016
v -0.270447 0.701686 -0.366792
v -0.256263 0.711197 -0.366563
v -0.241546 0.720610 -0.366332
v -0.226438 0.729842 -0.366101
v -0.211080 0.738810 -0.365872
v -0.195614 0.747433 -0.365648
v -0.180181 0.755626 -0.365430
v -0.164923 0.763307 -0.365220
v -0.149982 0.770395 -0.365021
v -0.191247 0.824190 -0.364517
v -0.151922 0.549543 -0.368207
v -0.167332 0.543011 -0.368401
v -0.183002 0.535962 -0.368604
v -0.198779 0.528475 -0.368814
v -0.214511 0.520631 -0.369029
v -0.230045 0.512510 -0.369247
v -0.245229 0.504190 -0.369465
v -0.259909 0.495753 -0.369682
v -0.273933 0.487278 -0.369895
v -0.287149 0.478846 -0.370102
v -0.299405 0.470535 -0.370301
v -0.310548 0.462426 -0.370490
v -0.320424 0.454599 -0.370666
v -0.277115 0.391815 -0.371287
v -0.267487 0.399889 -0.371108
v -0.256617 0.408284 -0.370917
v -0.244648 0.416921 -0.370715
v -0.231721 0.425724 -0.370504
v -0.217978 0.434616 -0.370287
v -0.203560 0.443519 -0.370066
v -0.188610 0.452357 -0.369841
v -0.173268 0.461051 -0.369617
v -0.157677 0.469526 -0.369394
v -0.141978 0.477704 -0.369174
v -0.126312 0.485507 -0.368960
v -0.110822 0.492859 -0.368754
v -0.095649 0.499682 -0.368557
v -0.136923 0.555477 -0.368024
v -0.352428 0.252463 -0.373778
v -0.340957 0.227728 -0.374059
v -0.328986 0.202427 -0.374345
v -0.316588 0.176702 -0.374633
v -0.303832 0.150696 -0.374924
v -0.290792 0.124548 -0.375215
v -0.277539 0.098401 -0.375504
v -0.264145 0.072397 -0.375791
v -0.250681 0.046678 -0.376073
v -0.237219 0.021384 -0.376349
v -0.223831 -0.003342 -0.376617
v -0.210589 -0.027358 -0.376876
v -0.197563 -0.050524 -0.377124
v -0.184827 -0.072697 -0.377360
v -0.121066 -0.024393 -0.376251
v -0.132838 -0.005526 -0.376057
v -0.145288 0.015062 -0.375842
v -0.158303 0.037176 -0.375609
v -0.171769 0.060623 -0.375359
v -0.185574 0.085210 -0.375096
v -0.199605 0.110743 -0.374820
v -0.213749 0.137030 -0.374535
v -0.227893 0.163876 -0.374241
v -0.241924 0.191089 -0.373941
v -0.255729 0.218475 -0.373638
v -0.269196 0.245841 -0.373332
v -0.282211 0.272993 -0.373027
v -0.294661 0.299738 -0.372723
v -0.693136 0.599784 -0.371004
v -0.692584 0.487797 -0.372609
v -0.692523 0.479012 -0.372735
v -0.692423 0.470198 -0.372861
v -0.692282 0.461358 -0.372987
v -0.692097 0.452500 -0.373113
v -0.691865 0.443629 -0.373239
v -0.691585 0.434749 -0.373365
v -0.691253 0.425867 -0.373490
v -0.690866 0.416988 -0.373615
v -0.690422 0.408118 -0.373740
v -0.689918 0.399261 -0.373864
v -0.689351 0.390424 -0.373987
v -0.688718 0.381612 -0.374110
v -0.688018 0.372830 -0.374231
v -0.861012 0.371994 -0.375368
v -0.862130 0.598968 -0.372115
v -0.693486 0.670776 -0.369987
v -0.935478 0.669607 -0.371577
v -0.934010 0.371641 -0.375848
v -1.018007 0.371235 -0.376400
v -1.017657 0.300243 -0.377417
v -0.737666 0.301596 -0.375577
v -0.749619 0.266441 -0.376160
v -0.763219 0.232659 -0.376734
v -0.778476 0.200319 -0.377298
v -0.795398 0.169490 -0.377851
v -0.813994 0.140238 -0.378392
v -0.834272 0.112634 -0.378920
v -0.856241 0.086745 -0.379435
v -0.879909 0.062638 -0.379935
v -0.905284 0.040383 -0.380420
v -0.932377 0.020048 -0.380888
v -0.961193 0.001701 -0.381339
v -0.991744 -0.014591 -0.381772
v -1.024036 -0.028758 -0.382185
v -1.019783 -0.032437 -0.382210
v -1.015393 -0.036549 -0.382241
v -1.010912 -0.041032 -0.382276
v -1.006382 -0.045823 -0.382315
v -1.001849 -0.050861 -0.382358
v -0.997356 -0.056081 -0.382404
v -0.992947 -0.061422 -0.382452
v -0.988666 -0.066821 -0.382502
v -0.984557 -0.072215 -0.382553
v -0.980664 -0.077542 -0.382604
v -0.977031 -0.082740 -0.382655
v -0.973703 -0.087745 -0.382705
v -0.970722 -0.092494 -0.382754
v -0.937550 -0.076243 -0.382305
v -0.906174 -0.057845 -0.381837
v -0.876570 -0.037348 -0.381350
v -0.848714 -0.014797 -0.380845
v -0.822579 0.009760 -0.380322
v -0.798142 0.036278 -0.379782
v -0.775378 0.064711 -0.379226
v -0.754261 0.095011 -0.378653
v -0.734767 0.127133 -0.378065
v -0.716872 0.161031 -0.377461
v -0.700549 0.196658 -0.376843
v -0.685776 0.233968 -0.376211
v -0.672526 0.272914 -0.375566
v -0.664582 0.241066 -0.375972
v -0.654797 0.209645 -0.376359
v -0.642997 0.178715 -0.376727
v -0.629006 0.148338 -0.377072
v -0.612651 0.118579 -0.377394
v -0.593756 0.089502 -0.377688
v -0.572148 0.061169 -0.377955
v -0.547652 0.033645 -0.378191
v -0.520093 0.006993 -0.378395
v -0.489297 -0.018723 -0.378564
v -0.455089 -0.043439 -0.378697
v -0.417296 -0.067092 -0.378791
v -0.375742 -0.089618 -0.378844
v -0.372506 -0.085761 -0.378768
v -0.368804 -0.081638 -0.378684
v -0.364701 -0.077309 -0.378595
v -0.360263 -0.072831 -0.378502
v -0.355556 -0.068262 -0.378406
v -0.350644 -0.063659 -0.378308
v -0.345592 -0.059079 -0.378209
v -0.340466 -0.054582 -0.378111
v -0.335332 -0.050223 -0.378015
v -0.330254 -0.046062 -0.377923
v -0.325297 -0.042154 -0.377834
v -0.320527 -0.038560 -0.377751
v -0.316010 -0.035335 -0.377676
v -0.356815 -0.014045 -0.377635
v -0.393768 0.008208 -0.377556
v -0.427061 0.031375 -0.377440
v -0.456885 0.055404 -0.377288
v -0.483430 0.080248 -0.377104
v -0.506888 0.105854 -0.376889
v -0.527448 0.132173 -0.376644
v -0.545303 0.159155 -0.376373
v -0.560643 0.186750 -0.376076
v -0.573658 0.214908 -0.375756
v -0.584541 0.243579 -0.375415
v -0.593482 0.272713 -0.375055
v -0.600671 0.302259 -0.374677
v -0.363678 0.303404 -0.373120
v -0.364028 0.374396 -0.372102
v -0.612020 0.373197 -0.373732
v -0.612935 0.381979 -0.373612
v -0.613748 0.390793 -0.373490
v -0.614465 0.399638 -0.373368
v -0.615093 0.408511 -0.373244
v -0.615636 0.417409 -0.373120
v -0.616100 0.426329 -0.372995
v -0.616491 0.435268 -0.372869
v -0.616813 0.444225 -0.372743
v -0.617072 0.453195 -0.372615
v -0.617274 0.462176 -0.372488
v -0.617425 0.471166 -0.372360
v -0.617529 0.480161 -0.372231
v -0.617592 0.489160 -0.372102
v -0.618139 0.600147 -0.370511
v -0.420145 0.601104 -0.369210
v -0.420495 0.672096 -0.368193
v -0.618488 0.671139 -0.369494
v -0.619272 0.830121 -0.367215
v -0.694269 0.829758 -0.367708
v 0.776389 0.288076 -0.365927
v 0.773651 0.262672 -0.366309
v 0.769231 0.239667 -0.366669
v 0.763321 0.219026 -0.367004
v 0.756117 0.200711 -0.367314
v 0.747811 0.184684 -0.367598
v 0.738599 0.170908 -0.367856
v 0.728674 0.159347 -0.368086
v 0.718230 0.149961 -0.368289
v 0.707461 0.142716 -0.368463
v 0.696562 0.137572 -0.368608
v 0.685727 0.134493 -0.368722
v 0.675149 0.133442 -0.368806
v 0.664195 0.134594 -0.368861
v 0.653037 0.138219 -0.368882
v 0.641697 0.144413 -0.368866
v 0.630196 0.153272 -0.368814
v 0.618556 0.164890 -0.368723
v 0.606799 0.179365 -0.368591
v 0.594945 0.196790 -0.368418
v 0.583016 0.217263 -0.368201
v 0.571033 0.240879 -0.367940
v 0.559017 0.267734 -0.367632
v 0.546991 0.297922 -0.367277
v 0.534975 0.331541 -0.366872
v 0.522991 0.368685 -0.366416
v 0.517217 0.388015 -0.366176
v 0.511630 0.407731 -0.365929
v 0.506240 0.427792 -0.365676
v 0.501059 0.448158 -0.365417
v 0.496099 0.468787 -0.365153
v 0.491369 0.489638 -0.364884
v 0.486881 0.510670 -0.364611
v 0.482646 0.531843 -0.364335
v 0.478676 0.553115 -0.364055
v 0.474982 0.574446 -0.363773
v 0.471574 0.595795 -0.363488
v 0.468464 0.617121 -0.363202
v 0.465663 0.638383 -0.362915
v 0.508675 0.630644 -0.362746
v 0.548961 0.618381 -0.362660
v 0.586401 0.602052 -0.362652
v 0.620870 0.582115 -0.362714
v 0.652247 0.559028 -0.362841
v 0.680409 0.533249 -0.363029
v 0.705234 0.505237 -0.363270
v 0.726600 0.475450 -0.363559
v 0.744383 0.444345 -0.363890
v 0.758463 0.412381 -0.364258
v 0.768715 0.380017 -0.364656
v 0.775018 0.347710 -0.365079
v 0.777249 0.315918 -0.365521
v 0.458697 0.305636 -0.367740
v 0.473927 0.263566 -0.368245
v 0.489757 0.225107 -0.368695
v 0.506175 0.190269 -0.369089
v 0.523170 0.159062 -0.369427
v 0.540732 0.131499 -0.369708
v 0.558849 0.107589 -0.369934
v 0.577510 0.087344 -0.370103
v 0.596706 0.070774 -0.370217
v 0.616423 0.057890 -0.370274
v 0.636653 0.048704 -0.370274
v 0.657383 0.043226 -0.370218
v 0.678602 0.041467 -0.370105
v 0.699091 0.043358 -0.369945
v 0.719319 0.048763 -0.369736
v 0.739044 0.057574 -0.369481
v 0.758024 0.069682 -0.369183
v 0.776016 0.084981 -0.368847
v 0.792777 0.103362 -0.368474
v 0.808065 0.124718 -0.368067
v 0.821638 0.148941 -0.367631
v 0.833253 0.175924 -0.367168
v 0.842667 0.205558 -0.366681
v 0.849638 0.237737 -0.366174
v 0.853924 0.272352 -0.365648
v 0.855281 0.309296 -0.365109
v 0.851676 0.358798 -0.364421
v 0.841613 0.406864 -0.363796
v 0.825484 0.453053 -0.363237
v 0.803677 0.496920 -0.362749
v 0.776583 0.538023 -0.362335
v 0.744592 0.575919 -0.361998
v 0.708093 0.610163 -0.361744
v 0.667477 0.640313 -0.361575
v 0.623135 0.665925 -0.361495
v 0.575454 0.686557 -0.361509
v 0.524827 0.701765 -0.361620
v 0.471642 0.711107 -0.361831
v 0.416290 0.714137 -0.362148
v 0.363844 0.711013 -0.362533
v 0.314617 0.702393 -0.362977
v 0.268783 0.688626 -0.363473
v 0.226515 0.670060 -0.364015
v 0.187986 0.647041 -0.364596
v 0.153368 0.619917 -0.365211
v 0.122836 0.589037 -0.365853
v 0.096561 0.554747 -0.366516
v 0.074718 0.517396 -0.367195
v 0.057479 0.477331 -0.367882
v 0.045016 0.434900 -0.368573
v 0.037505 0.390449 -0.369260
v 0.035116 0.344328 -0.369939
v 0.037780 0.297144 -0.370599
v 0.045225 0.252575 -0.371191
v 0.057342 0.210726 -0.371713
v 0.074026 0.171704 -0.372165
v 0.095168 0.135614 -0.372546
v 0.120662 0.102563 -0.372855
v 0.150400 0.072656 -0.373092
v 0.184277 0.046000 -0.373254
v 0.222184 0.022700 -0.373343
v 0.264015 0.002862 -0.373356
v 0.309663 -0.013407 -0.373292
v 0.359021 -0.026001 -0.373152
v 0.411981 -0.034815 -0.372935
v 0.458615 0.039403 -0.371565
v 0.451248 0.040095 -0.371603
v 0.443935 0.040852 -0.371640
v 0.436696 0.041669 -0.371675
v 0.429549 0.042542 -0.371709
v 0.422514 0.043464 -0.371742
v 0.415610 0.044430 -0.371773
v 0.408856 0.045436 -0.371802
v 0.402271 0.046475 -0.371830
v 0.395874 0.047542 -0.371856
v 0.389685 0.048632 -0.371881
v 0.383722 0.049740 -0.371904
v 0.378006 0.050860 -0.371925
v 0.372553 0.051986 -0.371944
v 0.343069 0.059712 -0.372025
v 0.313983 0.069816 -0.372069
v 0.285633 0.082332 -0.372073
v 0.258358 0.097294 -0.372036
v 0.232496 0.114738 -0.371953
v 0.208386 0.134696 -0.371823
v 0.186366 0.157204 -0.371643
v 0.166775 0.182297 -0.371410
v 0.149952 0.210008 -0.371121
v 0.136234 0.240371 -0.370774
v 0.125960 0.273423 -0.370366
v 0.119469 0.309195 -0.369895
v 0.117098 0.347724 -0.369357
v 0.118640 0.382075 -0.368853
v 0.123566 0.415290 -0.368344
v 0.131810 0.447139 -0.367833
v 0.143310 0.477392 -0.367324
v 0.158001 0.505821 -0.366820
v 0.175817 0.532194 -0.366325
v 0.196696 0.556284 -0.365843
v 0.220571 0.577858 -0.365378
v 0.247380 0.596690 -0.364933
v 0.277057 0.612547 -0.364512
v 0.309538 0.625201 -0.364119
v 0.344759 0.634423 -0.363758
v 0.382656 0.639981 -0.363432
v 0.385871 0.618172 -0.363724
v 0.389309 0.596127 -0.364018
v 0.392977 0.573891 -0.364314
v 0.396883 0.551512 -0.364610
v 0.401036 0.529036 -0.364906
v 0.405442 0.506509 -0.365201
v 0.410112 0.483978 -0.365494
v 0.415051 0.461489 -0.365785
v 0.420268 0.439089 -0.366073
v 0.425771 0.416824 -0.366357
v 0.431569 0.394740 -0.366637
v 0.437668 0.372885 -0.366911
v 0.444078 0.351305 -0.367179
v 1.754014 0.441293 -0.357369
v 1.742308 0.434700 -0.357540
v 1.730483 0.427915 -0.357714
v 1.718549 0.420949 -0.357892
v 1.706518 0.413813 -0.358072
v 1.694400 0.406518 -0.358256
v 1.682207 0.399076 -0.358442
v 1.669948 0.391497 -0.358631
v 1.657636 0.383791 -0.358822
v 1.645280 0.375971 -0.359014
v 1.632892 0.368047 -0.359209
v 1.620483 0.360030 -0.359404
v 1.608064 0.351932 -0.359601
v 1.604191 0.366750 -0.359414
v 1.600561 0.381704 -0.359223
v 1.597167 0.396785 -0.359028
v 1.594005 0.411984 -0.358830
v 1.591070 0.427293 -0.358629
v 1.588355 0.442705 -0.358426
v 1.585855 0.458210 -0.358219
v 1.583565 0.473801 -0.358010
v 1.581480 0.489470 -0.357799
v 1.579594 0.505207 -0.357585
v 1.577901 0.521006 -0.357369
v 1.576396 0.536858 -0.357151
v 1.575074 0.552754 -0.356931
v 1.857065 0.554117 -0.355078
v 1.856700 0.628108 -0.354017
v 1.569710 0.626721 -0.355903
v 1.568989 0.643100 -0.355673
v 1.568366 0.659477 -0.355442
v 1.567833 0.675849 -0.355210
v 1.567383 0.692213 -0.354978
v 1.567006 0.708567 -0.354745
v 1.566694 0.724907 -0.354513
v 1.566441 0.741231 -0.354280
v 1.566236 0.757536 -0.354047
v 1.566072 0.773820 -0.353814
v 1.565942 0.790079 -0.353581
v 1.565836 0.806311 -0.353349
v 1.565746 0.822513 -0.353117
v 1.565665 0.838682 -0.352885
v 1.486668 0.838300 -0.353404
v 1.486766 0.822131 -0.353636
v 1.486902 0.805929 -0.353867
v 1.487080 0.789698 -0.354099
v 1.487301 0.773439 -0.354332
v 1.487568 0.757156 -0.354564
v 1.487886 0.740851 -0.354796
v 1.488255 0.724528 -0.355028
v 1.488678 0.708188 -0.355260
v 1.489159 0.691835 -0.355492
v 1.489701 0.675471 -0.355723
v 1.490305 0.659100 -0.355955
v 1.490974 0.642723 -0.356185
v 1.491712 0.626344 -0.356416
v 1.187723 0.624875 -0.358414
v 1.190541 0.052940 -0.366612
v 1.190484 0.044924 -0.366727
v 1.190198 0.037910 -0.366830
v 1.189637 0.031833 -0.366921
v 1.188755 0.026631 -0.367001
v 1.187506 0.022241 -0.367072
v 1.185844 0.018600 -0.367135
v 1.183722 0.015645 -0.367192
v 1.181094 0.013313 -0.367242
v 1.177915 0.011541 -0.367288
v 1.174138 0.010266 -0.367331
v 1.169717 0.009424 -0.367372
v 1.164606 0.008954 -0.367412
v 1.158759 0.008791 -0.367452
v 1.154983 0.008772 -0.367477
v 1.149817 0.008747 -0.367511
v 1.143504 0.008717 -0.367553
v 1.136287 0.008682 -0.367600
v 1.128409 0.008644 -0.367652
v 1.120114 0.008604 -0.367706
v 1.111643 0.008563 -0.367762
v 1.103241 0.008522 -0.367817
v 1.095151 0.008483 -0.367870
v 1.087614 0.008447 -0.367920
v 1.080875 0.008414 -0.367964
v 1.075177 0.008387 -0.368002
v 1.070762 0.008365 -0.368031
v 1.064286 0.008941 -0.368065
v 1.058658 0.010892 -0.368073
v 1.053809 0.014452 -0.368054
v 1.049669 0.019856 -0.368003
v 1.046169 0.027339 -0.367918
v 1.043239 0.037135 -0.367796
v 1.040810 0.049478 -0.367635
v 1.038813 0.064603 -0.367431
v 1.037177 0.082744 -0.367181
v 1.035834 0.104137 -0.366882
v 1.034714 0.129015 -0.366532
v 1.033748 0.157613 -0.366127
v 1.032866 0.190166 -0.365665
v 1.028296 0.186703 -0.365745
v 1.023359 0.183294 -0.365826
v 1.018116 0.179956 -0.365908
v 1.012627 0.176711 -0.365990
v 1.006951 0.173576 -0.366072
v 1.001150 0.170572 -0.366153
v 0.995282 0.167718 -0.366232
v 0.989407 0.165033 -0.366309
v 0.983587 0.162537 -0.366383
v 0.977880 0.160248 -0.366453
v 0.972347 0.158188 -0.366518
v 0.967047 0.156374 -0.366579
v 0.962041 0.154826 -0.366634
v 0.964038 0.118083 -0.367149
v 0.966507 0.085256 -0.367604
v 0.969585 0.056175 -0.368002
v 0.973411 0.030672 -0.368343
v 0.978121 0.008579 -0.368630
v 0.983853 -0.010273 -0.368864
v 0.990744 -0.026053 -0.369045
v 0.998932 -0.038929 -0.369177
v 1.008553 -0.049071 -0.369260
v 1.019746 -0.056646 -0.369296
v 1.032648 -0.061823 -0.369287
v 1.047395 -0.064772 -0.369233
v 1.064127 -0.065660 -0.369137
v 1.068795 -0.065637 -0.369107
v 1.075207 -0.065606 -0.369064
v 1.083044 -0.065569 -0.369013
v 1.091989 -0.065525 -0.368954
v 1.101727 -0.065478 -0.368890
v 1.111939 -0.065429 -0.368823
v 1.122310 -0.065379 -0.368755
v 1.132523 -0.065329 -0.368688
v 1.142261 -0.065282 -0.368624
v 1.151206 -0.065239 -0.368565
v 1.159043 -0.065201 -0.368514
v 1.165454 -0.065170 -0.368471
v 1.170123 -0.065148 -0.368441
v 1.186518 -0.064588 -0.368326
v 1.201141 -0.063002 -0.368208
v 1.214070 -0.060278 -0.368085
v 1.225385 -0.056302 -0.367954
v 1.235164 -0.050963 -0.367814
v 1.243485 -0.044149 -0.367662
v 1.250428 -0.035746 -0.367496
v 1.256070 -0.025642 -0.367314
v 1.260491 -0.013726 -0.367114
v 1.263770 0.000115 -0.366894
v 1.265984 0.015993 -0.366652
v 1.267212 0.034022 -0.366385
v 1.267534 0.054312 -0.366091
v 1.265085 0.551255 -0.358968
v 1.496077 0.552372 -0.357450
v 1.497881 0.532803 -0.357720
v 1.499881 0.513312 -0.357987
v 1.502096 0.493904 -0.358251
v 1.504546 0.474585 -0.358513
v 1.507249 0.455359 -0.358771
v 1.510225 0.436233 -0.359027
v 1.513492 0.417213 -0.359279
v 1.517071 0.398303 -0.359527
v 1.520979 0.379509 -0.359772
v 1.525236 0.360837 -0.360012
v 1.529862 0.342293 -0.360248
v 1.534874 0.323881 -0.360480
v 1.540293 0.305608 -0.360708
v 1.524555 0.294459 -0.360970
v 1.509104 0.283331 -0.361230
v 1.493979 0.272242 -0.361488
v 1.479216 0.261213 -0.361743
v 1.464854 0.250262 -0.361993
v 1.450931 0.239409 -0.362240
v 1.437486 0.228673 -0.362481
v 1.424556 0.218073 -0.362718
v 1.412179 0.207628 -0.362948
v 1.400395 0.197359 -0.363172
v 1.389240 0.187283 -0.363390
v 1.378754 0.177421 -0.363600
v 1.368973 0.167792 -0.363801
v 1.426272 0.107075 -0.364301
v 1.434356 0.115542 -0.364127
v 1.442983 0.124241 -0.363946
v 1.452127 0.133153 -0.363758
v 1.461765 0.142258 -0.363565
v 1.471872 0.151538 -0.363366
v 1.482423 0.160973 -0.363162
v 1.493394 0.170543 -0.362953
v 1.504760 0.180231 -0.362740
v 1.516497 0.190015 -0.362523
v 1.528581 0.199878 -0.362303
v 1.540987 0.209799 -0.362079
v 1.553690 0.219761 -0.361854
v 1.566666 0.229743 -0.361626
v 1.579672 0.201041 -0.361954
v 1.593991 0.172995 -0.362264
v 1.609696 0.145652 -0.362554
v 1.626861 0.119060 -0.362825
v 1.645561 0.093263 -0.363074
v 1.665867 0.068310 -0.363300
v 1.687854 0.044248 -0.363503
v 1.711595 0.021122 -0.363681
v 1.737163 -0.001020 -0.363832
v 1.764633 -0.022131 -0.363957
v 1.794077 -0.042166 -0.364053
v 1.825570 -0.061076 -0.364120
v 1.859184 -0.078815 -0.364157
v 1.861940 -0.074302 -0.364074
v 1.865140 -0.069590 -0.363985
v 1.868733 -0.064732 -0.363892
v 1.872667 -0.059779 -0.363795
v 1.876890 -0.054783 -0.363696
v 1.881350 -0.049798 -0.363596
v 1.885997 -0.044874 -0.363495
v 1.890778 -0.040064 -0.363394
v 1.895642 -0.035421 -0.363296
v 1.900537 -0.030996 -0.363201
v 1.905411 -0.026841 -0.363109
v 1.910213 -0.023009 -0.363023
v 1.914891 -0.019551 -0.362943
v 1.881566 -0.002930 -0.362921
v 1.850463 0.014929 -0.362867
v 1.821503 0.033972 -0.362781
v 1.794608 0.054147 -0.362666
v 1.769698 0.075403 -0.362523
v 1.746695 0.097686 -0.362352
v 1.725519 0.120945 -0.362156
v 1.706093 0.145127 -0.361935
v 1.688336 0.170180 -0.361691
v 1.672170 0.196051 -0.361424
v 1.657516 0.222689 -0.361137
v 1.644295 0.250042 -0.360830
v 1.632427 0.278056 -0.360504
v 1.646735 0.288009 -0.360268
v 1.661125 0.297875 -0.360033
v 1.675573 0.307638 -0.359799
v 1.690054 0.317281 -0.359566
v 1.704544 0.326787 -0.359335
v 1.719019 0.336140 -0.359107
v 1.733453 0.345323 -0.358881
v 1.747823 0.354321 -0.358658
v 1.762104 0.363116 -0.358439
v 1.776271 0.371692 -0.358224
v 1.790299 0.380033 -0.358013
v 1.804166 0.388122 -0.357807
v 1.817845 0.395942 -0.357605
v 1.765590 0.447684 -0.357202
v -1.564180 0.349430 0.119798
v -1.276190 0.350822 0.121690
v -1.276446 0.402816 0.122436
v -1.564436 0.401424 0.120543
v -1.494320 0.174783 0.117743
v -1.494719 0.255774 0.118904
v -1.344724 0.256499 0.119890
v -1.344325 0.175508 0.118729
v -1.549097 0.129523 0.116737
v -1.292105 0.130765 0.118426
v -1.292953 0.302745 0.120891
v -1.549944 0.301503 0.119202
v -1.357663 0.111573 0.117724
v -1.361184 0.104359 0.117597
v -1.364584 0.096890 0.117468
v -1.367839 0.089237 0.117337
v -1.370924 0.081468 0.117205
v -1.373814 0.073650 0.117074
v -1.376486 0.065852 0.116944
v -1.378916 0.058142 0.116818
v -1.381078 0.050590 0.116695
v -1.382950 0.043263 0.116578
v -1.384506 0.036230 0.116467
v -1.385722 0.029559 0.116363
v -1.386575 0.023318 0.116268
v -1.335512 0.010566 0.116417
v -1.334891 0.017020 0.116513
v -1.333907 0.023877 0.116618
v -1.332582 0.031077 0.116730
v -1.330942 0.038560 0.116848
v -1.329011 0.046266 0.116972
v -1.326813 0.054133 0.117099
v -1.324373 0.062104 0.117229
v -1.321714 0.070116 0.117362
v -1.318861 0.078110 0.117495
v -1.315839 0.086025 0.117629
v -1.312671 0.093802 0.117761
v -1.309382 0.101380 0.117891
v -1.305996 0.108700 0.118018
v -1.354044 0.118467 0.117846
v -1.643156 0.216425 0.117374
v -1.649583 0.205323 0.117172
v -1.655814 0.193881 0.116967
v -1.661806 0.182194 0.116760
v -1.667517 0.170358 0.116553
v -1.672902 0.158469 0.116348
v -1.677918 0.146623 0.116145
v -1.682523 0.134915 0.115947
v -1.686673 0.123442 0.115755
v -1.690325 0.112299 0.115571
v -1.693436 0.101582 0.115397
v -1.695962 0.091386 0.115234
v -1.697860 0.081808 0.115084
v -1.646778 0.065056 0.115175
v -1.644915 0.074848 0.115328
v -1.642487 0.085227 0.115493
v -1.639529 0.096103 0.115669
v -1.636075 0.107385 0.115853
v -1.632163 0.118984 0.116045
v -1.627824 0.130809 0.116243
v -1.623096 0.142769 0.116446
v -1.618014 0.154775 0.116651
v -1.612611 0.166736 0.116858
v -1.606924 0.178561 0.117065
v -1.600987 0.190162 0.117270
v -1.594835 0.201446 0.117473
v -1.588504 0.212325 0.117670
v -1.636577 0.227091 0.117570
v -1.977417 -0.007535 0.111983
v -1.977223 -0.017106 0.111846
v -1.976718 -0.025993 0.111722
v -1.975873 -0.034222 0.111609
v -1.974656 -0.041822 0.111508
v -1.973038 -0.048819 0.111418
v -1.970988 -0.055241 0.111339
v -1.968478 -0.061114 0.111271
v -1.965475 -0.066466 0.111214
v -1.961950 -0.071323 0.111167
v -1.957874 -0.075714 0.111130
v -1.953215 -0.079665 0.111104
v -1.947943 -0.083204 0.111087
v -1.942029 -0.086357 0.111080
v -1.935269 -0.088903 0.111088
v -1.927932 -0.091082 0.111104
v -1.920007 -0.092923 0.111129
v -1.911482 -0.094453 0.111163
v -1.902347 -0.095698 0.111204
v -1.892591 -0.096686 0.111254
v -1.882202 -0.097445 0.111310
v -1.871170 -0.098001 0.111374
v -1.859484 -0.098382 0.111445
v -1.847131 -0.098615 0.111521
v -1.834102 -0.098727 0.111605
v -1.820385 -0.098746 0.111694
v -1.805970 -0.098698 0.111788
v -1.804982 -0.094073 0.111861
v -1.803830 -0.089024 0.111941
v -1.802525 -0.083624 0.112027
v -1.801075 -0.077948 0.112118
v -1.799494 -0.072070 0.112213
v -1.797789 -0.066062 0.112310
v -1.795974 -0.059999 0.112409
v -1.794057 -0.053955 0.112508
v -1.792049 -0.048003 0.112607
v -1.789962 -0.042217 0.112703
v -1.787805 -0.036672 0.112797
v -1.785589 -0.031440 0.112887
v -1.783325 -0.026595 0.112971
v -1.782334 -0.029306 0.112938
v -1.781232 -0.031910 0.112908
v -1.780013 -0.034407 0.112880
v -1.778672 -0.036797 0.112855
v -1.777203 -0.039080 0.112831
v -1.775600 -0.041255 0.112811
v -1.773859 -0.043323 0.112792
v -1.771974 -0.045284 0.112776
v -1.769939 -0.047138 0.112763
v -1.767749 -0.048885 0.112752
v -1.765398 -0.050524 0.112744
v -1.762881 -0.052056 0.112738
v -1.760193 -0.053481 0.112735
v -1.754924 -0.055607 0.112739
v -1.749273 -0.057434 0.112749
v -1.743215 -0.058982 0.112767
v -1.736721 -0.060275 0.112790
v -1.729763 -0.061333 0.112820
v -1.722315 -0.062178 0.112856
v -1.714349 -0.062833 0.112899
v -1.705838 -0.063319 0.112947
v -1.696754 -0.063657 0.113001
v -1.687070 -0.063869 0.113061
v -1.676758 -0.063977 0.113127
v -1.665792 -0.064002 0.113198
v -1.654142 -0.063968 0.113274
v -1.653382 -0.059906 0.113337
v -1.652458 -0.055604 0.113405
v -1.651379 -0.051105 0.113477
v -1.650155 -0.046451 0.113552
v -1.648799 -0.041688 0.113629
v -1.647320 -0.036859 0.113708
v -1.645729 -0.032008 0.113788
v -1.644037 -0.027177 0.113868
v -1.642254 -0.022412 0.113948
v -1.640392 -0.017756 0.114027
v -1.638460 -0.013252 0.114105
v -1.636471 -0.008945 0.114179
v -1.634434 -0.004878 0.114251
v -1.642874 -0.005132 0.114193
v -1.651095 -0.005352 0.114136
v -1.659050 -0.005541 0.114081
v -1.666697 -0.005702 0.114029
v -1.673991 -0.005836 0.113980
v -1.680890 -0.005946 0.113934
v -1.687349 -0.006035 0.113890
v -1.693325 -0.006105 0.113851
v -1.698774 -0.006159 0.113814
v -1.703652 -0.006200 0.113782
v -1.707916 -0.006229 0.113754
v -1.711522 -0.006250 0.113730
v -1.714426 -0.006264 0.113711
v -1.716613 -0.006023 0.113700
v -1.718562 -0.005723 0.113692
v -1.720284 -0.005342 0.113686
v -1.721792 -0.004860 0.113683
v -1.723095 -0.004254 0.113684
v -1.724205 -0.003502 0.113687
v -1.725133 -0.002582 0.113694
v -1.725890 -0.001473 0.113705
v -1.726487 -0.000154 0.113720
v -1.726935 0.001399 0.113740
v -1.727245 0.003206 0.113764
v -1.727428 0.005290 0.113792
v -1.727494 0.007671 0.113826
v -1.728786 0.269641 0.117581
v -1.577790 0.270371 0.118574
v -1.578066 0.326365 0.119376
v -1.729061 0.325635 0.118384
v -1.729525 0.419624 0.119731
v -1.789523 0.419334 0.119337
v -1.789059 0.325345 0.117989
v -1.859057 0.325006 0.117529
v -1.858781 0.269013 0.116727
v -1.788784 0.269351 0.117187
v -1.787488 0.006381 0.113418
v -1.787457 0.003631 0.113378
v -1.787390 0.000922 0.113340
v -1.787288 -0.001740 0.113302
v -1.787151 -0.004351 0.113266
v -1.786979 -0.006903 0.113230
v -1.786771 -0.009393 0.113196
v -1.786528 -0.011815 0.113162
v -1.786251 -0.014162 0.113131
v -1.785938 -0.016431 0.113100
v -1.785589 -0.018614 0.113071
v -1.785206 -0.020707 0.113043
v -1.784788 -0.022704 0.113017
v -1.784335 -0.024601 0.112993
v -1.887326 -0.026098 0.112302
v -1.890171 -0.025824 0.112287
v -1.892709 -0.025421 0.112277
v -1.894957 -0.024865 0.112270
v -1.896926 -0.024137 0.112268
v -1.898631 -0.023213 0.112270
v -1.900086 -0.022072 0.112277
v -1.901305 -0.020693 0.112289
v -1.902302 -0.019052 0.112306
v -1.903089 -0.017130 0.112328
v -1.903681 -0.014904 0.112356
v -1.904092 -0.012352 0.112390
v -1.904335 -0.009452 0.112430
v -1.904424 -0.006183 0.112477
v -1.906711 0.457764 0.119127
v -1.603721 0.459229 0.121118
v -1.605283 0.776192 0.125661
v -1.945271 0.774549 0.123427
v -1.981271 0.774375 0.123190
v -1.494561 0.020796 0.115529
v -1.581608 0.030374 0.115101
v -1.584361 -0.019634 0.114365
v -1.558245 -0.023164 0.114484
v -1.532137 -0.026624 0.114604
v -1.506117 -0.030012 0.114724
v -1.480264 -0.033331 0.114845
v -1.454657 -0.036580 0.114965
v -1.429375 -0.039759 0.115083
v -1.404498 -0.042869 0.115200
v -1.380105 -0.045911 0.115315
v -1.356274 -0.048884 0.115428
v -1.333086 -0.051789 0.115537
v -1.310618 -0.054627 0.115642
v -1.288952 -0.057398 0.115743
v -1.268165 -0.060102 0.115839
v -1.258436 -0.005060 0.116693
v -1.445534 0.015034 0.115765
v -1.442538 0.016048 0.115799
v -1.445161 0.023245 0.115886
v -1.447862 0.030954 0.115979
v -1.450611 0.039087 0.116078
v -1.453379 0.047552 0.116182
v -1.456134 0.056261 0.116289
v -1.458847 0.065123 0.116398
v -1.461485 0.074048 0.116509
v -1.464020 0.082946 0.116621
v -1.466421 0.091727 0.116731
v -1.468657 0.100302 0.116840
v -1.470697 0.108580 0.116946
v -1.472512 0.116471 0.117047
v -1.474070 0.123886 0.117144
v -1.528009 0.111626 0.116617
v -1.220009 0.517078 0.124444
v -1.444002 0.515996 0.122972
v -1.444386 0.593987 0.124090
v -1.220394 0.595069 0.125562
v -1.221020 0.722055 0.127382
v -1.220650 0.647063 0.126307
v -1.444643 0.645981 0.124835
v -1.445012 0.720972 0.125910
v -1.675994 0.514874 0.121447
v -1.906986 0.513758 0.119929
v -1.907371 0.591749 0.121047
v -1.676379 0.592865 0.122565
v -1.677005 0.719851 0.124385
v -1.676635 0.644859 0.123311
v -1.907627 0.643743 0.121792
v -1.907997 0.718734 0.122867
v -1.514724 0.459659 0.121703
v -1.219733 0.461085 0.123641
v -1.216969 -0.099851 0.115601
v -1.144972 -0.099503 0.116074
v -1.149298 0.778396 0.128658
v -1.516286 0.776622 0.126246
v -0.209458 0.810416 0.135229
v -0.224769 0.803289 0.135027
v -0.240285 0.795700 0.134817
v -0.255862 0.787720 0.134601
v -0.271355 0.779421 0.134381
v -0.286621 0.770875 0.134159
v -0.301514 0.762153 0.133937
v -0.315890 0.753327 0.133717
v -0.329606 0.744468 0.133500
v -0.342515 0.735649 0.133290
v -0.354476 0.726942 0.133087
v -0.365342 0.718416 0.132894
v -0.374969 0.710146 0.132712
v -0.331665 0.648361 0.132106
v -0.322270 0.657126 0.132293
v -0.311635 0.666205 0.132493
v -0.299900 0.675516 0.132703
v -0.287207 0.684977 0.132921
v -0.273697 0.694504 0.133146
v -0.259514 0.704015 0.133375
v -0.244797 0.713428 0.133606
v -0.229689 0.722660 0.133837
v -0.214331 0.731629 0.134065
v -0.198864 0.740251 0.134290
v -0.183432 0.748444 0.134508
v -0.168174 0.756125 0.134717
v -0.153233 0.763213 0.134916
v -0.194497 0.817008 0.135421
v -0.155172 0.542361 0.131731
v -0.170583 0.535829 0.131537
v -0.186253 0.528780 0.131334
v -0.202030 0.521294 0.131124
v -0.217762 0.513449 0.130909
v -0.233296 0.505328 0.130691
v -0.248479 0.497008 0.130473
v -0.263159 0.488571 0.130256
v -0.277184 0.480096 0.130043
v -0.290400 0.471664 0.129836
v -0.302655 0.463353 0.129637
v -0.313798 0.455244 0.129448
v -0.323675 0.447418 0.129272
v -0.280366 0.384633 0.128651
v -0.270737 0.392707 0.128830
v -0.259867 0.401102 0.129021
v -0.247898 0.409739 0.129223
v -0.234971 0.418542 0.129434
v -0.221228 0.427434 0.129651
v -0.206811 0.436337 0.129872
v -0.191860 0.445175 0.130096
v -0.176519 0.453869 0.130321
v -0.160927 0.462344 0.130544
v -0.145228 0.470522 0.130764
v -0.129563 0.478325 0.130978
v -0.114073 0.485677 0.131184
v -0.098899 0.492500 0.131381
v -0.140174 0.548296 0.131914
v -0.355678 0.245281 0.126160
v -0.344208 0.220546 0.125879
v -0.332237 0.195245 0.125593
v -0.319838 0.169521 0.125304
v -0.307083 0.143514 0.125014
v -0.294043 0.117366 0.124723
v -0.280790 0.091219 0.124433
v -0.267396 0.065216 0.124147
v -0.253932 0.039496 0.123865
v -0.240470 0.014202 0.123589
v -0.227082 -0.010523 0.123321
v -0.213839 -0.034540 0.123062
v -0.200814 -0.057706 0.122814
v -0.188078 -0.079879 0.122578
v -0.124316 -0.031575 0.123687
v -0.136088 -0.012707 0.123881
v -0.148538 0.007880 0.124096
v -0.161553 0.029994 0.124329
v -0.175020 0.053441 0.124578
v -0.188825 0.078028 0.124842
v -0.202856 0.103561 0.125117
v -0.217000 0.129848 0.125403
v -0.231143 0.156694 0.125697
v -0.245175 0.183907 0.125997
v -0.258980 0.211293 0.126300
v -0.272446 0.238659 0.126606
v -0.285462 0.265811 0.126911
v -0.297912 0.292556 0.127214
v -0.696387 0.592603 0.128934
v -0.695835 0.480615 0.127329
v -0.695773 0.471831 0.127203
v -0.695673 0.463016 0.127077
v -0.695532 0.454177 0.126951
v -0.695348 0.445318 0.126825
v -0.695116 0.436447 0.126699
v -0.694836 0.427567 0.126573
v -0.694504 0.418685 0.126448
v -0.694117 0.409806 0.126323
v -0.693672 0.400936 0.126198
v -0.693168 0.392079 0.126074
v -0.692601 0.383242 0.125951
v -0.691969 0.374430 0.125828
v -0.691268 0.365648 0.125707
v -0.864263 0.364812 0.124570
v -0.865381 0.591786 0.127823
v -0.696736 0.663594 0.129951
v -0.938729 0.662425 0.128361
v -0.937260 0.364459 0.124090
v -1.021257 0.364053 0.123538
v -1.020907 0.293061 0.122521
v -0.740917 0.294415 0.124361
v -0.752869 0.259259 0.123778
v -0.766470 0.225477 0.123204
v -0.781727 0.193137 0.122640
v -0.798649 0.162308 0.122087
v -0.817245 0.133057 0.121546
v -0.837522 0.105452 0.121018
v -0.859491 0.079563 0.120503
v -0.883159 0.055456 0.120003
v -0.908535 0.033202 0.119518
v -0.935627 0.012866 0.119050
v -0.964444 -0.005481 0.118599
v -0.994994 -0.021773 0.118166
v -1.027286 -0.035940 0.117753
v -1.023033 -0.039618 0.117728
v -1.018644 -0.043731 0.117697
v -1.014162 -0.048214 0.117662
v -1.009633 -0.053005 0.117622
v -1.005100 -0.058043 0.117579
v -1.000607 -0.063263 0.117534
v -0.996197 -0.068604 0.117486
v -0.991917 -0.074003 0.117436
v -0.987808 -0.079397 0.117385
v -0.983915 -0.084724 0.117334
v -0.980282 -0.089922 0.117283
v -0.976953 -0.094926 0.117233
v -0.973973 -0.099676 0.117184
v -0.940800 -0.083424 0.117633
v -0.909425 -0.065027 0.118101
v -0.879821 -0.044530 0.118588
v -0.851964 -0.021979 0.119093
v -0.825830 0.002578 0.119616
v -0.801393 0.029096 0.120156
v -0.778628 0.057529 0.120712
v -0.757511 0.087829 0.121285
v -0.738018 0.119951 0.121873
v -0.720122 0.153849 0.122476
v -0.703800 0.189476 0.123094
v -0.689026 0.226786 0.123726
v -0.675776 0.265732 0.124372
v -0.667833 0.233884 0.123966
v -0.658048 0.202463 0.123578
v -0.646247 0.171533 0.123211
v -0.632257 0.141156 0.122865
v -0.615901 0.111397 0.122544
v -0.597007 0.082320 0.122249
v -0.575399 0.053987 0.121983
v -0.550902 0.026463 0.121747
v -0.523343 -0.000189 0.121543
v -0.492547 -0.025905 0.121374
v -0.458340 -0.050621 0.121241
v -0.420546 -0.074274 0.121147
v -0.378992 -0.096800 0.121094
v -0.375756 -0.092942 0.121170
v -0.372054 -0.088820 0.121254
v -0.367952 -0.084491 0.121342
v -0.363514 -0.080013 0.121436
v -0.358807 -0.075444 0.121532
v -0.353894 -0.070841 0.121630
v -0.348843 -0.066261 0.121729
v -0.343717 -0.061764 0.121827
v -0.338583 -0.057405 0.121923
v -0.333504 -0.053243 0.122015
v -0.328547 -0.049336 0.122104
v -0.323778 -0.045741 0.122186
v -0.319260 -0.042516 0.122262
v -0.360065 -0.021227 0.122303
v -0.397019 0.001026 0.122382
v -0.430312 0.024193 0.122498
v -0.460136 0.048223 0.122650
v -0.486681 0.073066 0.122834
v -0.510138 0.098672 0.123049
v -0.530699 0.124991 0.123294
v -0.548553 0.151973 0.123565
v -0.563893 0.179568 0.123862
v -0.576909 0.207726 0.124182
v -0.587792 0.236397 0.124523
v -0.596732 0.265531 0.124883
v -0.603921 0.295077 0.125261
v -0.366929 0.296222 0.126818
v -0.367279 0.367214 0.127836
v -0.615271 0.366015 0.126206
v -0.616185 0.374797 0.126326
v -0.616998 0.383611 0.126448
v -0.617716 0.392456 0.126570
v -0.618344 0.401329 0.126693
v -0.618887 0.410227 0.126818
v -0.619351 0.419147 0.126943
v -0.619741 0.428086 0.127069
v -0.620063 0.437043 0.127195
v -0.620323 0.446013 0.127322
v -0.620525 0.454994 0.127450
v -0.620675 0.463984 0.127578
v -0.620779 0.472979 0.127707
v -0.620842 0.481978 0.127836
v -0.621389 0.592965 0.129427
v -0.423396 0.593922 0.130728
v -0.423746 0.664914 0.131745
v -0.621739 0.663957 0.130444
v -0.622523 0.822939 0.132723
v -0.697520 0.822576 0.132230
v 0.773138 0.280894 0.134011
v 0.770400 0.255490 0.133628
v 0.765980 0.232485 0.133269
v 0.760070 0.211844 0.132934
v 0.752866 0.193529 0.132624
v 0.744560 0.177502 0.132340
v 0.735348 0.163726 0.132082
v 0.725423 0.152165 0.131852
v 0.714979 0.142780 0.131649
v 0.704211 0.135534 0.131475
v 0.693311 0.130390 0.131330
v 0.682476 0.127311 0.131215
v 0.671898 0.126260 0.131132
v 0.660944 0.127412 0.131077
v 0.649786 0.131037 0.131056
v 0.638446 0.137231 0.131072
v 0.626945 0.146090 0.131124
v 0.615306 0.157708 0.131215
v 0.603548 0.172183 0.131347
v 0.591694 0.189609 0.131520
v 0.579765 0.210082 0.131737
v 0.567782 0.233697 0.131998
v 0.555766 0.260552 0.132306
v 0.543740 0.290740 0.132661
v 0.531725 0.324359 0.133066
v 0.519740 0.361503 0.133522
v 0.513967 0.380833 0.133762
v 0.508379 0.400549 0.134009
v 0.502990 0.420611 0.134262
v 0.497809 0.440976 0.134521
v 0.492848 0.461605 0.134785
v 0.488118 0.482456 0.135053
v 0.483630 0.503488 0.135326
v 0.479396 0.524661 0.135603
v 0.475425 0.545933 0.135883
v 0.471731 0.567265 0.136165
v 0.468323 0.588614 0.136450
v 0.465213 0.609939 0.136736
v 0.462412 0.631201 0.137023
v 0.505424 0.623462 0.137192
v 0.545711 0.611199 0.137277
v 0.583150 0.594870 0.137286
v 0.617619 0.574933 0.137224
v 0.648996 0.551846 0.137096
v 0.677158 0.526067 0.136909
v 0.701983 0.498055 0.136668
v 0.723349 0.468268 0.136379
v 0.741132 0.437163 0.136048
v 0.755212 0.405200 0.135680
v 0.765464 0.372835 0.135282
v 0.771767 0.340528 0.134859
v 0.773998 0.308737 0.134417
v 0.455446 0.298454 0.132198
v 0.470676 0.256384 0.131692
v 0.486506 0.217925 0.131243
v 0.502924 0.183087 0.130849
v 0.519919 0.151880 0.130511
v 0.537481 0.124317 0.130230
v 0.555598 0.100407 0.130004
v 0.574260 0.080162 0.129834
v 0.593455 0.063592 0.129721
v 0.613173 0.050709 0.129664
v 0.633402 0.041522 0.129664
v 0.654132 0.036044 0.129720
v 0.675352 0.034285 0.129833
v 0.695840 0.036177 0.129993
v 0.716068 0.041581 0.130202
v 0.735793 0.050392 0.130457
v 0.754773 0.062500 0.130754
v 0.772765 0.077799 0.131091
v 0.789526 0.096180 0.131464
v 0.804815 0.117536 0.131870
v 0.818387 0.141759 0.132307
v 0.830002 0.168742 0.132770
v 0.839416 0.198376 0.133257
v 0.846387 0.230555 0.133764
v 0.850673 0.265170 0.134289
v 0.852030 0.302114 0.134829
v 0.848425 0.351616 0.135517
v 0.838362 0.399683 0.136142
v 0.822233 0.445871 0.136700
v 0.800426 0.489739 0.137189
v 0.773332 0.530841 0.137603
v 0.741341 0.568737 0.137939
v 0.704842 0.602981 0.138194
v 0.664227 0.633131 0.138363
v 0.619884 0.658744 0.138443
v 0.572204 0.679376 0.138429
v 0.521576 0.694584 0.138318
v 0.468391 0.703925 0.138107
v 0.413039 0.706955 0.137790
v 0.360593 0.703831 0.137404
v 0.311366 0.695211 0.136961
v 0.265532 0.681444 0.136465
v 0.223264 0.662878 0.135923
v 0.184735 0.639859 0.135342
v 0.150118 0.612735 0.134727
v 0.119585 0.581855 0.134085
v 0.093310 0.547565 0.133422
v 0.071467 0.510214 0.132743
v 0.054228 0.470149 0.132055
v 0.041765 0.427718 0.131365
v 0.034254 0.383268 0.130677
v 0.031865 0.337146 0.129999
v 0.034530 0.289962 0.129339
v 0.041974 0.245393 0.128747
v 0.054091 0.203544 0.128225
v 0.070775 0.164522 0.127772
v 0.091917 0.128432 0.127391
v 0.117411 0.095381 0.127082
v 0.147150 0.065474 0.126846
v 0.181026 0.038818 0.126684
v 0.218934 0.015518 0.126595
v 0.260765 -0.004320 0.126582
v 0.306412 -0.020589 0.126645
v 0.355770 -0.033183 0.126785
v 0.408730 -0.041997 0.127003
v 0.455364 0.032221 0.128373
v 0.447997 0.032913 0.128335
v 0.440684 0.033670 0.128298
v 0.433445 0.034487 0.128263
v 0.426298 0.035360 0.128229
v 0.419263 0.036282 0.128196
v 0.412359 0.037248 0.128165
v 0.405605 0.038254 0.128136
v 0.399020 0.039293 0.128108
v 0.392623 0.040360 0.128082
v 0.386434 0.041450 0.128057
v 0.380471 0.042558 0.128034
v 0.374755 0.043678 0.128013
v 0.369303 0.044804 0.127994
v 0.339818 0.052530 0.127913
v 0.310732 0.062634 0.127869
v 0.282382 0.075150 0.127865
v 0.255107 0.090112 0.127902
v 0.229245 0.107556 0.127985
v 0.205135 0.127514 0.128114
v 0.183115 0.150023 0.128295
v 0.163525 0.175115 0.128528
v 0.146701 0.202826 0.128816
v 0.132983 0.233190 0.129163
v 0.122709 0.266241 0.129571
v 0.116218 0.302013 0.130043
v 0.113848 0.340542 0.130581
v 0.115389 0.374893 0.131085
v 0.120315 0.408108 0.131594
v 0.128560 0.439957 0.132105
v 0.140059 0.470210 0.132614
v 0.154750 0.498639 0.133118
v 0.172566 0.525012 0.133613
v 0.193445 0.549102 0.134095
v 0.217321 0.570677 0.134560
v 0.244129 0.589508 0.135005
v 0.273806 0.605365 0.135426
v 0.306288 0.618020 0.135819
v 0.341509 0.627241 0.136180
v 0.379405 0.632800 0.136506
v 0.382620 0.610991 0.136214
v 0.386058 0.588945 0.135920
v 0.389726 0.566709 0.135624
v 0.393632 0.544330 0.135328
v 0.397785 0.521854 0.135032
v 0.402192 0.499327 0.134737
v 0.406861 0.476796 0.134444
v 0.411800 0.454307 0.134153
v 0.417017 0.431907 0.133865
v 0.422521 0.409642 0.133581
v 0.428318 0.387559 0.133301
v 0.434417 0.365703 0.133027
v 0.440827 0.344123 0.132759
v 1.750763 0.434112 0.142569
v 1.739057 0.427518 0.142398
v 1.727232 0.420733 0.142224
v 1.715298 0.413767 0.142046
v 1.703267 0.406631 0.141865
v 1.691149 0.399336 0.141682
v 1.678956 0.391894 0.141496
v 1.666697 0.384315 0.141307
v 1.654385 0.376609 0.141116
v 1.642030 0.368789 0.140924
v 1.629642 0.360865 0.140729
v 1.617233 0.352849 0.140533
v 1.604813 0.344750 0.140336
v 1.600940 0.359569 0.140524
v 1.597310 0.374522 0.140715
v 1.593917 0.389603 0.140910
v 1.590755 0.404802 0.141108
v 1.587819 0.420111 0.141308
v 1.585104 0.435523 0.141512
v 1.582604 0.451028 0.141719
v 1.580315 0.466619 0.141928
v 1.578229 0.482288 0.142139
v 1.576343 0.498025 0.142353
v 1.574650 0.513824 0.142569
v 1.573145 0.529676 0.142787
v 1.571824 0.545572 0.143007
v 1.853814 0.546935 0.144860
v 1.853450 0.620926 0.145921
v 1.566459 0.619539 0.144034
v 1.565738 0.635918 0.144265
v 1.565115 0.652295 0.144496
v 1.564583 0.668667 0.144728
v 1.564132 0.685031 0.144960
v 1.563755 0.701385 0.145193
v 1.563444 0.717725 0.145425
v 1.563190 0.734049 0.145658
v 1.562985 0.750354 0.145891
v 1.562822 0.766638 0.146124
v 1.562691 0.782897 0.146357
v 1.562585 0.799129 0.146589
v 1.562496 0.815331 0.146821
v 1.562415 0.831500 0.147053
v 1.483417 0.831118 0.146534
v 1.483515 0.814949 0.146302
v 1.483651 0.798747 0.146070
v 1.483829 0.782516 0.145838
v 1.484050 0.766257 0.145606
v 1.484318 0.749974 0.145374
v 1.484635 0.733669 0.145142
v 1.485004 0.717346 0.144910
v 1.485427 0.701006 0.144678
v 1.485909 0.684653 0.144446
v 1.486450 0.668290 0.144215
v 1.487054 0.651918 0.143983
v 1.487724 0.635541 0.143752
v 1.488462 0.619162 0.143522
v 1.184472 0.617693 0.141524
v 1.187290 0.045758 0.133326
v 1.187233 0.037743 0.133211
v 1.186947 0.030728 0.133108
v 1.186387 0.024651 0.133017
v 1.185505 0.019449 0.132937
v 1.184255 0.015059 0.132866
v 1.182593 0.011418 0.132802
v 1.180471 0.008464 0.132746
v 1.177843 0.006132 0.132696
v 1.174664 0.004359 0.132649
v 1.170887 0.003084 0.132607
v 1.166466 0.002243 0.132566
v 1.161355 0.001772 0.132526
v 1.155508 0.001609 0.132485
v 1.151732 0.001591 0.132461
v 1.146566 0.001566 0.132427
v 1.140253 0.001535 0.132385
v 1.133036 0.001500 0.132338
v 1.125159 0.001462 0.132286
v 1.116863 0.001422 0.132231
v 1.108393 0.001381 0.132176
v 1.099991 0.001340 0.132121
v 1.091900 0.001301 0.132067
v 1.084363 0.001265 0.132018
v 1.077625 0.001232 0.131974
v 1.071926 0.001205 0.131936
v 1.067511 0.001183 0.131907
v 1.061035 0.001759 0.131873
v 1.055408 0.003710 0.131865
v 1.050559 0.007270 0.131884
v 1.046419 0.012674 0.131935
v 1.042918 0.020157 0.132020
v 1.039989 0.029953 0.132141
v 1.037560 0.042296 0.132303
v 1.035562 0.057421 0.132507
v 1.033926 0.075562 0.132757
v 1.032583 0.096955 0.133056
v 1.031463 0.121833 0.133406
v 1.030497 0.150431 0.133810
v 1.029615 0.182984 0.134272
v 1.025045 0.179521 0.134193
v 1.020108 0.176112 0.134112
v 1.014865 0.172775 0.134030
v 1.009376 0.169529 0.133947
v 1.003701 0.166394 0.133866
v 0.997899 0.163390 0.133785
v 0.992031 0.160536 0.133706
v 0.986157 0.157851 0.133629
v 0.980336 0.155355 0.133555
v 0.974629 0.153067 0.133485
v 0.969096 0.151006 0.133419
v 0.963796 0.149192 0.133359
v 0.958790 0.147645 0.133304
v 0.960787 0.110902 0.132789
v 0.963256 0.078074 0.132334
v 0.966335 0.048993 0.131936
v 0.970160 0.023491 0.131595
v 0.974870 0.001397 0.131308
v 0.980602 -0.017455 0.131074
v 0.987493 -0.033235 0.130892
v 0.995681 -0.046111 0.130761
v 1.005303 -0.056253 0.130678
v 1.016495 -0.063828 0.130641
v 1.029397 -0.069005 0.130651
v 1.044145 -0.071954 0.130705
v 1.060876 -0.072842 0.130801
v 1.065545 -0.072819 0.130831
v 1.071956 -0.072788 0.130873
v 1.079793 -0.072750 0.130925
v 1.088738 -0.072707 0.130984
v 1.098476 -0.072660 0.131048
v 1.108689 -0.072611 0.131115
v 1.119060 -0.072561 0.131183
v 1.129272 -0.072511 0.131250
v 1.139010 -0.072464 0.131314
v 1.147955 -0.072421 0.131373
v 1.155792 -0.072383 0.131424
v 1.162203 -0.072352 0.131466
v 1.166872 -0.072330 0.131497
v 1.183267 -0.071770 0.131612
v 1.197890 -0.070184 0.131730
v 1.210820 -0.067460 0.131853
v 1.222135 -0.063484 0.131984
v 1.231913 -0.058145 0.132124
v 1.240235 -0.051330 0.132276
v 1.247177 -0.042928 0.132442
v 1.252820 -0.032824 0.132624
v 1.257241 -0.020908 0.132823
v 1.260519 -0.007067 0.133044
v 1.262733 0.008812 0.133286
v 1.263961 0.026840 0.133553
v 1.264283 0.047131 0.133847
v 1.261834 0.544073 0.140970
v 1.492826 0.545190 0.142488
v 1.494630 0.525622 0.142218
v 1.496630 0.506131 0.141951
v 1.498845 0.486722 0.141687
v 1.501295 0.467403 0.141425
v 1.503998 0.448177 0.141167
v 1.506974 0.429051 0.140911
v 1.510242 0.410031 0.140659
v 1.513820 0.391121 0.140411
v 1.517728 0.372327 0.140166
v 1.521986 0.353655 0.139926
v 1.526611 0.335111 0.139689
v 1.531623 0.316699 0.139457
v 1.537042 0.298426 0.139230
v 1.521304 0.287277 0.138968
v 1.505854 0.276149 0.138707
v 1.490728 0.265061 0.138450
v 1.475965 0.254031 0.138195
v 1.461603 0.243080 0.137945
v 1.447680 0.232227 0.137698
v 1.434235 0.221491 0.137457
v 1.421305 0.210891 0.137220
v 1.408929 0.200446 0.136990
v 1.397144 0.190177 0.136765
v 1.385990 0.180101 0.136548
v 1.375503 0.170240 0.136338
v 1.365723 0.160611 0.136136
v 1.423021 0.099893 0.135637
v 1.431105 0.108360 0.135811
v 1.439732 0.117059 0.135992
v 1.448877 0.125971 0.136180
v 1.458514 0.135076 0.136373
v 1.468621 0.144356 0.136572
v 1.479172 0.153791 0.136776
v 1.490143 0.163362 0.136985
v 1.501509 0.173049 0.137198
v 1.513247 0.182833 0.137415
v 1.525330 0.192696 0.137635
v 1.537736 0.202618 0.137858
v 1.550439 0.212579 0.138084
v 1.563415 0.222561 0.138312
v 1.576421 0.193859 0.137984
v 1.590740 0.165813 0.137674
v 1.606445 0.138470 0.137384
v 1.623611 0.111878 0.137113
v 1.642310 0.086081 0.136864
v 1.662616 0.061129 0.136638
v 1.684603 0.037066 0.136435
v 1.708344 0.013940 0.136257
v 1.733912 -0.008202 0.136105
v 1.761382 -0.029313 0.135981
v 1.790827 -0.049348 0.135884
v 1.822319 -0.068258 0.135818
v 1.855933 -0.085997 0.135781
v 1.858689 -0.081484 0.135864
v 1.861889 -0.076772 0.135953
v 1.865482 -0.071914 0.136046
v 1.869416 -0.066961 0.136142
v 1.873639 -0.061965 0.136242
v 1.878100 -0.056980 0.136342
v 1.882746 -0.052056 0.136443
v 1.887527 -0.047246 0.136543
v 1.892391 -0.042603 0.136642
v 1.897286 -0.038178 0.136737
v 1.902160 -0.034023 0.136829
v 1.906962 -0.030191 0.136915
v 1.911641 -0.026733 0.136995
v 1.878315 -0.010112 0.137017
v 1.847212 0.007747 0.137071
v 1.818252 0.026790 0.137157
v 1.791357 0.046965 0.137271
v 1.766447 0.068221 0.137415
v 1.743444 0.090504 0.137585
v 1.722269 0.113763 0.137782
v 1.702842 0.137945 0.138003
v 1.685085 0.162998 0.138247
v 1.668919 0.188869 0.138514
v 1.654265 0.215508 0.138801
v 1.641044 0.242860 0.139108
v 1.629177 0.270874 0.139434
v 1.643484 0.280827 0.139670
v 1.657874 0.290693 0.139905
v 1.672322 0.300456 0.140139
v 1.686804 0.310099 0.140372
v 1.701294 0.319605 0.140602
v 1.715768 0.328958 0.140831
v 1.730202 0.338142 0.141057
v 1.744572 0.347139 0.141279
v 1.758853 0.355934 0.141499
v 1.773020 0.364510 0.141714
v 1.787049 0.372851 0.141925
v 1.800915 0.380940 0.142131
v 1.814594 0.388760 0.142333
v 1.762340 0.440502 0.142736
v 1.750763 0.434112 0.142569
v 1.754014 0.441293 -0.357369
v 1.739057 0.427518 0.142398
v 1.742308 0.434700 -0.357540
v 1.727232 0.420733 0.142224
v 1.730483 0.427915 -0.357714
v 1.715298 0.413767 0.142046
v 1.718549 0.420949 -0.357892
v 1.703267 0.406631 0.141865
v 1.706518 0.413813 -0.358072
v 1.691149 0.399336 0.141682
v 1.694400 0.406518 -0.358256
v 1.678956 0.391894 0.141496
v 1.682207 0.399076 -0.358442
v 1.666697 0.384315 0.141307
v 1.669948 0.391497 -0.358631
v 1.654385 0.376609 0.141116
v 1.657636 0.383791 -0.358822
v 1.642030 0.368789 0.140924
v 1.645280 0.375971 -0.359014
v 1.629642 0.360865 0.140729
v 1.632892 0.368047 -0.359209
v 1.617233 0.352849 0.140533
v 1.620483 0.360030 -0.359404
v 1.604813 0.344750 0.140336
v 1.608064 0.351932 -0.359601
v 1.600940 0.359569 0.140524
v 1.604191 0.366750 -0.359414
v 1.597310 0.374522 0.140715
v 1.600561 0.381704 -0.359223
v 1.593917 0.389603 0.140910
v 1.597167 0.396785 -0.359028
v 1.590755 0.404802 0.141108
v 1.594005 0.411984 -0.358830
v 1.587819 0.420111 0.141308
v 1.591070 0.427293 -0.358629
v 1.585104 0.435523 0.141512
v 1.588355 0.442705 -0.358426
v 1.582604 0.451028 0.141719
v 1.585855 0.458210 -0.358219
v 1.580315 0.466619 0.141928
v 1.583565 0.473801 -0.358010
v 1.578229 0.482288 0.142139
v 1.581480 0.489470 -0.357799
v 1.576343 0.498025 0.142353
v 1.579594 0.505207 -0.357585
v 1.574650 0.513824 0.142569
v 1.577901 0.521006 -0.357369
v 1.573145 0.529676 0.142787
v 1.576396 0.536858 -0.357151
v 1.571824 0.545572 0.143007
v 1.575074 0.552754 -0.356931
v 1.853814 0.546935 0.144860
v 1.857065 0.554117 -0.355078
v 1.853450 0.620926 0.145921
v 1.856700 0.628108 -0.354017
v 1.566459 0.619539 0.144034
v 1.569710 0.626721 -0.355903
v 1.565738 0.635918 0.144265
v 1.568989 0.643100 -0.355673
v 1.565115 0.652295 0.144496
v 1.568366 0.659477 -0.355442
v 1.564583 0.668667 0.144728
v 1.567833 0.675849 -0.355210
v 1.564132 0.685031 0.144960
v 1.567383 0.692213 -0.354978
v 1.563755 0.701385 0.145193
v 1.567006 0.708567 -0.354745
v 1.563444 0.717725 0.145425
v 1.566694 0.724907 -0.354513
v 1.563190 0.734049 0.145658
v 1.566441 0.741231 -0.354280
v 1.562985 0.750354 0.145891
v 1.566236 0.757536 -0.354047
v 1.562822 0.766638 0.146124
v 1.566072 0.773820 -0.353814
v 1.562691 0.782897 0.146357
v 1.565942 0.790079 -0.353581
v 1.562585 0.799129 0.146589
v 1.565836 0.806311 -0.353349
v 1.562496 0.815331 0.146821
v 1.565746 0.822513 -0.353117
v 1.562415 0.831500 0.147053
v 1.565665 0.838682 -0.352885
v 1.483417 0.831118 0.146534
v 1.486668 0.838300 -0.353404
v 1.483515 0.814949 0.146302
v 1.486766 0.822131 -0.353636
v 1.483651 0.798747 0.146070
v 1.486902 0.805929 -0.353867
v 1.483829 0.782516 0.145838
v 1.487080 0.789698 -0.354099
v 1.484050 0.766257 0.145606
v 1.487301 0.773439 -0.354332
v 1.484318 0.749974 0.145374
v 1.487568 0.757156 -0.354564
v 1.484635 0.733669 0.145142
v 1.487886 0.740851 -0.354796
v 1.485004 0.717346 0.144910
v 1.488255 0.724528 -0.355028
v 1.485427 0.701006 0.144678
v 1.488678 0.708188 -0.355260
v 1.485909 0.684653 0.144446
v 1.489159 0.691835 -0.355492
v 1.486450 0.668290 0.144215
v 1.489701 0.675471 -0.355723
v 1.487054 0.651918 0.143983
v 1.490305 0.659100 -0.355955
v 1.487724 0.635541 0.143752
v 1.490974 0.642723 -0.356185
v 1.488462 0.619162 0.143522
v 1.491712 0.626344 -0.356416
v 1.184472 0.617693 0.141524
v 1.187723 0.624875 -0.358414
v 1.187290 0.045758 0.133326
v 1.190541 0.052940 -0.366612
v 1.187233 0.037743 0.133211
v 1.190484 0.044924 -0.366727
v 1.186947 0.030728 0.133108
v 1.190198 0.037910 -0.366830
v 1.186387 0.024651 0.133017
v 1.189637 0.031833 -0.366921
v 1.185505 0.019449 0.132937
v 1.188755 0.026631 -0.367001
v 1.184255 0.015059 0.132866
v 1.187506 0.022241 -0.367072
v 1.182593 0.011418 0.132802
v 1.185844 0.018600 -0.367135
v 1.180471 0.008464 0.132746
v 1.183722 0.015645 -0.367192
v 1.177843 0.006132 0.132696
v 1.181094 0.013313 -0.367242
v 1.174664 0.004359 0.132649
v 1.177915 0.011541 -0.367288
v 1.170887 0.003084 0.132607
v 1.174138 0.010266 -0.367331
v 1.166466 0.002243 0.132566
v 1.169717 0.009424 -0.367372
v 1.161355 0.001772 0.132526
v 1.164606 0.008954 -0.367412
v 1.155508 0.001609 0.132485
v 1.158759 0.008791 -0.367452
v 1.151732 0.001591 0.132461
v 1.154983 0.008772 -0.367477
v 1.146566 0.001566 0.132427
v 1.149817 0.008747 -0.367511
v 1.140253 0.001535 0.132385
v 1.143504 0.008717 -0.367553
v 1.133036 0.001500 0.132338
v 1.136287 0.008682 -0.367600
v 1.125159 0.001462 0.132286
v 1.128409 0.008644 -0.367652
v 1.116863 0.001422 0.132231
v 1.120114 0.008604 -0.367706
v 1.108393 0.001381 0.132176
v 1.111643 0.008563 -0.367762
v 1.099991 0.001340 0.132121
v 1.103241 0.008522 -0.367817
v 1.091900 0.001301 0.132067
v 1.095151 0.008483 -0.367870
v 1.084363 0.001265 0.132018
v 1.087614 0.008447 -0.367920
v 1.077625 0.001232 0.131974
v 1.080875 0.008414 -0.367964
v 1.071926 0.001205 0.131936
v 1.075177 0.008387 -0.368002
v 1.067511 0.001183 0.131907
v 1.070762 0.008365 -0.368031
v 1.061035 0.001759 0.131873
v 1.064286 0.008941 -0.368065
v 1.055408 0.003710 0.131865
v 1.058658 0.010892 -0.368073
v 1.050559 0.007270 0.131884
v 1.053809 0.014452 -0.368054
v 1.046419 0.012674 0.131935
v 1.049669 0.019856 -0.368003
v 1.042918 0.020157 0.132020
v 1.046169 0.027339 -0.367918
v 1.039989 0.029953 0.132141
v 1.043239 0.037135 -0.367796
v 1.037560 0.042296 0.132303
v 1.040810 0.049478 -0.367635
v 1.035562 0.057421 0.132507
v 1.038813 0.064603 -0.367431
v 1.033926 0.075562 0.132757
v 1.037177 0.082744 -0.367181
v 1.032583 0.096955 0.133056
v 1.035834 0.104137 -0.366882
v 1.031463 0.121833 0.133406
v 1.034714 0.129015 -0.366532
v 1.030497 0.150431 0.133810
v 1.033748 0.157613 -0.366127
v 1.029615 0.182984 0.134272
v 1.032866 0.190166 -0.365665
v 1.025045 0.179521 0.134193
v 1.028296 0.186703 -0.365745
v 1.020108 0.176112 0.134112
v 1.023359 0.183294 -0.365826
v 1.014865 0.172775 0.134030
v 1.018116 0.179956 -0.365908
v 1.009376 0.169529 0.133947
v 1.012627 0.176711 -0.365990
v 1.003701 0.166394 0.133866
v 1.006951 0.173576 -0.366072
v 0.997899 0.163390 0.133785
v 1.001150 0.170572 -0.366153
v 0.992031 0.160536 0.133706
v 0.995282 0.167718 -0.366232
v 0.986157 0.157851 0.133629
v 0.989407 0.165033 -0.366309
v 0.980336 0.155355 0.133555
v 0.983587 0.162537 -0.366383
v 0.974629 0.153067 0.133485
v 0.977880 0.160248 -0.366453
v 0.969096 0.151006 0.133419
v 0.972347 0.158188 -0.366518
v 0.963796 0.149192 0.133359
v 0.967047 0.156374 -0.366579
v 0.958790 0.147645 0.133304
v 0.962041 0.154826 -0.366634
v 0.960787 0.110902 0.132789
v 0.964038 0.118083 -0.367149
v 0.963256 0.078074 0.132334
v 0.966507 0.085256 -0.367604
v 0.966335 0.048993 0.131936
v 0.969585 0.056175 -0.368002
v 0.970160 0.023491 0.131595
v 0.973411 0.030672 -0.368343
v 0.974870 0.001397 0.131308
v 0.978121 0.008579 -0.368630
v 0.980602 -0.017455 0.131074
v 0.983853 -0.010273 -0.368864
v 0.987493 -0.033235 0.130892
v 0.990744 -0.026053 -0.369045
v 0.995681 -0.046111 0.130761
v 0.998932 -0.038929 -0.369177
v 1.005303 -0.056253 0.130678
v 1.008553 -0.049071 -0.369260
v 1.016495 -0.063828 0.130641
v 1.019746 -0.056646 -0.369296
v 1.029397 -0.069005 0.130651
v 1.032648 -0.061823 -0.369287
v 1.044145 -0.071954 0.130705
v 1.047395 -0.064772 -0.369233
v 1.060876 -0.072842 0.130801
v 1.064127 -0.065660 -0.369137
v 1.065545 -0.072819 0.130831
v 1.068795 -0.065637 -0.369107
v 1.071956 -0.072788 0.130873
v 1.075207 -0.065606 -0.369064
v 1.079793 -0.072750 0.130925
v 1.083044 -0.065569 -0.369013
v 1.088738 -0.072707 0.130984
v 1.091989 -0.065525 -0.368954
v 1.098476 -0.072660 0.131048
v 1.101727 -0.065478 -0.368890
v 1.108689 -0.072611 0.131115
v 1.111939 -0.065429 -0.368823
v 1.119060 -0.072561 0.131183
v 1.122310 -0.065379 -0.368755
v 1.129272 -0.072511 0.131250
v 1.132523 -0.065329 -0.368688
v 1.139010 -0.072464 0.131314
v 1.142261 -0.065282 -0.368624
v 1.147955 -0.072421 0.131373
v 1.151206 -0.065239 -0.368565
v 1.155792 -0.072383 0.131424
v 1.159043 -0.065201 -0.368514
v 1.162203 -0.072352 0.131466
v 1.165454 -0.065170 -0.368471
v 1.166872 -0.072330 0.131497
v 1.170123 -0.065148 -0.368441
v 1.183267 -0.071770 0.131612
v 1.186518 -0.064588 -0.368326
v 1.197890 -0.070184 0.131730
v 1.201141 -0.063002 -0.368208
v 1.210820 -0.067460 0.131853
v 1.214070 -0.060278 -0.368085
v 1.222135 -0.063484 0.131984
v 1.225385 -0.056302 -0.367954
v 1.231913 -0.058145 0.132124
v 1.235164 -0.050963 -0.367814
v 1.240235 -0.051330 0.132276
v 1.243485 -0.044149 -0.367662
v 1.247177 -0.042928 0.132442
v 1.250428 -0.035746 -0.367496
v 1.252820 -0.032824 0.132624
v 1.256070 -0.025642 -0.367314
v 1.257241 -0.020908 0.132823
v 1.260491 -0.013726 -0.367114
v 1.260519 -0.007067 0.133044
v 1.263770 0.000115 -0.366894
v 1.262733 0.008812 0.133286
v 1.265984 0.015993 -0.366652
v 1.263961 0.026840 0.133553
v 1.267212 0.034022 -0.366385
v 1.264283 0.047131 0.133847
v 1.267534 0.054312 -0.366091
v 1.261834 0.544073 0.140970
v 1.265085 0.551255 -0.358968
v 1.492826 0.545190 0.142488
v 1.496077 0.552372 -0.357450
v 1.494630 0.525622 0.142218
v 1.497881 0.532803 -0.357720
v 1.496630 0.506131 0.141951
v 1.499881 0.513312 -0.357987
v 1.498845 0.486722 0.141687
v 1.502096 0.493904 -0.358251
v 1.501295 0.467403 0.141425
v 1.504546 0.474585 -0.358513
v 1.503998 0.448177 0.141167
v 1.507249 0.455359 -0.358771
v 1.506974 0.429051 0.140911
v 1.510225 0.436233 -0.359027
v 1.510242 0.410031 0.140659
v 1.513492 0.417213 -0.359279
v 1.513820 0.391121 0.140411
v 1.517071 0.398303 -0.359527
v 1.517728 0.372327 0.140166
v 1.520979 0.379509 -0.359772
v 1.521986 0.353655 0.139926
v 1.525236 0.360837 -0.360012
v 1.526611 0.335111 0.139689
v 1.529862 0.342293 -0.360248
v 1.531623 0.316699 0.139457
v 1.534874 0.323881 -0.360480
v 1.537042 0.298426 0.139230
v 1.540293 0.305608 -0.360708
v 1.521304 0.287277 0.138968
v 1.524555 0.294459 -0.360970
v 1.505854 0.276149 0.138707
v 1.509104 0.283331 -0.361230
v 1.490728 0.265061 0.138450
v 1.493979 0.272242 -0.361488
v 1.475965 0.254031 0.138195
v 1.479216 0.261213 -0.361743
v 1.461603 0.243080 0.137945
v 1.464854 0.250262 -0.361993
v 1.447680 0.232227 0.137698
v 1.450931 0.239409 -0.362240
v 1.434235 0.221491 0.137457
v 1.437486 0.228673 -0.362481
v 1.421305 0.210891 0.137220
v 1.424556 0.218073 -0.362718
v 1.408929 0.200446 0.136990
v 1.412179 0.207628 -0.362948
v 1.397144 0.190177 0.136765
v 1.400395 0.197359 -0.363172
v 1.385990 0.180101 0.136548
v 1.389240 0.187283 -0.363390
v 1.375503 0.170240 0.136338
v 1.378754 0.177421 -0.363600
v 1.365723 0.160611 0.136136
v 1.368973 0.167792 -0.363801
v 1.423021 0.099893 0.135637
v 1.426272 0.107075 -0.364301
v 1.431105 0.108360 0.135811
v 1.434356 0.115542 -0.364127
v 1.439732 0.117059 0.135992
v 1.442983 0.124241 -0.363946
v 1.448877 0.125971 0.136180
v 1.452127 0.133153 -0.363758
v 1.458514 0.135076 0.136373
v 1.461765 0.142258 -0.363565
v 1.468621 0.144356 0.136572
v 1.471872 0.151538 -0.363366
v 1.479172 0.153791 0.136776
v 1.482423 0.160973 -0.363162
v 1.490143 0.163362 0.136985
v 1.493394 0.170543 -0.362953
v 1.501509 0.173049 0.137198
v 1.504760 0.180231 -0.362740
v 1.513247 0.182833 0.137415
v 1.516497 0.190015 -0.362523
v 1.525330 0.192696 0.137635
v 1.528581 0.199878 -0.362303
v 1.537736 0.202618 0.137858
v 1.540987 0.209799 -0.362079
v 1.550439 0.212579 0.138084
v 1.553690 0.219761 -0.361854
v 1.563415 0.222561 0.138312
v 1.566666 0.229743 -0.361626
v 1.576421 0.193859 0.137984
v 1.579672 0.201041 -0.361954
v 1.590740 0.165813 0.137674
v 1.593991 0.172995 -0.362264
v 1.606445 0.138470 0.137384
v 1.609696 0.145652 -0.362554
v 1.623611 0.111878 0.137113
v 1.626861 0.119060 -0.362825
v 1.642310 0.086081 0.136864
v 1.645561 0.093263 -0.363074
v 1.662616 0.061129 0.136638
v 1.665867 0.068310 -0.363300
v 1.684603 0.037066 0.136435
v 1.687854 0.044248 -0.363503
v 1.708344 0.013940 0.136257
v 1.711595 0.021122 -0.363681
v 1.733912 -0.008202 0.136105
v 1.737163 -0.001020 -0.363832
v 1.761382 -0.029313 0.135981
v 1.764633 -0.022131 -0.363957
v 1.790827 -0.049348 0.135884
v 1.794077 -0.042166 -0.364053
v 1.822319 -0.068258 0.135818
v 1.825570 -0.061076 -0.364120
v 1.855933 -0.085997 0.135781
v 1.859184 -0.078815 -0.364157
v 1.858689 -0.081484 0.135864
v 1.861940 -0.074302 -0.364074
v 1.861889 -0.076772 0.135953
v 1.865140 -0.069590 -0.363985
v 1.865482 -0.071914 0.136046
v 1.868733 -0.064732 -0.363892
v 1.869416 -0.066961 0.136142
v 1.872667 -0.059779 -0.363795
v 1.873639 -0.061965 0.136242
v 1.876890 -0.054783 -0.363696
v 1.878100 -0.056980 0.136342
v 1.881350 -0.049798 -0.363596
v 1.882746 -0.052056 0.136443
v 1.885997 -0.044874 -0.363495
v 1.887527 -0.047246 0.136543
v 1.890778 -0.040064 -0.363394
v 1.892391 -0.042603 0.136642
v 1.895642 -0.035421 -0.363296
v 1.897286 -0.038178 0.136737
v 1.900537 -0.030996 -0.363201
v 1.902160 -0.034023 0.136829
v 1.905411 -0.026841 -0.363109
v 1.906962 -0.030191 0.136915
v 1.910213 -0.023009 -0.363023
v 1.911641 -0.026733 0.136995
v 1.914891 -0.019551 -0.362943
v 1.878315 -0.010112 0.137017
v 1.881566 -0.002930 -0.362921
v 1.847212 0.007747 0.137071
v 1.850463 0.014929 -0.362867
v 1.818252 0.026790 0.137157
v 1.821503 0.033972 -0.362781
v 1.791357 0.046965 0.137271
v 1.794608 0.054147 -0.362666
v 1.766447 0.068221 0.137415
v 1.769698 0.075403 -0.362523
v 1.743444 0.090504 0.137585
v 1.746695 0.097686 -0.362352
v 1.722269 0.113763 0.137782
v 1.725519 0.120945 -0.362156
v 1.702842 0.137945 0.138003
v 1.706093 0.145127 -0.361935
v 1.685085 0.162998 0.138247
v 1.688336 0.170180 -0.361691
v 1.668919 0.188869 0.138514
v 1.672170 0.196051 -0.361424
v 1.654265 0.215508 0.138801
v 1.657516 0.222689 -0.361137
v 1.641044 0.242860 0.139108
v 1.644295 0.250042 -0.360830
v 1.629177 0.270874 0.139434
v 1.632427 0.278056 -0.360504
v 1.643484 0.280827 0.139670
v 1.646735 0.288009 -0.360268
v 1.657874 0.290693 0.139905
v 1.661125 0.297875 -0.360033
v 1.672322 0.300456 0.140139
v 1.675573 0.307638 -0.359799
v 1.686804 0.310099 0.140372
v 1.690054 0.317281 -0.359566
v 1.701294 0.319605 0.140602
v 1.704544 0.326787 -0.359335
v 1.715768 0.328958 0.140831
v 1.719019 0.336140 -0.359107
v 1.730202 0.338142 0.141057
v 1.733453 0.345323 -0.358881
v 1.744572 0.347139 0.141279
v 1.747823 0.354321 -0.358658
v 1.758853 0.355934 0.141499
v 1.762104 0.363116 -0.358439
v 1.773020 0.364510 0.141714
v 1.776271 0.371692 -0.358224
v 1.787049 0.372851 0.141925
v 1.790299 0.380033 -0.358013
v 1.800915 0.380940 0.142131
v 1.804166 0.388122 -0.357807
v 1.814594 0.388760 0.142333
v 1.817845 0.395942 -0.357605
v 1.762340 0.440502 0.142736
v 1.765590 0.447684 -0.357202
v 0.773138 0.280894 0.134011
v 0.776389 0.288076 -0.365927
v 0.770400 0.255490 0.133628
v 0.773651 0.262672 -0.366309
v 0.765980 0.232485 0.133269
v 0.769231 0.239667 -0.366669
v 0.760070 0.211844 0.132934
v 0.763321 0.219026 -0.367004
v 0.752866 0.193529 0.132624
v 0.756117 0.200711 -0.367314
v 0.744560 0.177502 0.132340
v 0.747811 0.184684 -0.367598
v 0.735348 0.163726 0.132082
v 0.738599 0.170908 -0.367856
v 0.725423 0.152165 0.131852
v 0.728674 0.159347 -0.368086
v 0.714979 0.142780 0.131649
v 0.718230 0.149961 -0.368289
v 0.704211 0.135534 0.131475
v 0.707461 0.142716 -0.368463
v 0.693311 0.130390 0.131330
v 0.696562 0.137572 -0.368608
v 0.682476 0.127311 0.131215
v 0.685727 0.134493 -0.368722
v 0.671898 0.126260 0.131132
v 0.675149 0.133442 -0.368806
v 0.660944 0.127412 0.131077
v 0.664195 0.134594 -0.368861
v 0.649786 0.131037 0.131056
v 0.653037 0.138219 -0.368882
v 0.638446 0.137231 0.131072
v 0.641697 0.144413 -0.368866
v 0.626945 0.146090 0.131124
v 0.630196 0.153272 -0.368814
v 0.615306 0.157708 0.131215
v 0.618556 0.164890 -0.368723
v 0.603548 0.172183 0.131347
v 0.606799 0.179365 -0.368591
v 0.591694 0.189609 0.131520
v 0.594945 0.196790 -0.368418
v 0.579765 0.210082 0.131737
v 0.583016 0.217263 -0.368201
v 0.567782 0.233697 0.131998
v 0.571033 0.240879 -0.367940
v 0.555766 0.260552 0.132306
v 0.559017 0.267734 -0.367632
v 0.543740 0.290740 0.132661
v 0.546991 0.297922 -0.367277
v 0.531725 0.324359 0.133066
v 0.534975 0.331541 -0.366872
v 0.519740 0.361503 0.133522
v 0.522991 0.368685 -0.366416
v 0.513967 0.380833 0.133762
v 0.517217 0.388015 -0.366176
v 0.508379 0.400549 0.134009
v 0.511630 0.407731 -0.365929
v 0.502990 0.420611 0.134262
v 0.506240 0.427792 -0.365676
v 0.497809 0.440976 0.134521
v 0.501059 0.448158 -0.365417
v 0.492848 0.461605 0.134785
v 0.496099 0.468787 -0.365153
v 0.488118 0.482456 0.135053
v 0.491369 0.489638 -0.364884
v 0.483630 0.503488 0.135326
v 0.486881 0.510670 -0.364611
v 0.479396 0.524661 0.135603
v 0.482646 0.531843 -0.364335
v 0.475425 0.545933 0.135883
v 0.478676 0.553115 -0.364055
v 0.471731 0.567265 0.136165
v 0.474982 0.574446 -0.363773
v 0.468323 0.588614 0.136450
v 0.471574 0.595795 -0.363488
v 0.465213 0.609939 0.136736
v 0.468464 0.617121 -0.363202
v 0.462412 0.631201 0.137023
v 0.465663 0.638383 -0.362915
v 0.505424 0.623462 0.137192
v 0.508675 0.630644 -0.362746
v 0.545711 0.611199 0.137277
v 0.548961 0.618381 -0.362660
v 0.583150 0.594870 0.137286
v 0.586401 0.602052 -0.362652
v 0.617619 0.574933 0.137224
v 0.620870 0.582115 -0.362714
v 0.648996 0.551846 0.137096
v 0.652247 0.559028 -0.362841
v 0.677158 0.526067 0.136909
v 0.680409 0.533249 -0.363029
v 0.701983 0.498055 0.136668
v 0.705234 0.505237 -0.363270
v 0.723349 0.468268 0.136379
v 0.726600 0.475450 -0.363559
v 0.741132 0.437163 0.136048
v 0.744383 0.444345 -0.363890
v 0.755212 0.405200 0.135680
v 0.758463 0.412381 -0.364258
v 0.765464 0.372835 0.135282
v 0.768715 0.380017 -0.364656
v 0.771767 0.340528 0.134859
v 0.775018 0.347710 -0.365079
v 0.773998 0.308737 0.134417
v 0.777249 0.315918 -0.365521
v 0.455446 0.298454 0.132198
v 0.458697 0.305636 -0.367740
v 0.470676 0.256384 0.131692
v 0.473927 0.263566 -0.368245
v 0.486506 0.217925 0.131243
v 0.489757 0.225107 -0.368695
v 0.502924 0.183087 0.130849
v 0.506175 0.190269 -0.369089
v 0.519919 0.151880 0.130511
v 0.523170 0.159062 -0.369427
v 0.537481 0.124317 0.130230
v 0.540732 0.131499 -0.369708
v 0.555598 0.100407 0.130004
v 0.558849 0.107589 -0.369934
v 0.574260 0.080162 0.129834
v 0.577510 0.087344 -0.370103
v 0.593455 0.063592 0.129721
v 0.596706 0.070774 -0.370217
v 0.613173 0.050709 0.129664
v 0.616423 0.057890 -0.370274
v 0.633402 0.041522 0.129664
v 0.636653 0.048704 -0.370274
v 0.654132 0.036044 0.129720
v 0.657383 0.043226 -0.370218
v 0.675352 0.034285 0.129833
v 0.678602 0.041467 -0.370105
v 0.695840 0.036177 0.129993
v 0.699091 0.043358 -0.369945
v 0.716068 0.041581 0.130202
v 0.719319 0.048763 -0.369736
v 0.735793 0.050392 0.130457
v 0.739044 0.057574 -0.369481
v 0.754773 0.062500 0.130754
v 0.758024 0.069682 -0.369183
v 0.772765 0.077799 0.131091
v 0.776016 0.084981 -0.368847
v 0.789526 0.096180 0.131464
v 0.792777 0.103362 -0.368474
v 0.804815 0.117536 0.131870
v 0.808065 0.124718 -0.368067
v 0.818387 0.141759 0.132307
v 0.821638 0.148941 -0.367631
v 0.830002 0.168742 0.132770
v 0.833253 0.175924 -0.367168
v 0.839416 0.198376 0.133257
v 0.842667 0.205558 -0.366681
v 0.846387 0.230555 0.133764
v 0.849638 0.237737 -0.366174
v 0.850673 0.265170 0.134289
v 0.853924 0.272352 -0.365648
v 0.852030 0.302114 0.134829
v 0.855281 0.309296 -0.365109
v 0.848425 0.351616 0.135517
v 0.851676 0.358798 -0.364421
v 0.838362 0.399683 0.136142
v 0.841613 0.406864 -0.363796
v 0.822233 0.445871 0.136700
v 0.825484 0.453053 -0.363237
v 0.800426 0.489739 0.137189
v 0.803677 0.496920 -0.362749
v 0.773332 0.530841 0.137603
v 0.776583 0.538023 -0.362335
v 0.741341 0.568737 0.137939
v 0.744592 0.575919 -0.361998
v 0.704842 0.602981 0.138194
v 0.708093 0.610163 -0.361744
v 0.664227 0.633131 0.138363
v 0.667477 0.640313 -0.361575
v 0.619884 0.658744 0.138443
v 0.623135 0.665925 -0.361495
v 0.572204 0.679376 0.138429
v 0.575454 0.686557 -0.361509
v 0.521576 0.694584 0.138318
v 0.524827 0.701765 -0.361620
v 0.468391 0.703925 0.138107
v 0.471642 0.711107 -0.361831
v 0.413039 0.706955 0.137790
v 0.416290 0.714137 -0.362148
v 0.360593 0.703831 0.137404
v 0.363844 0.711013 -0.362533
v 0.311366 0.695211 0.136961
v 0.314617 0.702393 -0.362977
v 0.265532 0.681444 0.136465
v 0.268783 0.688626 -0.363473
v 0.223264 0.662878 0.135923
v 0.226515 0.670060 -0.364015
v 0.184735 0.639859 0.135342
v 0.187986 0.647041 -0.364596
v 0.150118 0.612735 0.134727
v 0.153368 0.619917 -0.365211
v 0.119585 0.581855 0.134085
v 0.122836 0.589037 -0.365853
v 0.093310 0.547565 0.133422
v 0.096561 0.554747 -0.366516
v 0.071467 0.510214 0.132743
v 0.074718 0.517396 -0.367195
v 0.054228 0.470149 0.132055
v 0.057479 0.477331 -0.367882
v 0.041765 0.427718 0.131365
v 0.045016 0.434900 -0.368573
v 0.034254 0.383268 0.130677
v 0.037505 0.390449 -0.369260
v 0.031865 0.337146 0.129999
v 0.035116 0.344328 -0.369939
v 0.034530 0.289962 0.129339
v 0.037780 0.297144 -0.370599
v 0.041974 0.245393 0.128747
v 0.045225 0.252575 -0.371191
v 0.054091 0.203544 0.128225
v 0.057342 0.210726 -0.371713
v 0.070775 0.164522 0.127772
v 0.074026 0.171704 -0.372165
v 0.091917 0.128432 0.127391
v 0.095168 0.135614 -0.372546
v 0.117411 0.095381 0.127082
v 0.120662 0.102563 -0.372855
v 0.147150 0.065474 0.126846
v 0.150400 0.072656 -0.373092
v 0.181026 0.038818 0.126684
v 0.184277 0.046000 -0.373254
v 0.218934 0.015518 0.126595
v 0.222184 0.022700 -0.373343
v 0.260765 -0.004320 0.126582
v 0.264015 0.002862 -0.373356
v 0.306412 -0.020589 0.126645
v 0.309663 -0.013407 -0.373292
v 0.355770 -0.033183 0.126785
v 0.359021 -0.026001 -0.373152
v 0.408730 -0.041997 0.127003
v 0.411981 -0.034815 -0.372935
v 0.455364 0.032221 0.128373
v 0.458615 0.039403 -0.371565
v 0.447997 0.032913 0.128335
v 0.451248 0.040095 -0.371603
v 0.440684 0.033670 0.128298
v 0.443935 0.040852 -0.371640
v 0.433445 0.034487 0.128263
v 0.436696 0.041669 -0.371675
v 0.426298 0.035360 0.128229
v 0.429549 0.042542 -0.371709
v 0.419263 0.036282 0.128196
v 0.422514 0.043464 -0.371742
v 0.412359 0.037248 0.128165
v 0.415610 0.044430 -0.371773
v 0.405605 0.038254 0.128136
v 0.408856 0.045436 -0.371802
v 0.399020 0.039293 0.128108
v 0.402271 0.046475 -0.371830
v 0.392623 0.040360 0.128082
v 0.395874 0.047542 -0.371856
v 0.386434 0.041450 0.128057
v 0.389685 0.048632 -0.371881
v 0.380471 0.042558 0.128034
v 0.383722 0.049740 -0.371904
v 0.374755 0.043678 0.128013
v 0.378006 0.050860 -0.371925
v 0.369303 0.044804 0.127994
v 0.372553 0.051986 -0.371944
v 0.339818 0.052530 0.127913
v 0.343069 0.059712 -0.372025
v 0.310732 0.062634 0.127869
v 0.313983 0.069816 -0.372069
v 0.282382 0.075150 0.127865
v 0.285633 0.082332 -0.372073
v 0.255107 0.090112 0.127902
v 0.258358 0.097294 -0.372036
v 0.229245 0.107556 0.127985
v 0.232496 0.114738 -0.371953
v 0.205135 0.127514 0.128114
v 0.208386 0.134696 -0.371823
v 0.183115 0.150023 0.128295
v 0.186366 0.157204 -0.371643
v 0.163525 0.175115 0.128528
v 0.166775 0.182297 -0.371410
v 0.146701 0.202826 0.128816
v 0.149952 0.210008 -0.371121
v 0.132983 0.233190 0.129163
v 0.136234 0.240371 -0.370774
v 0.122709 0.266241 0.129571
v 0.125960 0.273423 -0.370366
v 0.116218 0.302013 0.130043
v 0.119469 0.309195 -0.369895
v 0.113848 0.340542 0.130581
v 0.117098 0.347724 -0.369357
v 0.115389 0.374893 0.131085
v 0.118640 0.382075 -0.368853
v 0.120315 0.408108 0.131594
v 0.123566 0.415290 -0.368344
v 0.128560 0.439957 0.132105
v 0.131810 0.447139 -0.367833
v 0.140059 0.470210 0.132614
v 0.143310 0.477392 -0.367324
v 0.154750 0.498639 0.133118
v 0.158001 0.505821 -0.366820
v 0.172566 0.525012 0.133613
v 0.175817 0.532194 -0.366325
v 0.193445 0.549102 0.134095
v 0.196696 0.556284 -0.365843
v 0.217321 0.570677 0.134560
v 0.220571 0.577858 -0.365378
v 0.244129 0.589508 0.135005
v 0.247380 0.596690 -0.364933
v 0.273806 0.605365 0.135426
v 0.277057 0.612547 -0.364512
v 0.306288 0.618020 0.135819
v 0.309538 0.625201 -0.364119
v 0.341509 0.627241 0.136180
v 0.344759 0.634423 -0.363758
v 0.379405 0.632800 0.136506
v 0.382656 0.639981 -0.363432
v 0.382620 0.610991 0.136214
v 0.385871 0.618172 -0.363724
v 0.386058 0.588945 0.135920
v 0.389309 0.596127 -0.364018
v 0.389726 0.566709 0.135624
v 0.392977 0.573891 -0.364314
v 0.393632 0.544330 0.135328
v 0.396883 0.551512 -0.364610
v 0.397785 0.521854 0.135032
v 0.401036 0.529036 -0.364906
v 0.402192 0.499327 0.134737
v 0.405442 0.506509 -0.365201
v 0.406861 0.476796 0.134444
v 0.410112 0.483978 -0.365494
v 0.411800 0.454307 0.134153
v 0.415051 0.461489 -0.365785
v 0.417017 0.431907 0.133865
v 0.420268 0.439089 -0.366073
v 0.422521 0.409642 0.133581
v 0.425771 0.416824 -0.366357
v 0.428318 0.387559 0.133301
v 0.431569 0.394740 -0.366637
v 0.434417 0.365703 0.133027
v 0.437668 0.372885 -0.366911
v 0.440827 0.344123 0.132759
v 0.444078 0.351305 -0.367179
v -0.209458 0.810416 0.135229
v -0.206208 0.817598 -0.364709
v -0.224769 0.803289 0.135027
v -0.221519 0.810471 -0.364911
v -0.240285 0.795700 0.134817
v -0.237034 0.802882 -0.365121
v -0.255862 0.787720 0.134601
v -0.252611 0.794902 -0.365337
v -0.271355 0.779421 0.134381
v -0.268105 0.786603 -0.365557
v -0.286621 0.770875 0.134159
v -0.283370 0.778057 -0.365779
v -0.301514 0.762153 0.133937
v -0.298263 0.769335 -0.366001
v -0.315890 0.753327 0.133717
v -0.312640 0.760509 -0.366221
v -0.329606 0.744468 0.133500
v -0.326355 0.751650 -0.366438
v -0.342515 0.735649 0.133290
v -0.339265 0.742831 -0.366648
v -0.354476 0.726942 0.133087
v -0.351225 0.734123 -0.366851
v -0.365342 0.718416 0.132894
v -0.362091 0.725598 -0.367044
v -0.374969 0.710146 0.132712
v -0.371718 0.717328 -0.367226
v -0.331665 0.648361 0.132106
v -0.328414 0.655543 -0.367832
v -0.322270 0.657126 0.132293
v -0.319020 0.664307 -0.367645
v -0.311635 0.666205 0.132493
v -0.308384 0.673387 -0.367445
v -0.299900 0.675516 0.132703
v -0.296649 0.682698 -0.367235
v -0.287207 0.684977 0.132921
v -0.283956 0.692158 -0.367016
v -0.273697 0.694504 0.133146
v -0.270447 0.701686 -0.366792
v -0.259514 0.704015 0.133375
v -0.256263 0.711197 -0.366563
v -0.244797 0.713428 0.133606
v -0.241546 0.720610 -0.366332
v -0.229689 0.722660 0.133837
v -0.226438 0.729842 -0.366101
v -0.214331 0.731629 0.134065
v -0.211080 0.738810 -0.365872
v -0.198864 0.740251 0.134290
v -0.195614 0.747433 -0.365648
v -0.183432 0.748444 0.134508
v -0.180181 0.755626 -0.365430
v -0.168174 0.756125 0.134717
v -0.164923 0.763307 -0.365220
v -0.153233 0.763213 0.134916
v -0.149982 0.770395 -0.365021
v -0.194497 0.817008 0.135421
v -0.191247 0.824190 -0.364517
v -0.155172 0.542361 0.131731
v -0.151922 0.549543 -0.368207
v -0.170583 0.535829 0.131537
v -0.167332 0.543011 -0.368401
v -0.186253 0.528780 0.131334
v -0.183002 0.535962 -0.368604
v -0.202030 0.521294 0.131124
v -0.198779 0.528475 -0.368814
v -0.217762 0.513449 0.130909
v -0.214511 0.520631 -0.369029
v -0.233296 0.505328 0.130691
v -0.230045 0.512510 -0.369247
v -0.248479 0.497008 0.130473
v -0.245229 0.504190 -0.369465
v -0.263159 0.488571 0.130256
v -0.259909 0.495753 -0.369682
v -0.277184 0.480096 0.130043
v -0.273933 0.487278 -0.369895
v -0.290400 0.471664 0.129836
v -0.287149 0.478846 -0.370102
v -0.302655 0.463353 0.129637
v -0.299405 0.470535 -0.370301
v -0.313798 0.455244 0.129448
v -0.310548 0.462426 -0.370490
v -0.323675 0.447418 0.129272
v -0.320424 0.454599 -0.370666
v -0.280366 0.384633 0.128651
v -0.277115 0.391815 -0.371287
v -0.270737 0.392707 0.128830
v -0.267487 0.399889 -0.371108
v -0.259867 0.401102 0.129021
v -0.256617 0.408284 -0.370917
v -0.247898 0.409739 0.129223
v -0.244648 0.416921 -0.370715
v -0.234971 0.418542 0.129434
v -0.231721 0.425724 -0.370504
v -0.221228 0.427434 0.129651
v -0.217978 0.434616 -0.370287
v -0.206811 0.436337 0.129872
v -0.203560 0.443519 -0.370066
v -0.191860 0.445175 0.130096
v -0.188610 0.452357 -0.369841
v -0.176519 0.453869 0.130321
v -0.173268 0.461051 -0.369617
v -0.160927 0.462344 0.130544
v -0.157677 0.469526 -0.369394
v -0.145228 0.470522 0.130764
v -0.141978 0.477704 -0.369174
v -0.129563 0.478325 0.130978
v -0.126312 0.485507 -0.368960
v -0.114073 0.485677 0.131184
v -0.110822 0.492859 -0.368754
v -0.098899 0.492500 0.131381
v -0.095649 0.499682 -0.368557
v -0.140174 0.548296 0.131914
v -0.136923 0.555477 -0.368024
v -0.355678 0.245281 0.126160
v -0.352428 0.252463 -0.373778
v -0.344208 0.220546 0.125879
v -0.340957 0.227728 -0.374059
v -0.332237 0.195245 0.125593
v -0.328986 0.202427 -0.374345
v -0.319838 0.169521 0.125304
v -0.316588 0.176702 -0.374633
v -0.307083 0.143514 0.125014
v -0.303832 0.150696 -0.374924
v -0.294043 0.117366 0.124723
v -0.290792 0.124548 -0.375215
v -0.280790 0.091219 0.124433
v -0.277539 0.098401 -0.375504
v -0.267396 0.065216 0.124147
v -0.264145 0.072397 -0.375791
v -0.253932 0.039496 0.123865
v -0.250681 0.046678 -0.376073
v -0.240470 0.014202 0.123589
v -0.237219 0.021384 -0.376349
v -0.227082 -0.010523 0.123321
v -0.223831 -0.003342 -0.376617
v -0.213839 -0.034540 0.123062
v -0.210589 -0.027358 -0.376876
v -0.200814 -0.057706 0.122814
v -0.197563 -0.050524 -0.377124
v -0.188078 -0.079879 0.122578
v -0.184827 -0.072697 -0.377360
v -0.124316 -0.031575 0.123687
v -0.121066 -0.024393 -0.376251
v -0.136088 -0.012707 0.123881
v -0.132838 -0.005526 -0.376057
v -0.148538 0.007880 0.124096
v -0.145288 0.015062 -0.375842
v -0.161553 0.029994 0.124329
v -0.158303 0.037176 -0.375609
v -0.175020 0.053441 0.124578
v -0.171769 0.060623 -0.375359
v -0.188825 0.078028 0.124842
v -0.185574 0.085210 -0.375096
v -0.202856 0.103561 0.125117
v -0.199605 0.110743 -0.374820
v -0.217000 0.129848 0.125403
v -0.213749 0.137030 -0.374535
v -0.231143 0.156694 0.125697
v -0.227893 0.163876 -0.374241
v -0.245175 0.183907 0.125997
v -0.241924 0.191089 -0.373941
v -0.258980 0.211293 0.126300
v -0.255729 0.218475 -0.373638
v -0.272446 0.238659 0.126606
v -0.269196 0.245841 -0.373332
v -0.285462 0.265811 0.126911
v -0.282211 0.272993 -0.373027
v -0.297912 0.292556 0.127214
v -0.294661 0.299738 -0.372723
v -0.696387 0.592603 0.128934
v -0.693136 0.599784 -0.371004
v -0.695835 0.480615 0.127329
v -0.692584 0.487797 -0.372609
v -0.695773 0.471831 0.127203
v -0.692523 0.479012 -0.372735
v -0.695673 0.463016 0.127077
v -0.692423 0.470198 -0.372861
v -0.695532 0.454177 0.126951
v -0.692282 0.461358 -0.372987
v -0.695348 0.445318 0.126825
v -0.692097 0.452500 -0.373113
v -0.695116 0.436447 0.126699
v -0.691865 0.443629 -0.373239
v -0.694836 0.427567 0.126573
v -0.691585 0.434749 -0.373365
v -0.694504 0.418685 0.126448
v -0.691253 0.425867 -0.373490
v -0.694117 0.409806 0.126323
v -0.690866 0.416988 -0.373615
v -0.693672 0.400936 0.126198
v -0.690422 0.408118 -0.373740
v -0.693168 0.392079 0.126074
v -0.689918 0.399261 -0.373864
v -0.692601 0.383242 0.125951
v -0.689351 0.390424 -0.373987
v -0.691969 0.374430 0.125828
v -0.688718 0.381612 -0.374110
v -0.691268 0.365648 0.125707
v -0.688018 0.372830 -0.374231
v -0.864263 0.364812 0.124570
v -0.861012 0.371994 -0.375368
v -0.865381 0.591786 0.127823
v -0.862130 0.598968 -0.372115
v -0.696736 0.663594 0.129951
v -0.693486 0.670776 -0.369987
v -0.938729 0.662425 0.128361
v -0.935478 0.669607 -0.371577
v -0.937260 0.364459 0.124090
v -0.934010 0.371641 -0.375848
v -1.021257 0.364053 0.123538
v -1.018007 0.371235 -0.376400
v -1.020907 0.293061 0.122521
v -1.017657 0.300243 -0.377417
v -0.740917 0.294415 0.124361
v -0.737666 0.301596 -0.375577
v -0.752869 0.259259 0.123778
v -0.749619 0.266441 -0.376160
v -0.766470 0.225477 0.123204
v -0.763219 0.232659 -0.376734
v -0.781727 0.193137 0.122640
v -0.778476 0.200319 -0.377298
v -0.798649 0.162308 0.122087
v -0.795398 0.169490 -0.377851
v -0.817245 0.133057 0.121546
v -0.813994 0.140238 -0.378392
v -0.837522 0.105452 0.121018
v -0.834272 0.112634 -0.378920
v -0.859491 0.079563 0.120503
v -0.856241 0.086745 -0.379435
v -0.883159 0.055456 0.120003
v -0.879909 0.062638 -0.379935
v -0.908535 0.033202 0.119518
v -0.905284 0.040383 -0.380420
v -0.935627 0.012866 0.119050
v -0.932377 0.020048 -0.380888
v -0.964444 -0.005481 0.118599
v -0.961193 0.001701 -0.381339
v -0.994994 -0.021773 0.118166
v -0.991744 -0.014591 -0.381772
v -1.027286 -0.035940 0.117753
v -1.024036 -0.028758 -0.382185
v -1.023033 -0.039618 0.117728
v -1.019783 -0.032437 -0.382210
v -1.018644 -0.043731 0.117697
v -1.015393 -0.036549 -0.382241
v -1.014162 -0.048214 0.117662
v -1.010912 -0.041032 -0.382276
v -1.009633 -0.053005 0.117622
v -1.006382 -0.045823 -0.382315
v -1.005100 -0.058043 0.117579
v -1.001849 -0.050861 -0.382358
v -1.000607 -0.063263 0.117534
v -0.997356 -0.056081 -0.382404
v -0.996197 -0.068604 0.117486
v -0.992947 -0.061422 -0.382452
v -0.991917 -0.074003 0.117436
v -0.988666 -0.066821 -0.382502
v -0.987808 -0.079397 0.117385
v -0.984557 -0.072215 -0.382553
v -0.983915 -0.084724 0.117334
v -0.980664 -0.077542 -0.382604
v -0.980282 -0.089922 0.117283
v -0.977031 -0.082740 -0.382655
v -0.976953 -0.094926 0.117233
v -0.973703 -0.087745 -0.382705
v -0.973973 -0.099676 0.117184
v -0.970722 -0.092494 -0.382754
v -0.940800 -0.083424 0.117633
v -0.937550 -0.076243 -0.382305
v -0.909425 -0.065027 0.118101
v -0.906174 -0.057845 -0.381837
v -0.879821 -0.044530 0.118588
v -0.876570 -0.037348 -0.381350
v -0.851964 -0.021979 0.119093
v -0.848714 -0.014797 -0.380845
v -0.825830 0.002578 0.119616
v -0.822579 0.009760 -0.380322
v -0.801393 0.029096 0.120156
v -0.798142 0.036278 -0.379782
v -0.778628 0.057529 0.120712
v -0.775378 0.064711 -0.379226
v -0.757511 0.087829 0.121285
v -0.754261 0.095011 -0.378653
v -0.738018 0.119951 0.121873
v -0.734767 0.127133 -0.378065
v -0.720122 0.153849 0.122476
v -0.716872 0.161031 -0.377461
v -0.703800 0.189476 0.123094
v -0.700549 0.196658 -0.376843
v -0.689026 0.226786 0.123726
v -0.685776 0.233968 -0.376211
v -0.675776 0.265732 0.124372
v -0.672526 0.272914 -0.375566
v -0.667833 0.233884 0.123966
v -0.664582 0.241066 -0.375972
v -0.658048 0.202463 0.123578
v -0.654797 0.209645 -0.376359
v -0.646247 0.171533 0.123211
v -0.642997 0.178715 -0.376727
v -0.632257 0.141156 0.122865
v -0.629006 0.148338 -0.377072
v -0.615901 0.111397 0.122544
v -0.612651 0.118579 -0.377394
v -0.597007 0.082320 0.122249
v -0.593756 0.089502 -0.377688
v -0.575399 0.053987 0.121983
v -0.572148 0.061169 -0.377955
v -0.550902 0.026463 0.121747
v -0.547652 0.033645 -0.378191
v -0.523343 -0.000189 0.121543
v -0.520093 0.006993 -0.378395
v -0.492547 -0.025905 0.121374
v -0.489297 -0.018723 -0.378564
v -0.458340 -0.050621 0.121241
v -0.455089 -0.043439 -0.378697
v -0.420546 -0.074274 0.121147
v -0.417296 -0.067092 -0.378791
v -0.378992 -0.096800 0.121094
v -0.375742 -0.089618 -0.378844
v -0.375756 -0.092942 0.121170
v -0.372506 -0.085761 -0.378768
v -0.372054 -0.088820 0.121254
v -0.368804 -0.081638 -0.378684
v -0.367952 -0.084491 0.121342
v -0.364701 -0.077309 -0.378595
v -0.363514 -0.080013 0.121436
v -0.360263 -0.072831 -0.378502
v -0.358807 -0.075444 0.121532
v -0.355556 -0.068262 -0.378406
v -0.353894 -0.070841 0.121630
v -0.350644 -0.063659 -0.378308
v -0.348843 -0.066261 0.121729
v -0.345592 -0.059079 -0.378209
v -0.343717 -0.061764 0.121827
v -0.340466 -0.054582 -0.378111
v -0.338583 -0.057405 0.121923
v -0.335332 -0.050223 -0.378015
v -0.333504 -0.053243 0.122015
v -0.330254 -0.046062 -0.377923
v -0.328547 -0.049336 0.122104
v -0.325297 -0.042154 -0.377834
v -0.323778 -0.045741 0.122186
v -0.320527 -0.038560 -0.377751
v -0.319260 -0.042516 0.122262
v -0.316010 -0.035335 -0.377676
v -0.360065 -0.021227 0.122303
v -0.356815 -0.014045 -0.377635
v -0.397019 0.001026 0.122382
v -0.393768 0.008208 -0.377556
v -0.430312 0.024193 0.122498
v -0.427061 0.031375 -0.377440
v -0.460136 0.048223 0.122650
v -0.456885 0.055404 -0.377288
v -0.486681 0.073066 0.122834
v -0.483430 0.080248 -0.377104
v -0.510138 0.098672 0.123049
v -0.506888 0.105854 -0.376889
v -0.530699 0.124991 0.123294
v -0.527448 0.132173 -0.376644
v -0.548553 0.151973 0.123565
v -0.545303 0.159155 -0.376373
v -0.563893 0.179568 0.123862
v -0.560643 0.186750 -0.376076
v -0.576909 0.207726 0.124182
v -0.573658 0.214908 -0.375756
v -0.587792 0.236397 0.124523
v -0.584541 0.243579 -0.375415
v -0.596732 0.265531 0.124883
v -0.593482 0.272713 -0.375055
v -0.603921 0.295077 0.125261
v -0.600671 0.302259 -0.374677
v -0.366929 0.296222 0.126818
v -0.363678 0.303404 -0.373120
v -0.367279 0.367214 0.127836
v -0.364028 0.374396 -0.372102
v -0.615271 0.366015 0.126206
v -0.612020 0.373197 -0.373732
v -0.616185 0.374797 0.126326
v -0.612935 0.381979 -0.373612
v -0.616998 0.383611 0.126448
v -0.613748 0.390793 -0.373490
v -0.617716 0.392456 0.126570
v -0.614465 0.399638 -0.373368
v -0.618344 0.401329 0.126693
v -0.615093 0.408511 -0.373244
v -0.618887 0.410227 0.126818
v -0.615636 0.417409 -0.373120
v -0.619351 0.419147 0.126943
v -0.616100 0.426329 -0.372995
v -0.619741 0.428086 0.127069
v -0.616491 0.435268 -0.372869
v -0.620063 0.437043 0.127195
v -0.616813 0.444225 -0.372743
v -0.620323 0.446013 0.127322
v -0.617072 0.453195 -0.372615
v -0.620525 0.454994 0.127450
v -0.617274 0.462176 -0.372488
v -0.620675 0.463984 0.127578
v -0.617425 0.471166 -0.372360
v -0.620779 0.472979 0.127707
v -0.617529 0.480161 -0.372231
v -0.620842 0.481978 0.127836
v -0.617592 0.489160 -0.372102
v -0.621389 0.592965 0.129427
v -0.618139 0.600147 -0.370511
v -0.423396 0.593922 0.130728
v -0.420145 0.601104 -0.369210
v -0.423746 0.664914 0.131745
v -0.420495 0.672096 -0.368193
v -0.621739 0.663957 0.130444
v -0.618488 0.671139 -0.369494
v -0.622523 0.822939 0.132723
v -0.619272 0.830121 -0.367215
v -0.697520 0.822576 0.132230
v -0.694269 0.829758 -0.367708
v -1.564180 0.349430 0.119798
v -1.560930 0.356612 -0.380140
v -1.276190 0.350822 0.121690
v -1.272939 0.358004 -0.378248
v -1.276446 0.402816 0.122436
v -1.273195 0.409998 -0.377502
v -1.564436 0.401424 0.120543
v -1.561186 0.408606 -0.379395
v -1.494320 0.174783 0.117743
v -1.491070 0.181965 -0.382195
v -1.494719 0.255774 0.118904
v -1.491469 0.262956 -0.381034
v -1.344724 0.256499 0.119890
v -1.341474 0.263681 -0.380048
v -1.344325 0.175508 0.118729
v -1.341075 0.182690 -0.381209
v -1.549097 0.129523 0.116737
v -1.545846 0.136705 -0.383201
v -1.292105 0.130765 0.118426
v -1.288855 0.137947 -0.381512
v -1.292953 0.302745 0.120891
v -1.289702 0.309927 -0.379047
v -1.549944 0.301503 0.119202
v -1.546694 0.308685 -0.380736
v -1.357663 0.111573 0.117724
v -1.354412 0.118755 -0.382214
v -1.361184 0.104359 0.117597
v -1.357934 0.111541 -0.382341
v -1.364584 0.096890 0.117468
v -1.361334 0.104072 -0.382470
v -1.367839 0.089237 0.117337
v -1.364588 0.096419 -0.382601
v -1.370924 0.081468 0.117205
v -1.367673 0.088649 -0.382733
v -1.373814 0.073650 0.117074
v -1.370564 0.080831 -0.382864
v -1.376486 0.065852 0.116944
v -1.373235 0.073034 -0.382993
v -1.378916 0.058142 0.116818
v -1.375665 0.065324 -0.383120
v -1.381078 0.050590 0.116695
v -1.377828 0.057772 -0.383243
v -1.382950 0.043263 0.116578
v -1.379699 0.050445 -0.383360
v -1.384506 0.036230 0.116467
v -1.381255 0.043412 -0.383471
v -1.385722 0.029559 0.116363
v -1.382472 0.036741 -0.383575
v -1.386575 0.023318 0.116268
v -1.383324 0.030500 -0.383670
v -1.335512 0.010566 0.116417
v -1.332262 0.017748 -0.383521
v -1.334891 0.017020 0.116513
v -1.331641 0.024202 -0.383424
v -1.333907 0.023877 0.116618
v -1.330656 0.031059 -0.383320
v -1.332582 0.031077 0.116730
v -1.329332 0.038259 -0.383208
v -1.330942 0.038560 0.116848
v -1.327692 0.045742 -0.383089
v -1.329011 0.046266 0.116972
v -1.325761 0.053447 -0.382966
v -1.326813 0.054133 0.117099
v -1.323563 0.061315 -0.382839
v -1.324373 0.062104 0.117229
v -1.321122 0.069285 -0.382708
v -1.321714 0.070116 0.117362
v -1.318464 0.077298 -0.382576
v -1.318861 0.078110 0.117495
v -1.315611 0.085291 -0.382443
v -1.315839 0.086025 0.117629
v -1.312589 0.093207 -0.382309
v -1.312671 0.093802 0.117761
v -1.309421 0.100984 -0.382177
v -1.309382 0.101380 0.117891
v -1.306132 0.108562 -0.382047
v -1.305996 0.108700 0.118018
v -1.302746 0.115882 -0.381920
v -1.354044 0.118467 0.117846
v -1.350793 0.125648 -0.382092
v -1.643156 0.216425 0.117374
v -1.639905 0.223607 -0.382564
v -1.649583 0.205323 0.117172
v -1.646332 0.212505 -0.382766
v -1.655814 0.193881 0.116967
v -1.652563 0.201063 -0.382971
v -1.661806 0.182194 0.116760
v -1.658556 0.189376 -0.383177
v -1.667517 0.170358 0.116553
v -1.664266 0.177540 -0.383385
v -1.672902 0.158469 0.116348
v -1.669651 0.165651 -0.383590
v -1.677918 0.146623 0.116145
v -1.674668 0.153805 -0.383793
v -1.682523 0.134915 0.115947
v -1.679273 0.142097 -0.383991
v -1.686673 0.123442 0.115755
v -1.683423 0.130624 -0.384183
v -1.690325 0.112299 0.115571
v -1.687075 0.119481 -0.384367
v -1.693436 0.101582 0.115397
v -1.690185 0.108764 -0.384541
v -1.695962 0.091386 0.115234
v -1.692711 0.098568 -0.384704
v -1.697860 0.081808 0.115084
v -1.694609 0.088990 -0.384854
v -1.646778 0.065056 0.115175
v -1.643527 0.072238 -0.384762
v -1.644915 0.074848 0.115328
v -1.641665 0.082030 -0.384610
v -1.642487 0.085227 0.115493
v -1.639236 0.092409 -0.384445
v -1.639529 0.096103 0.115669
v -1.636278 0.103285 -0.384269
v -1.636075 0.107385 0.115853
v -1.632825 0.114567 -0.384085
v -1.632163 0.118984 0.116045
v -1.628912 0.126166 -0.383893
v -1.627824 0.130809 0.116243
v -1.624573 0.137991 -0.383695
v -1.623096 0.142769 0.116446
v -1.619846 0.149951 -0.383492
v -1.618014 0.154775 0.116651
v -1.614763 0.161957 -0.383287
v -1.612611 0.166736 0.116858
v -1.609360 0.173918 -0.383080
v -1.606924 0.178561 0.117065
v -1.603673 0.185743 -0.382873
v -1.600987 0.190162 0.117270
v -1.597736 0.197343 -0.382667
v -1.594835 0.201446 0.117473
v -1.591585 0.208628 -0.382465
v -1.588504 0.212325 0.117670
v -1.585254 0.219506 -0.382268
v -1.636577 0.227091 0.117570
v -1.633326 0.234273 -0.382368
v -1.977417 -0.007535 0.111983
v -1.974167 -0.000354 -0.387955
v -1.977223 -0.017106 0.111846
v -1.973973 -0.009924 -0.388091
v -1.976718 -0.025993 0.111722
v -1.973468 -0.018811 -0.388216
v -1.975873 -0.034222 0.111609
v -1.972622 -0.027041 -0.388328
v -1.974656 -0.041822 0.111508
v -1.971405 -0.034640 -0.388430
v -1.973038 -0.048819 0.111418
v -1.969787 -0.041637 -0.388520
v -1.970988 -0.055241 0.111339
v -1.967738 -0.048059 -0.388599
v -1.968478 -0.061114 0.111271
v -1.965227 -0.053932 -0.388667
v -1.965475 -0.066466 0.111214
v -1.962224 -0.059284 -0.388724
v -1.961950 -0.071323 0.111167
v -1.958699 -0.064141 -0.388771
v -1.957874 -0.075714 0.111130
v -1.954623 -0.068532 -0.388808
v -1.953215 -0.079665 0.111104
v -1.949964 -0.072484 -0.388834
v -1.947943 -0.083204 0.111087
v -1.944692 -0.076022 -0.388851
v -1.942029 -0.086357 0.111080
v -1.938778 -0.079175 -0.388857
v -1.935269 -0.088903 0.111088
v -1.932018 -0.081721 -0.388850
v -1.927932 -0.091082 0.111104
v -1.924681 -0.083901 -0.388834
v -1.920007 -0.092923 0.111129
v -1.916756 -0.085741 -0.388808
v -1.911482 -0.094453 0.111163
v -1.908231 -0.087271 -0.388775
v -1.902347 -0.095698 0.111204
v -1.899097 -0.088516 -0.388734
v -1.892591 -0.096686 0.111254
v -1.889340 -0.089504 -0.388684
v -1.882202 -0.097445 0.111310
v -1.878952 -0.090263 -0.388628
v -1.871170 -0.098001 0.111374
v -1.867920 -0.090819 -0.388564
v -1.859484 -0.098382 0.111445
v -1.856233 -0.091200 -0.388493
v -1.847131 -0.098615 0.111521
v -1.843880 -0.091433 -0.388416
v -1.834102 -0.098727 0.111605
v -1.830852 -0.091545 -0.388333
v -1.820385 -0.098746 0.111694
v -1.817135 -0.091564 -0.388244
v -1.805970 -0.098698 0.111788
v -1.802719 -0.091516 -0.388150
v -1.804982 -0.094073 0.111861
v -1.801731 -0.086891 -0.388077
v -1.803830 -0.089024 0.111941
v -1.800579 -0.081842 -0.387997
v -1.802525 -0.083624 0.112027
v -1.799274 -0.076442 -0.387911
v -1.801075 -0.077948 0.112118
v -1.797825 -0.070766 -0.387820
v -1.799494 -0.072070 0.112213
v -1.796243 -0.064888 -0.387725
v -1.797789 -0.066062 0.112310
v -1.794539 -0.058880 -0.387628
v -1.795974 -0.059999 0.112409
v -1.792723 -0.052817 -0.387529
v -1.794057 -0.053955 0.112508
v -1.790806 -0.046773 -0.387430
v -1.792049 -0.048003 0.112607
v -1.788799 -0.040821 -0.387331
v -1.789962 -0.042217 0.112703
v -1.786711 -0.035035 -0.387234
v -1.787805 -0.036672 0.112797
v -1.784554 -0.029490 -0.387141
v -1.785589 -0.031440 0.112887
v -1.782339 -0.024258 -0.387051
v -1.783325 -0.026595 0.112971
v -1.780074 -0.019414 -0.386967
v -1.782334 -0.029306 0.112938
v -1.779083 -0.022125 -0.386999
v -1.781232 -0.031910 0.112908
v -1.777982 -0.024728 -0.387030
v -1.780013 -0.034407 0.112880
v -1.776762 -0.027225 -0.387058
v -1.778672 -0.036797 0.112855
v -1.775421 -0.029615 -0.387083
v -1.777203 -0.039080 0.112831
v -1.773952 -0.031898 -0.387106
v -1.775600 -0.041255 0.112811
v -1.772350 -0.034073 -0.387127
v -1.773859 -0.043323 0.112792
v -1.770609 -0.036141 -0.387146
v -1.771974 -0.045284 0.112776
v -1.768723 -0.038103 -0.387162
v -1.769939 -0.047138 0.112763
v -1.766688 -0.039956 -0.387175
v -1.767749 -0.048885 0.112752
v -1.764498 -0.041703 -0.387186
v -1.765398 -0.050524 0.112744
v -1.762147 -0.043342 -0.387194
v -1.762881 -0.052056 0.112738
v -1.759630 -0.044875 -0.387200
v -1.760193 -0.053481 0.112735
v -1.756943 -0.046299 -0.387203
v -1.754924 -0.055607 0.112739
v -1.751673 -0.048425 -0.387199
v -1.749273 -0.057434 0.112749
v -1.746023 -0.050252 -0.387188
v -1.743215 -0.058982 0.112767
v -1.739964 -0.051800 -0.387171
v -1.736721 -0.060275 0.112790
v -1.733470 -0.053093 -0.387148
v -1.729763 -0.061333 0.112820
v -1.726512 -0.054151 -0.387118
v -1.722315 -0.062178 0.112856
v -1.719064 -0.054997 -0.387081
v -1.714349 -0.062833 0.112899
v -1.711099 -0.055651 -0.387039
v -1.705838 -0.063319 0.112947
v -1.702587 -0.056137 -0.386991
v -1.696754 -0.063657 0.113001
v -1.693503 -0.056475 -0.386936
v -1.687070 -0.063869 0.113061
v -1.683820 -0.056687 -0.386876
v -1.676758 -0.063977 0.113127
v -1.673507 -0.056795 -0.386811
v -1.665792 -0.064002 0.113198
v -1.662541 -0.056821 -0.386740
v -1.654142 -0.063968 0.113274
v -1.650891 -0.056786 -0.386664
v -1.653382 -0.059906 0.113337
v -1.650132 -0.052725 -0.386600
v -1.652458 -0.055604 0.113405
v -1.649207 -0.048422 -0.386533
v -1.651379 -0.051105 0.113477
v -1.648128 -0.043923 -0.386461
v -1.650155 -0.046451 0.113552
v -1.646905 -0.039270 -0.386386
v -1.648799 -0.041688 0.113629
v -1.645548 -0.034507 -0.386309
v -1.647320 -0.036859 0.113708
v -1.644069 -0.029677 -0.386230
v -1.645729 -0.032008 0.113788
v -1.642478 -0.024826 -0.386150
v -1.644037 -0.027177 0.113868
v -1.640786 -0.019996 -0.386070
v -1.642254 -0.022412 0.113948
v -1.639004 -0.015230 -0.385990
v -1.640392 -0.017756 0.114027
v -1.637141 -0.010574 -0.385911
v -1.638460 -0.013252 0.114105
v -1.635210 -0.006070 -0.385833
v -1.636471 -0.008945 0.114179
v -1.633220 -0.001763 -0.385758
v -1.634434 -0.004878 0.114251
v -1.631183 0.002304 -0.385687
v -1.642874 -0.005132 0.114193
v -1.639624 0.002050 -0.385745
v -1.651095 -0.005352 0.114136
v -1.647844 0.001830 -0.385802
v -1.659050 -0.005541 0.114081
v -1.655799 0.001640 -0.385856
v -1.666697 -0.005702 0.114029
v -1.663446 0.001480 -0.385908
v -1.673991 -0.005836 0.113980
v -1.670741 0.001346 -0.385958
v -1.680890 -0.005946 0.113934
v -1.677639 0.001236 -0.386004
v -1.687349 -0.006035 0.113890
v -1.684099 0.001147 -0.386047
v -1.693325 -0.006105 0.113851
v -1.690075 0.001077 -0.386087
v -1.698774 -0.006159 0.113814
v -1.695524 0.001022 -0.386124
v -1.703652 -0.006200 0.113782
v -1.700402 0.000982 -0.386156
v -1.707916 -0.006229 0.113754
v -1.704666 0.000953 -0.386184
v -1.711522 -0.006250 0.113730
v -1.708272 0.000932 -0.386208
v -1.714426 -0.006264 0.113711
v -1.711175 0.000918 -0.386227
v -1.716613 -0.006023 0.113700
v -1.713362 0.001159 -0.386238
v -1.718562 -0.005723 0.113692
v -1.715311 0.001459 -0.386246
v -1.720284 -0.005342 0.113686
v -1.717034 0.001840 -0.386252
v -1.721792 -0.004860 0.113683
v -1.718541 0.002322 -0.386255
v -1.723095 -0.004254 0.113684
v -1.719845 0.002928 -0.386254
v -1.724205 -0.003502 0.113687
v -1.720955 0.003680 -0.386251
v -1.725133 -0.002582 0.113694
v -1.721883 0.004600 -0.386244
v -1.725890 -0.001473 0.113705
v -1.722640 0.005708 -0.386233
v -1.726487 -0.000154 0.113720
v -1.723237 0.007028 -0.386217
v -1.726935 0.001399 0.113740
v -1.723685 0.008581 -0.386198
v -1.727245 0.003206 0.113764
v -1.723994 0.010388 -0.386174
v -1.727428 0.005290 0.113792
v -1.724177 0.012471 -0.386145
v -1.727494 0.007671 0.113826
v -1.724244 0.014853 -0.386112
v -1.728786 0.269641 0.117581
v -1.725535 0.276823 -0.382357
v -1.577790 0.270371 0.118574
v -1.574540 0.277553 -0.381364
v -1.578066 0.326365 0.119376
v -1.574816 0.333547 -0.380562
v -1.729061 0.325635 0.118384
v -1.725811 0.332817 -0.381554
v -1.729525 0.419624 0.119731
v -1.726274 0.426806 -0.380207
v -1.789523 0.419334 0.119337
v -1.786272 0.426516 -0.380601
v -1.789059 0.325345 0.117989
v -1.785809 0.332527 -0.381948
v -1.859057 0.325006 0.117529
v -1.855806 0.332188 -0.382408
v -1.858781 0.269013 0.116727
v -1.855531 0.276195 -0.383211
v -1.788784 0.269351 0.117187
v -1.785533 0.276533 -0.382751
v -1.787488 0.006381 0.113418
v -1.784237 0.013563 -0.386520
v -1.787457 0.003631 0.113378
v -1.784206 0.010813 -0.386560
v -1.787390 0.000922 0.113340
v -1.784139 0.008104 -0.386598
v -1.787288 -0.001740 0.113302
v -1.784038 0.005442 -0.386636
v -1.787151 -0.004351 0.113266
v -1.783900 0.002831 -0.386672
v -1.786979 -0.006903 0.113230
v -1.783728 0.000278 -0.386708
v -1.786771 -0.009393 0.113196
v -1.783521 -0.002211 -0.386742
v -1.786528 -0.011815 0.113162
v -1.783278 -0.004633 -0.386775
v -1.786251 -0.014162 0.113131
v -1.783000 -0.006981 -0.386807
v -1.785938 -0.016431 0.113100
v -1.782687 -0.009249 -0.386838
v -1.785589 -0.018614 0.113071
v -1.782339 -0.011432 -0.386867
v -1.785206 -0.020707 0.113043
v -1.781956 -0.013525 -0.386895
v -1.784788 -0.022704 0.113017
v -1.781537 -0.015522 -0.386921
v -1.784335 -0.024601 0.112993
v -1.781084 -0.017419 -0.386945
v -1.887326 -0.026098 0.112302
v -1.884076 -0.018916 -0.387636
v -1.890171 -0.025824 0.112287
v -1.886920 -0.018642 -0.387651
v -1.892709 -0.025421 0.112277
v -1.889459 -0.018239 -0.387661
v -1.894957 -0.024865 0.112270
v -1.891706 -0.017683 -0.387668
v -1.896926 -0.024137 0.112268
v -1.893675 -0.016955 -0.387670
v -1.898631 -0.023213 0.112270
v -1.895380 -0.016031 -0.387668
v -1.900086 -0.022072 0.112277
v -1.896836 -0.014890 -0.387661
v -1.901305 -0.020693 0.112289
v -1.898055 -0.013511 -0.387649
v -1.902302 -0.019052 0.112306
v -1.899051 -0.011871 -0.387632
v -1.903089 -0.017130 0.112328
v -1.899838 -0.009948 -0.387610
v -1.903681 -0.014904 0.112356
v -1.900431 -0.007722 -0.387582
v -1.904092 -0.012352 0.112390
v -1.900841 -0.005170 -0.387548
v -1.904335 -0.009452 0.112430
v -1.901084 -0.002270 -0.387507
v -1.904424 -0.006183 0.112477
v -1.901174 0.000999 -0.387461
v -1.906711 0.457764 0.119127
v -1.903460 0.464946 -0.380811
v -1.603721 0.459229 0.121118
v -1.600470 0.466410 -0.378820
v -1.605283 0.776192 0.125661
v -1.602032 0.783374 -0.374277
v -1.945271 0.774549 0.123427
v -1.942021 0.781731 -0.376511
v -1.981271 0.774375 0.123190
v -1.978020 0.781557 -0.376748
v -1.494561 0.020796 0.115529
v -1.491311 0.027978 -0.384408
v -1.581608 0.030374 0.115101
v -1.578357 0.037556 -0.384837
v -1.584361 -0.019634 0.114365
v -1.581111 -0.012452 -0.385573
v -1.558245 -0.023164 0.114484
v -1.554994 -0.015983 -0.385454
v -1.532137 -0.026624 0.114604
v -1.528886 -0.019442 -0.385334
v -1.506117 -0.030012 0.114724
v -1.502866 -0.022831 -0.385213
v -1.480264 -0.033331 0.114845
v -1.477013 -0.026149 -0.385093
v -1.454657 -0.036580 0.114965
v -1.451406 -0.029398 -0.384973
v -1.429375 -0.039759 0.115083
v -1.426125 -0.032577 -0.384854
v -1.404498 -0.042869 0.115200
v -1.401247 -0.035687 -0.384737
v -1.380105 -0.045911 0.115315
v -1.376854 -0.038729 -0.384623
v -1.356274 -0.048884 0.115428
v -1.353023 -0.041702 -0.384510
v -1.333086 -0.051789 0.115537
v -1.329835 -0.044608 -0.384401
v -1.310618 -0.054627 0.115642
v -1.307368 -0.047445 -0.384296
v -1.288952 -0.057398 0.115743
v -1.285701 -0.050216 -0.384195
v -1.268165 -0.060102 0.115839
v -1.264914 -0.052920 -0.384099
v -1.258436 -0.005060 0.116693
v -1.255186 0.002122 -0.383245
v -1.445534 0.015034 0.115765
v -1.442283 0.022216 -0.384172
v -1.442538 0.016048 0.115799
v -1.439288 0.023230 -0.384138
v -1.445161 0.023245 0.115886
v -1.441910 0.030426 -0.384052
v -1.447862 0.030954 0.115979
v -1.444611 0.038136 -0.383959
v -1.450611 0.039087 0.116078
v -1.447361 0.046269 -0.383860
v -1.453379 0.047552 0.116182
v -1.450128 0.054734 -0.383756
v -1.456134 0.056261 0.116289
v -1.452884 0.063443 -0.383649
v -1.458847 0.065123 0.116398
v -1.455596 0.072305 -0.383539
v -1.461485 0.074048 0.116509
v -1.458235 0.081230 -0.383428
v -1.464020 0.082946 0.116621
v -1.460770 0.090128 -0.383317
v -1.466421 0.091727 0.116731
v -1.463171 0.098909 -0.383207
v -1.468657 0.100302 0.116840
v -1.465406 0.107484 -0.383098
v -1.470697 0.108580 0.116946
v -1.467446 0.115762 -0.382992
v -1.472512 0.116471 0.117047
v -1.469261 0.123653 -0.382891
v -1.474070 0.123886 0.117144
v -1.470819 0.131068 -0.382794
v -1.528009 0.111626 0.116617
v -1.524758 0.118808 -0.383321
v -1.220009 0.517078 0.124444
v -1.216759 0.524260 -0.375494
v -1.444002 0.515996 0.122972
v -1.440751 0.523177 -0.376966
v -1.444386 0.593987 0.124090
v -1.441136 0.601168 -0.375848
v -1.220394 0.595069 0.125562
v -1.217143 0.602251 -0.374376
v -1.221020 0.722055 0.127382
v -1.217769 0.729237 -0.372556
v -1.220650 0.647063 0.126307
v -1.217399 0.654245 -0.373631
v -1.444643 0.645981 0.124835
v -1.441392 0.653162 -0.375103
v -1.445012 0.720972 0.125910
v -1.441761 0.728154 -0.374028
v -1.675994 0.514874 0.121447
v -1.672744 0.522056 -0.378491
v -1.906986 0.513758 0.119929
v -1.903736 0.520939 -0.380009
v -1.907371 0.591749 0.121047
v -1.904120 0.598930 -0.378891
v -1.676379 0.592865 0.122565
v -1.673128 0.600047 -0.377373
v -1.677005 0.719851 0.124385
v -1.673754 0.727032 -0.375552
v -1.676635 0.644859 0.123311
v -1.673384 0.652041 -0.376627
v -1.907627 0.643743 0.121792
v -1.904377 0.650925 -0.378145
v -1.907997 0.718734 0.122867
v -1.904746 0.725916 -0.377070
v -1.514724 0.459659 0.121703
v -1.511473 0.466841 -0.378235
v -1.219733 0.461085 0.123641
v -1.216483 0.468267 -0.376296
v -1.216969 -0.099851 0.115601
v -1.213719 -0.092669 -0.384337
v -1.144972 -0.099503 0.116074
v -1.141721 -0.092321 -0.383863
v -1.149298 0.778396 0.128658
v -1.146047 0.785578 -0.371280
v -1.516286 0.776622 0.126246
v -1.513035 0.783804 -0.373692
vn 0.0065 0.0144 -0.9999
vn -0.0065 -0.0144 0.9999
vn -0.4871 0.8733 0.0094
vn -0.4943 0.8692 0.0093
vn -0.5010 0.8654 0.0092
vn -0.5072 0.8618 0.0091
vn -0.5130 0.8583 0.0090
vn -0.5184 0.8551 0.0089
vn -0.5235 0.8520 0.0088
vn -0.5283 0.8490 0.0088
vn -0.5327 0.8462 0.0087
vn -0.5369 0.8436 0.0086
vn -0.5408 0.8411 0.0086
vn -0.5445 0.8387 0.0085
vn 0.3603 0.9327 0.0157
vn 0.9697 0.2443 0.0098
vn 0.9737 0.2276 0.0096
vn 0.9773 0.2115 0.0094
vn 0.9806 0.1959 0.0092
vn 0.9835 0.1808 0.0090
vn 0.9861 0.1662 0.0088
vn 0.9883 0.1521 0.0086
vn 0.9903 0.1385 0.0084
vn 0.9921 0.1254 0.0083
vn 0.9936 0.1127 0.0081
vn 0.9949 0.1004 0.0079
vn 0.9960 0.0886 0.0077
vn 0.7375 -0.6754 -0.0049
vn 0.7106 -0.7036 -0.0055
vn 0.7036 0.7104 0.0148
vn 0.6896 0.7241 0.0149
vn 0.9991 0.0409 0.0071
vn 0.9994 0.0352 0.0070
vn 0.9995 0.0299 0.0069
vn 0.9997 0.0252 0.0069
vn 0.9998 0.0209 0.0068
vn 0.9998 0.0172 0.0067
vn 0.9999 0.0140 0.0067
vn 0.9999 0.0112 0.0067
vn 0.9999 0.0089 0.0066
vn 1.0000 0.0072 0.0066
vn 1.0000 0.0059 0.0066
vn 1.0000 0.0052 0.0066
vn 0.7036 0.7105 0.0148
vn -0.7110 0.7032 0.0055
vn -1.0000 -0.0071 -0.0066
vn -0.9999 -0.0096 -0.0066
vn -0.9999 -0.0122 -0.0067
vn -0.9999 -0.0149 -0.0067
vn -0.9998 -0.0178 -0.0068
vn -0.9998 -0.0209 -0.0068
vn -0.9997 -0.0242 -0.0068
vn -0.9996 -0.0276 -0.0069
vn -0.9995 -0.0311 -0.0069
vn -0.9994 -0.0349 -0.0070
vn -0.9992 -0.0388 -0.0071
vn -0.9991 -0.0428 -0.0071
vn -0.7245 0.6892 0.0052
vn -0.7106 0.7036 0.0055
vn -1.0000 0.0012 -0.0065
vn -0.9997 0.0240 -0.0062
vn -0.9978 0.0664 -0.0055
vn -0.9915 0.1297 -0.0046
vn -0.9753 0.2208 -0.0032
vn -0.9384 0.3455 -0.0011
vn -0.8651 0.5017 0.0016
vn -0.7426 0.6697 0.0048
vn -0.5788 0.8154 0.0080
vn -0.4052 0.9142 0.0105
vn -0.2541 0.9671 0.0122
vn -0.1396 0.9901 0.0133
vn -0.0599 0.9981 0.0139
vn -0.0164 0.9998 0.0143
vn -0.0049 0.9999 0.0143
vn 0.0418 0.9990 0.0146
vn 0.2095 0.9777 0.0154
vn 0.4648 0.8853 0.0157
vn 0.6998 0.7141 0.0148
vn 0.8548 0.5188 0.0130
vn 0.9344 0.3560 0.0112
vn 0.9707 0.2400 0.0098
vn 0.9868 0.1620 0.0087
vn 0.9939 0.1103 0.0080
vn 0.9971 0.0761 0.0076
vn 0.9985 0.0537 0.0073
vn 0.9992 0.0393 0.0071
vn 0.9995 0.0303 0.0069
vn 0.4328 0.9013 0.0158
vn -0.5863 0.8101 0.0078
vn -0.5528 0.8333 0.0084
vn -0.5231 0.8522 0.0088
vn -0.4964 0.8681 0.0092
vn -0.4718 0.8817 0.0096
vn -0.4487 0.8936 0.0099
vn -0.4267 0.9043 0.0102
vn -0.4050 0.9142 0.0105
vn -0.3833 0.9236 0.0108
vn -0.3607 0.9326 0.0111
vn -0.3365 0.9416 0.0113
vn -0.3097 0.9508 0.0116
vn -0.8206 0.5715 0.0029
vn -0.9979 -0.0645 -0.0074
vn -0.9959 -0.0900 -0.0078
vn -0.9919 -0.1267 -0.0083
vn -0.9839 -0.1784 -0.0090
vn -0.9682 -0.2498 -0.0099
vn -0.9382 -0.3460 -0.0111
vn -0.8828 -0.4696 -0.0125
vn -0.7883 -0.6151 -0.0140
vn -0.6467 -0.7626 -0.0152
vn -0.4691 -0.8830 -0.0157
vn -0.2854 -0.9583 -0.0156
vn -0.1248 -0.9921 -0.0151
vn -0.0240 -0.9996 -0.0145
vn 0.0049 -0.9999 -0.0143
vn 0.0196 -0.9997 -0.0142
vn 0.0711 -0.9974 -0.0139
vn 0.1573 -0.9875 -0.0132
vn 0.2695 -0.9629 -0.0121
vn 0.4068 -0.9135 -0.0105
vn 0.5589 -0.8292 -0.0083
vn 0.7056 -0.7086 -0.0056
vn 0.8254 -0.5645 -0.0027
vn 0.9080 -0.4190 -0.0001
vn 0.9571 -0.2897 0.0021
vn 0.9828 -0.1845 0.0037
vn 0.9947 -0.1032 0.0050
vn 0.9991 -0.0420 0.0059
vn 1.0000 -0.0055 0.0064
vn -0.6720 -0.7404 -0.0150
vn -0.9953 -0.0968 -0.0079
vn -0.9942 -0.1076 -0.0080
vn -0.9928 -0.1195 -0.0082
vn -0.9912 -0.1324 -0.0083
vn -0.9892 -0.1464 -0.0085
vn -0.9868 -0.1614 -0.0087
vn -0.9841 -0.1775 -0.0089
vn -0.9808 -0.1946 -0.0092
vn -0.9770 -0.2128 -0.0094
vn -0.9727 -0.2320 -0.0097
vn -0.9676 -0.2522 -0.0099
vn -0.9619 -0.2734 -0.0102
vn -0.9450 0.3270 -0.0014
vn -0.5813 0.8136 0.0079
vn -0.5879 0.8089 0.0078
vn -0.5949 0.8037 0.0077
vn -0.6025 0.7981 0.0075
vn -0.6106 0.7919 0.0074
vn -0.6195 0.7850 0.0072
vn -0.6291 0.7773 0.0071
vn -0.6395 0.7687 0.0069
vn -0.6510 0.7590 0.0067
vn -0.6637 0.7480 0.0064
vn -0.6778 0.7352 0.0062
vn -0.6934 0.7205 0.0058
vn -0.9998 0.0184 -0.0062
vn -0.0029 -0.9999 -0.0144
vn 0.7167 -0.6973 -0.0054
vn 0.7041 -0.7101 -0.0056
vn 0.6924 -0.7215 -0.0059
vn 0.6816 -0.7317 -0.0061
vn 0.6715 -0.7410 -0.0063
vn 0.6620 -0.7494 -0.0065
vn 0.6531 -0.7573 -0.0066
vn 0.6446 -0.7645 -0.0068
vn 0.6364 -0.7713 -0.0069
vn 0.6285 -0.7778 -0.0071
vn 0.6209 -0.7839 -0.0072
vn 0.6135 -0.7897 -0.0074
vn -0.2423 -0.9701 -0.0155
vn -0.9010 -0.4337 -0.0121
vn -0.8791 -0.4764 -0.0126
vn -0.8539 -0.5202 -0.0130
vn -0.8252 -0.5647 -0.0135
vn -0.7929 -0.6091 -0.0139
vn -0.7572 -0.6530 -0.0143
vn -0.7183 -0.6956 -0.0147
vn -0.6765 -0.7363 -0.0150
vn -0.6322 -0.7746 -0.0152
vn -0.5862 -0.8100 -0.0154
vn -0.5388 -0.8423 -0.0156
vn -0.4909 -0.8711 -0.0157
vn 0.2653 -0.9641 -0.0121
vn 0.8406 -0.5416 -0.0023
vn 0.8158 -0.5783 -0.0030
vn 0.7937 -0.6083 -0.0036
vn 0.7735 -0.6338 -0.0041
vn 0.7546 -0.6562 -0.0045
vn 0.7364 -0.6766 -0.0049
vn 0.7184 -0.6957 -0.0053
vn 0.7000 -0.7141 -0.0057
vn 0.6807 -0.7325 -0.0061
vn 0.6598 -0.7514 -0.0065
vn 0.6364 -0.7714 -0.0069
vn 0.6092 -0.7930 -0.0074
vn 0.9962 0.0867 0.0077
vn 0.4723 0.8813 0.0157
vn 0.5239 0.8516 0.0156
vn 0.5750 0.8180 0.0155
vn 0.6249 0.7806 0.0153
vn 0.6728 0.7397 0.0150
vn 0.7179 0.6959 0.0147
vn 0.7599 0.6499 0.0143
vn 0.7981 0.6024 0.0138
vn 0.8323 0.5542 0.0134
vn 0.8624 0.5060 0.0129
vn 0.8886 0.4586 0.0124
vn 0.9108 0.4126 0.0118
vn 0.9607 -0.2775 0.0023
vn 0.5683 -0.8228 -0.0081
vn 0.5628 -0.8266 -0.0082
vn 0.5571 -0.8304 -0.0083
vn 0.5515 -0.8342 -0.0084
vn 0.5457 -0.8379 -0.0085
vn 0.5398 -0.8417 -0.0086
vn 0.5338 -0.8455 -0.0087
vn 0.5276 -0.8494 -0.0088
vn 0.5212 -0.8534 -0.0089
vn 0.5145 -0.8574 -0.0090
vn 0.5075 -0.8616 -0.0091
vn 0.5002 -0.8659 -0.0092
vn 0.9915 -0.1302 0.0046
vn 0.1375 0.9904 0.0151
vn -0.9976 0.0691 -0.0055
vn -0.9890 0.1481 -0.0043
vn -0.9727 0.2322 -0.0030
vn -0.9471 0.3210 -0.0015
vn -0.9104 0.4136 -0.0000
vn -0.8609 0.5088 0.0017
vn -0.7965 0.6047 0.0035
vn -0.7151 0.6990 0.0054
vn -0.6149 0.7886 0.0073
vn -0.4940 0.8694 0.0093
vn -0.3513 0.9362 0.0112
vn -0.1870 0.9823 0.0129
vn 0.0028 0.9999 0.0144
vn 0.2079 0.9780 0.0154
vn 0.3958 0.9182 0.0158
vn 0.5464 0.8374 0.0156
vn 0.6597 0.7514 0.0151
vn 0.7423 0.6699 0.0145
vn 0.8022 0.5969 0.0138
vn 0.8459 0.5331 0.0132
vn 0.8783 0.4780 0.0126
vn 0.9025 0.4304 0.0121
vn 0.9211 0.3892 0.0116
vn 0.9355 0.3532 0.0112
vn 0.9468 0.3217 0.0108
vn 0.9550 0.2965 0.0105
vn 0.9601 0.2793 0.0103
vn 0.9639 0.2659 0.0101
vn 0.9674 0.2529 0.0099
vn 0.9707 0.2401 0.0098
vn 0.9738 0.2274 0.0096
vn 0.9766 0.2148 0.0094
vn 0.9793 0.2023 0.0093
vn 0.9818 0.1897 0.0091
vn 0.9842 0.1769 0.0089
vn 0.9864 0.1640 0.0088
vn 0.9885 0.1509 0.0086
vn 0.9905 0.1374 0.0084
vn 0.6903 -0.7235 -0.0059
vn -0.2345 -0.9720 -0.0155
vn -0.3460 -0.9381 -0.0157
vn -0.4509 -0.8924 -0.0158
vn -0.5475 -0.8367 -0.0156
vn -0.6348 -0.7725 -0.0152
vn -0.7128 -0.7013 -0.0147
vn -0.7815 -0.6237 -0.0140
vn -0.8415 -0.5402 -0.0132
vn -0.8928 -0.4502 -0.0123
vn -0.9356 -0.3529 -0.0112
vn -0.9690 -0.2470 -0.0098
vn -0.9914 -0.1309 -0.0083
vn -0.9998 -0.0195 -0.0068
vn -0.9465 -0.3226 -0.0108
vn -0.9327 -0.3604 -0.0112
vn -0.9149 -0.4034 -0.0117
vn -0.8918 -0.4523 -0.0123
vn -0.8613 -0.5080 -0.0129
vn -0.8209 -0.5710 -0.0135
vn -0.7670 -0.6415 -0.0142
vn -0.6955 -0.7184 -0.0148
vn -0.6015 -0.7987 -0.0154
vn -0.4816 -0.8763 -0.0157
vn -0.3356 -0.9419 -0.0157
vn -0.1696 -0.9854 -0.0153
vn 0.0048 -0.9999 -0.0143
vn 0.1758 -0.9843 -0.0130
vn 0.3341 -0.9425 -0.0114
vn 0.4742 -0.8804 -0.0096
vn 0.5943 -0.8042 -0.0077
vn 0.6948 -0.7192 -0.0058
vn 0.7774 -0.6290 -0.0040
vn 0.8441 -0.5362 -0.0022
vn 0.8967 -0.4427 -0.0005
vn 0.9369 -0.3495 0.0011
vn 0.9663 -0.2576 0.0026
vn 0.9859 -0.1675 0.0040
vn 0.9968 -0.0799 0.0053
vn 0.9998 0.0179 0.0068
vn 0.9903 0.1390 0.0084
vn 0.9634 0.2677 0.0101
vn 0.9216 0.3880 0.0116
vn 0.8668 0.4985 0.0128
vn 0.8009 0.5986 0.0138
vn 0.7254 0.6882 0.0146
vn 0.6412 0.7672 0.0152
vn 0.5490 0.8357 0.0156
vn 0.4493 0.8932 0.0158
vn 0.3429 0.9392 0.0157
vn 0.2307 0.9729 0.0155
vn 0.1139 0.9934 0.0150
vn -0.0025 0.9999 0.0143
vn -0.1163 0.9931 0.0135
vn -0.2306 0.9730 0.0125
vn -0.3457 0.9383 0.0112
vn -0.4585 0.8886 0.0098
vn -0.5660 0.8244 0.0082
vn -0.6653 0.7465 0.0064
vn -0.7540 0.6569 0.0045
vn -0.8301 0.5576 0.0026
vn -0.8926 0.4509 0.0007
vn -0.9407 0.3392 -0.0012
vn -0.9744 0.2247 -0.0031
vn -0.9940 0.1094 -0.0049
vn -1.0000 -0.0022 -0.0065
vn -0.9938 -0.1106 -0.0081
vn -0.9751 -0.2217 -0.0095
vn -0.9418 -0.3361 -0.0110
vn -0.8929 -0.4500 -0.0123
vn -0.8290 -0.5591 -0.0134
vn -0.7519 -0.6591 -0.0144
vn -0.6649 -0.7467 -0.0151
vn -0.5719 -0.8202 -0.0155
vn -0.4767 -0.8789 -0.0157
vn -0.3825 -0.9238 -0.0158
vn -0.2917 -0.9564 -0.0156
vn -0.2058 -0.9785 -0.0154
vn 0.4100 -0.9120 -0.0104
vn 0.8968 0.4422 0.0122
vn 0.0981 0.9951 0.0149
vn 0.1075 0.9941 0.0150
vn 0.1166 0.9931 0.0150
vn 0.1255 0.9920 0.0151
vn 0.1342 0.9908 0.0151
vn 0.1429 0.9896 0.0151
vn 0.1515 0.9883 0.0152
vn 0.1601 0.9870 0.0152
vn 0.1689 0.9855 0.0153
vn 0.1780 0.9839 0.0153
vn 0.1873 0.9822 0.0153
vn 0.1972 0.9802 0.0154
vn 0.2279 0.9736 0.0155
vn 0.2910 0.9566 0.0156
vn 0.3663 0.9304 0.0157
vn 0.4428 0.8965 0.0158
vn 0.5206 0.8537 0.0156
vn 0.5991 0.8005 0.0154
vn 0.6772 0.7357 0.0150
vn 0.7527 0.6582 0.0144
vn 0.8229 0.5680 0.0135
vn 0.8847 0.4661 0.0124
vn 0.9349 0.3548 0.0112
vn 0.9712 0.2380 0.0097
vn 0.9927 0.1201 0.0082
vn 0.9999 0.0082 0.0066
vn 0.9954 -0.0960 0.0051
vn 0.9800 -0.1990 0.0035
vn 0.9528 -0.3034 0.0018
vn 0.9130 -0.4079 0.0001
vn 0.8600 -0.5103 -0.0017
vn 0.7936 -0.6084 -0.0036
vn 0.7144 -0.6997 -0.0054
vn 0.6239 -0.7815 -0.0072
vn 0.5241 -0.8516 -0.0088
vn 0.4180 -0.9084 -0.0103
vn 0.3088 -0.9511 -0.0117
vn 0.1996 -0.9798 -0.0128
vn -0.5967 -0.8023 -0.0154
vn -0.9887 -0.1498 -0.0086
vn -0.9874 -0.1583 -0.0087
vn -0.9859 -0.1672 -0.0088
vn -0.9842 -0.1767 -0.0089
vn -0.9824 -0.1867 -0.0091
vn -0.9803 -0.1973 -0.0092
vn -0.9780 -0.2086 -0.0094
vn -0.9753 -0.2206 -0.0095
vn -0.9724 -0.2333 -0.0097
vn -0.9690 -0.2468 -0.0098
vn -0.9652 -0.2612 -0.0100
vn -0.9609 -0.2766 -0.0102
vn -0.9555 -0.2947 -0.0104
vn -0.4127 0.9108 0.0104
vn -0.4308 0.9024 0.0102
vn -0.4478 0.8941 0.0099
vn -0.4642 0.8857 0.0097
vn -0.4804 0.8770 0.0095
vn -0.4970 0.8677 0.0092
vn -0.5144 0.8575 0.0090
vn -0.5330 0.8461 0.0087
vn -0.5534 0.8329 0.0084
vn -0.5765 0.8171 0.0080
vn -0.6031 0.7976 0.0075
vn -0.6347 0.7728 0.0070
vn -0.9922 0.1246 -0.0047
vn -0.1041 -0.9944 -0.0150
vn 0.6659 -0.7460 -0.0064
vn 0.6356 -0.7720 -0.0070
vn 0.6097 -0.7926 -0.0074
vn 0.5871 -0.8095 -0.0078
vn 0.5668 -0.8238 -0.0081
vn 0.5480 -0.8364 -0.0085
vn 0.5302 -0.8478 -0.0087
vn 0.5129 -0.8584 -0.0090
vn 0.4957 -0.8684 -0.0093
vn 0.4780 -0.8783 -0.0095
vn 0.4594 -0.8882 -0.0098
vn 0.4393 -0.8983 -0.0100
vn 0.9721 -0.2346 0.0030
vn 0.2480 0.9686 0.0155
vn -0.3792 0.9252 0.0108
vn -0.4004 0.9163 0.0106
vn -0.4196 0.9077 0.0103
vn -0.4376 0.8991 0.0101
vn -0.4549 0.8905 0.0098
vn -0.4720 0.8815 0.0096
vn -0.4895 0.8719 0.0093
vn -0.5079 0.8614 0.0091
vn -0.5277 0.8494 0.0088
vn -0.5497 0.8353 0.0084
vn -0.5750 0.8181 0.0080
vn -0.6049 0.7962 0.0075
vn -0.9890 0.1479 -0.0043
vn -0.1341 -0.9909 -0.0151
vn 0.6271 -0.7789 -0.0071
vn 0.5984 -0.8012 -0.0076
vn 0.5742 -0.8187 -0.0080
vn 0.5532 -0.8330 -0.0084
vn 0.5344 -0.8452 -0.0087
vn 0.5172 -0.8558 -0.0089
vn 0.5011 -0.8654 -0.0092
vn 0.4854 -0.8742 -0.0094
vn 0.4699 -0.8827 -0.0096
vn 0.4540 -0.8909 -0.0098
vn 0.4374 -0.8992 -0.0101
vn 0.4196 -0.9077 -0.0103
vn 0.9675 -0.2529 0.0027
vn 0.2749 0.9613 0.0156
vn -0.9747 0.2235 -0.0031
vn -0.9056 -0.4241 -0.0120
vn -0.9024 -0.4308 -0.0121
vn -0.8993 -0.4371 -0.0121
vn -0.8964 -0.4432 -0.0122
vn -0.8934 -0.4491 -0.0123
vn -0.8905 -0.4549 -0.0123
vn -0.8875 -0.4607 -0.0124
vn -0.8843 -0.4667 -0.0125
vn -0.8811 -0.4728 -0.0125
vn -0.8775 -0.4794 -0.0126
vn -0.8737 -0.4863 -0.0127
vn -0.8694 -0.4940 -0.0127
vn -0.1992 -0.9798 -0.0154
vn 0.9834 -0.1813 0.0038
vn 0.8521 0.5233 0.0131
vn 0.8588 0.5122 0.0129
vn 0.8645 0.5025 0.0128
vn 0.8696 0.4937 0.0127
vn 0.8742 0.4855 0.0127
vn 0.8785 0.4776 0.0126
vn 0.8827 0.4698 0.0125
vn 0.8868 0.4621 0.0124
vn 0.8909 0.4541 0.0123
vn 0.8951 0.4457 0.0122
vn 0.8995 0.4368 0.0121
vn 0.9042 0.4270 0.0120
vn 0.2227 0.9748 0.0155
vn -0.7036 -0.7104 -0.0148
vn -1.0000 -0.0059 -0.0066
vn -0.9999 -0.0091 -0.0066
vn -0.9999 -0.0136 -0.0067
vn -0.9998 -0.0183 -0.0068
vn -0.9997 -0.0234 -0.0068
vn -0.9996 -0.0287 -0.0069
vn -0.9994 -0.0344 -0.0070
vn -0.9992 -0.0404 -0.0071
vn -0.9989 -0.0467 -0.0072
vn -0.9986 -0.0533 -0.0073
vn -0.9982 -0.0603 -0.0074
vn -0.9977 -0.0677 -0.0075
vn -0.9971 -0.0754 -0.0076
vn -0.7363 0.6766 0.0049
vn -0.8115 -0.5842 -0.0137
vn -0.9376 0.3478 -0.0011
vn -0.9164 0.4002 -0.0002
vn -0.8909 0.4541 0.0007
vn -0.8607 0.5091 0.0017
vn -0.8254 0.5645 0.0027
vn -0.7847 0.6198 0.0038
vn -0.7386 0.6742 0.0049
vn -0.6870 0.7266 0.0060
vn -0.6304 0.7763 0.0071
vn -0.5692 0.8222 0.0081
vn -0.5043 0.8635 0.0091
vn -0.4366 0.8996 0.0101
vn -0.9888 0.1493 -0.0043
vn -0.6690 -0.7431 -0.0150
vn -0.6955 -0.7183 -0.0148
vn -0.7170 -0.6969 -0.0147
vn -0.7351 -0.6779 -0.0145
vn -0.7506 -0.6605 -0.0144
vn -0.7646 -0.6444 -0.0142
vn -0.7774 -0.6289 -0.0141
vn -0.7896 -0.6135 -0.0139
vn -0.8015 -0.5979 -0.0138
vn -0.8135 -0.5814 -0.0136
vn -0.8262 -0.5632 -0.0135
vn -0.8399 -0.5426 -0.0133
vn -0.2738 -0.9617 -0.0156
vn 0.4733 -0.8808 -0.0096
vn 0.5380 -0.8429 -0.0086
vn 0.5997 -0.8002 -0.0076
vn 0.6575 -0.7534 -0.0065
vn 0.7585 -0.6517 -0.0044
vn 0.8010 -0.5987 -0.0034
vn 0.8381 -0.5455 -0.0024
vn 0.8700 -0.4930 -0.0014
vn 0.8971 -0.4419 -0.0005
vn 0.9198 -0.3925 0.0003
vn 0.9385 -0.3452 0.0011
vn -0.0417 -0.9990 -0.0146
vn -0.9629 -0.2696 -0.0101
vn -0.9450 -0.3269 -0.0108
vn -0.9218 -0.3875 -0.0116
vn -0.8929 -0.4501 -0.0123
vn -0.8580 -0.5135 -0.0130
vn -0.8174 -0.5759 -0.0136
vn -0.7716 -0.6359 -0.0142
vn -0.7216 -0.6922 -0.0146
vn -0.6685 -0.7436 -0.0150
vn -0.6137 -0.7894 -0.0153
vn -0.5584 -0.8295 -0.0155
vn -0.5038 -0.8637 -0.0157
vn 0.1870 -0.9823 -0.0129
vn 0.7552 -0.6555 -0.0045
vn 0.7350 -0.6780 -0.0050
vn 0.7182 -0.6959 -0.0053
vn 0.7035 -0.7107 -0.0056
vn 0.6902 -0.7236 -0.0059
vn 0.6778 -0.7352 -0.0062
vn 0.6657 -0.7462 -0.0064
vn 0.6534 -0.7570 -0.0066
vn 0.6406 -0.7679 -0.0069
vn 0.6265 -0.7794 -0.0071
vn 0.6106 -0.7919 -0.0074
vn 0.5916 -0.8062 -0.0077
vn 0.9976 0.0695 0.0075
vn 0.4894 0.8719 0.0157
vn 0.5438 0.8391 0.0156
vn 0.5996 0.8001 0.0154
vn 0.6558 0.7548 0.0151
vn 0.7108 0.7032 0.0147
vn 0.7633 0.6459 0.0142
vn 0.8116 0.5840 0.0137
vn 0.8546 0.5191 0.0130
vn 0.8915 0.4529 0.0123
vn 0.9219 0.3873 0.0116
vn 0.9459 0.3242 0.0108
vn 0.9642 0.2649 0.0101
vn 0.7878 -0.6160 -0.0037
vn 0.6676 0.7443 0.0150
vn 0.9952 0.0976 0.0079
vn 0.9962 0.0862 0.0077
vn 0.9971 0.0756 0.0076
vn 0.9978 0.0656 0.0074
vn 0.9984 0.0563 0.0073
vn 0.9988 0.0477 0.0072
vn 0.9992 0.0397 0.0071
vn 0.9995 0.0323 0.0070
vn 0.9996 0.0256 0.0069
vn 0.9998 0.0195 0.0068
vn 0.9999 0.0092 0.0066
vn -0.8921 0.4518 0.0007
vn -0.9045 0.4265 0.0002
vn -0.9152 0.4029 -0.0002
vn -0.9249 0.3802 -0.0006
vn -0.9338 0.3579 -0.0009
vn -0.9420 0.3355 -0.0013
vn -0.9499 0.3124 -0.0017
vn -0.9576 0.2880 -0.0021
vn -0.9652 0.2614 -0.0025
vn -0.9728 0.2318 -0.0030
vn -0.9802 0.1978 -0.0035
vn -0.9875 0.1575 -0.0042
vn -0.8280 -0.5605 -0.0134
vn 0.5770 -0.8167 -0.0080
vn 0.9929 -0.1191 0.0047
vn 0.9868 -0.1616 0.0041
vn 0.9803 -0.1976 0.0035
vn 0.9735 -0.2287 0.0030
vn 0.9666 -0.2561 0.0026
vn 0.9597 -0.2810 0.0022
vn 0.9527 -0.3039 0.0018
vn 0.9455 -0.3256 0.0015
vn 0.9381 -0.3464 0.0011
vn 0.9302 -0.3670 0.0008
vn 0.9218 -0.3877 0.0004
vn 0.9125 -0.4090 0.0001
vn 0.8922 0.4515 0.0123
vn -0.4291 0.9032 0.0102
vn -0.8584 0.5130 0.0018
vn -0.8719 0.4896 0.0014
vn -0.8841 0.4673 0.0010
vn -0.8953 0.4454 0.0006
vn -0.9058 0.4236 0.0002
vn -0.9159 0.4013 -0.0002
vn -0.9258 0.3780 -0.0006
vn -0.9356 0.3531 -0.0010
vn -0.9454 0.3259 -0.0015
vn -0.9554 0.2952 -0.0020
vn -0.9657 0.2597 -0.0025
vn -0.9760 0.2175 -0.0032
vn -0.8632 -0.5047 -0.0129
vn 0.5081 -0.8612 -0.0091
vn 0.9782 -0.2074 0.0034
vn 0.9695 -0.2452 0.0028
vn 0.9607 -0.2776 0.0023
vn 0.9520 -0.3062 0.0018
vn 0.9432 -0.3321 0.0014
vn 0.9345 -0.3561 0.0010
vn 0.9255 -0.3788 0.0006
vn 0.9162 -0.4008 0.0002
vn 0.9063 -0.4226 -0.0002
vn 0.8958 -0.4445 -0.0006
vn 0.8842 -0.4671 -0.0010
vn 0.8712 -0.4908 -0.0014
vn 0.9312 0.3642 0.0113
vn -0.3524 0.9358 0.0112
vn -0.9999 -0.0125 -0.0067
vn -0.9992 -0.0384 -0.0070
vn -0.9968 -0.0794 -0.0076
vn -0.9915 -0.1301 -0.0083
vn -0.9814 -0.1917 -0.0091
vn -0.9643 -0.2648 -0.0101
vn -0.9371 -0.3488 -0.0111
vn -0.8971 -0.4417 -0.0122
vn -0.8422 -0.5391 -0.0132
vn -0.7725 -0.6348 -0.0141
vn -0.6910 -0.7227 -0.0149
vn -0.6030 -0.7976 -0.0154
vn -0.5145 -0.8573 -0.0157
vn -0.4123 -0.9109 -0.0158
vn -0.3187 -0.9477 -0.0157
vn -0.2556 -0.9667 -0.0155
vn -0.2014 -0.9794 -0.0154
vn -0.1558 -0.9877 -0.0152
vn -0.1179 -0.9929 -0.0150
vn -0.0867 -0.9961 -0.0149
vn -0.0615 -0.9980 -0.0147
vn -0.0414 -0.9990 -0.0146
vn -0.0256 -0.9996 -0.0145
vn -0.0136 -0.9998 -0.0145
vn -0.0049 -0.9999 -0.0144
vn 0.0011 -0.9999 -0.0144
vn 0.6302 -0.7764 -0.0071
vn 0.9765 -0.2157 0.0033
vn 0.9735 -0.2288 0.0030
vn 0.9705 -0.2412 0.0028
vn 0.9673 -0.2536 0.0026
vn 0.9639 -0.2664 0.0024
vn 0.9600 -0.2799 0.0022
vn 0.9556 -0.2946 0.0020
vn 0.9504 -0.3110 0.0017
vn 0.9441 -0.3295 0.0014
vn 0.9364 -0.3510 0.0010
vn 0.9265 -0.3763 0.0006
vn 0.9135 -0.4068 0.0001
vn -0.0433 -0.9990 -0.0146
vn -0.9303 -0.3665 -0.0113
vn -0.9101 -0.4142 -0.0119
vn -0.8857 -0.4641 -0.0124
vn -0.8568 -0.5154 -0.0130
vn -0.8234 -0.5673 -0.0135
vn -0.7855 -0.6187 -0.0140
vn -0.7434 -0.6687 -0.0144
vn -0.6975 -0.7164 -0.0148
vn -0.6488 -0.7608 -0.0151
vn -0.5980 -0.8013 -0.0154
vn -0.5462 -0.8375 -0.0156
vn -0.4943 -0.8691 -0.0157
vn -0.4217 -0.9066 -0.0158
vn -0.3410 -0.9399 -0.0157
vn -0.2777 -0.9605 -0.0156
vn -0.2214 -0.9751 -0.0154
vn -0.1728 -0.9848 -0.0153
vn -0.1315 -0.9912 -0.0151
vn -0.0973 -0.9951 -0.0149
vn -0.0693 -0.9975 -0.0148
vn -0.0470 -0.9988 -0.0147
vn -0.0294 -0.9995 -0.0145
vn -0.0161 -0.9998 -0.0145
vn -0.0063 -0.9999 -0.0144
vn 0.0004 -0.9999 -0.0144
vn 0.6400 -0.7684 -0.0069
vn 0.9804 -0.1971 0.0035
vn 0.9751 -0.2217 0.0032
vn 0.9698 -0.2438 0.0028
vn 0.9645 -0.2641 0.0025
vn 0.9590 -0.2834 0.0022
vn 0.9532 -0.3023 0.0019
vn 0.9470 -0.3211 0.0015
vn 0.9402 -0.3405 0.0012
vn 0.9326 -0.3609 0.0009
vn 0.9238 -0.3828 0.0005
vn 0.9011 -0.4336 -0.0004
vn 0.8428 0.5381 0.0132
vn -0.0286 0.9995 0.0142
vn -0.0254 0.9996 0.0142
vn -0.0225 0.9996 0.0142
vn -0.0198 0.9997 0.0142
vn -0.0173 0.9997 0.0142
vn -0.0150 0.9998 0.0143
vn -0.0129 0.9998 0.0143
vn -0.0109 0.9998 0.0143
vn -0.0092 0.9999 0.0143
vn -0.0077 0.9999 0.0143
vn -0.0064 0.9999 0.0143
vn -0.0054 0.9999 0.0143
vn 0.0524 0.9985 0.0147
vn 0.1309 0.9913 0.0151
vn 0.1839 0.9828 0.0153
vn 0.2604 0.9654 0.0156
vn 0.3640 0.9313 0.0157
vn 0.4928 0.8700 0.0157
vn 0.6350 0.7724 0.0152
vn 0.7683 0.6399 0.0142
vn 0.8718 0.4897 0.0127
vn 0.9384 0.3453 0.0111
vn 0.9747 0.2233 0.0095
vn 0.9917 0.1282 0.0083
vn 0.9983 0.0577 0.0073
vn 0.9998 0.0164 0.0067
vn -0.9999 -0.0080 -0.0066
vn -0.9995 -0.0313 -0.0069
vn -0.9990 -0.0452 -0.0071
vn -0.9982 -0.0598 -0.0073
vn -0.9971 -0.0751 -0.0076
vn -0.9958 -0.0913 -0.0078
vn -0.9941 -0.1085 -0.0080
vn -0.9919 -0.1270 -0.0083
vn -0.9891 -0.1470 -0.0085
vn -0.9856 -0.1687 -0.0088
vn -0.9813 -0.1924 -0.0091
vn -0.9758 -0.2186 -0.0095
vn -0.7895 0.6138 0.0037
vn 0.0406 0.9991 0.0146
vn 0.1264 0.9919 0.0151
vn 0.1986 0.9800 0.0154
vn 0.2939 0.9557 0.0156
vn 0.4127 0.9107 0.0158
vn 0.5485 0.8360 0.0156
vn 0.6860 0.7275 0.0149
vn 0.8052 0.5929 0.0138
vn 0.8928 0.4504 0.0123
vn 0.9478 0.3186 0.0107
vn 0.9781 0.2081 0.0093
vn 0.9926 0.1212 0.0082
vn 0.9984 0.0554 0.0073
vn 0.9998 0.0160 0.0067
vn -0.7877 0.6161 0.0037
vn -0.6466 0.7628 0.0068
vn -0.7707 -0.6370 -0.0142
vn -0.1326 -0.9911 -0.0151
vn -0.1302 -0.9914 -0.0151
vn -0.1281 -0.9916 -0.0151
vn -0.1265 -0.9919 -0.0151
vn -0.1252 -0.9920 -0.0151
vn -0.1243 -0.9921 -0.0151
vn -0.1238 -0.9922 -0.0151
vn -0.1237 -0.9922 -0.0151
vn -0.1240 -0.9922 -0.0151
vn -0.1247 -0.9921 -0.0151
vn -0.1260 -0.9919 -0.0151
vn -0.1278 -0.9917 -0.0151
vn 0.5918 -0.8061 -0.0077
vn 0.7994 0.6006 0.0138
vn 0.9939 0.1096 0.0080
vn 0.9016 -0.4326 -0.0004
vn 0.9417 0.3364 0.0110
vn 0.9455 0.3253 0.0108
vn 0.9489 0.3154 0.0107
vn 0.9520 0.3061 0.0106
vn 0.9548 0.2970 0.0105
vn 0.9576 0.2880 0.0104
vn 0.9603 0.2786 0.0102
vn 0.9632 0.2687 0.0101
vn 0.9661 0.2579 0.0100
vn 0.9693 0.2457 0.0098
vn 0.9728 0.2316 0.0097
vn 0.9766 0.2147 0.0094
vn 0.5397 0.8417 0.0156
vn -0.8789 0.4770 0.0011
vt 0.992593 0.000000
vt 0.937037 0.000000
vt 0.996296 0.000000
vt 1.000000 0.000000
vt 0.948148 0.000000
vt 0.981481 0.000000
vt 0.785185 0.000000
vt 0.966667 0.000000
vt 0.788889 0.000000
vt 0.792593 0.000000
vt 0.796296 0.000000
vt 0.977778 0.000000
vt 0.251852 0.000000
vt 0.940741 0.000000
vt 0.944444 0.000000
vt 0.970370 0.000000
vt 0.974074 0.000000
vt 0.933333 0.000000
vt 0.929630 0.000000
vt 0.962963 0.000000
vt 0.959259 0.000000
vt 0.922222 0.000000
vt 0.925926 0.000000
vt 0.951852 0.000000
vt 0.955556 0.000000
vt 0.985185 0.000000
vt 0.781482 0.000000
vt 0.988889 0.000000
vt 0.777778 0.000000
vt 0.651852 0.000000
vt 0.659259 0.000000
vt 0.655556 0.000000
vt 0.662963 0.000000
vt 0.003704 0.000000
vt 0.011111 0.000000
vt 0.007407 0.000000
vt 0.000000 0.000000
vt 0.644444 0.000000
vt 0.648148 0.000000
vt 0.666667 0.000000
vt 0.670370 0.000000
vt 0.033333 0.000000
vt 0.022222 0.000000
vt 0.037037 0.000000
vt 0.040741 0.000000
vt 0.018519 0.000000
vt 0.029630 0.000000
vt 0.640741 0.000000
vt 0.637037 0.000000
vt 0.674074 0.000000
vt 0.677778 0.000000
vt 0.025926 0.000000
vt 0.014815 0.000000
vt 0.244444 0.000000
vt 0.148148 0.000000
vt 0.248148 0.000000
vt 0.151852 0.000000
vt 0.240741 0.000000
vt 0.155556 0.000000
vt 0.237037 0.000000
vt 0.159259 0.000000
vt 0.233333 0.000000
vt 0.162963 0.000000
vt 0.229630 0.000000
vt 0.166667 0.000000
vt 0.225926 0.000000
vt 0.170370 0.000000
vt 0.222222 0.000000
vt 0.174074 0.000000
vt 0.218519 0.000000
vt 0.177778 0.000000
vt 0.214815 0.000000
vt 0.181481 0.000000
vt 0.911111 0.000000
vt 0.918519 0.000000
vt 0.914815 0.000000
vt 0.211111 0.000000
vt 0.140741 0.000000
vt 0.044444 0.000000
vt 0.144444 0.000000
vt 0.907407 0.000000
vt 0.185185 0.000000
vt 0.800000 0.000000
vt 0.048148 0.000000
vt 0.903704 0.000000
vt 0.207407 0.000000
vt 0.137037 0.000000
vt 0.051852 0.000000
vt 0.188889 0.000000
vt 0.133333 0.000000
vt 0.900000 0.000000
vt 0.203704 0.000000
vt 0.055556 0.000000
vt 0.129630 0.000000
vt 0.192593 0.000000
vt 0.896296 0.000000
vt 0.059259 0.000000
vt 0.200000 0.000000
vt 0.125926 0.000000
vt 0.892593 0.000000
vt 0.196296 0.000000
vt 0.062963 0.000000
vt 0.122222 0.000000
vt 0.888889 0.000000
vt 0.066667 0.000000
vt 0.118519 0.000000
vt 0.070370 0.000000
vt 0.885185 0.000000
vt 0.114815 0.000000
vt 0.074074 0.000000
vt 0.881481 0.000000
vt 0.111111 0.000000
vt 0.077778 0.000000
vt 0.877778 0.000000
vt 0.107407 0.000000
vt 0.081481 0.000000
vt 0.874074 0.000000
vt 0.103704 0.000000
vt 0.085185 0.000000
vt 0.807407 0.000000
vt 0.803704 0.000000
vt 0.870370 0.000000
vt 0.100000 0.000000
vt 0.088889 0.000000
vt 0.096296 0.000000
vt 0.866667 0.000000
vt 0.092593 0.000000
vt 0.862963 0.000000
vt 0.859259 0.000000
vt 0.633333 0.000000
vt 0.681481 0.000000
vt 0.629630 0.000000
vt 0.685185 0.000000
vt 0.625926 0.000000
vt 0.622222 0.000000
vt 0.688889 0.000000
vt 0.618519 0.000000
vt 0.692593 0.000000
vt 0.614815 0.000000
vt 0.611111 0.000000
vt 0.607407 0.000000
vt 0.696296 0.000000
vt 0.603704 0.000000
vt 0.600000 0.000000
vt 0.537037 0.000000
vt 0.544444 0.000000
vt 0.540741 0.000000
vt 0.774074 0.000000
vt 0.596296 0.000000
vt 0.548148 0.000000
vt 0.551852 0.000000
vt 0.592593 0.000000
vt 0.555556 0.000000
vt 0.559259 0.000000
vt 0.588889 0.000000
vt 0.562963 0.000000
vt 0.566667 0.000000
vt 0.570370 0.000000
vt 0.574074 0.000000
vt 0.577778 0.000000
vt 0.581481 0.000000
vt 0.585185 0.000000
vt 0.255556 0.000000
vt 0.700000 0.000000
vt 0.855556 0.000000
vt 0.851852 0.000000
vt 0.848148 0.000000
vt 0.770370 0.000000
vt 0.703704 0.000000
vt 0.533333 0.000000
vt 0.766667 0.000000
vt 0.707407 0.000000
vt 0.529630 0.000000
vt 0.711111 0.000000
vt 0.762963 0.000000
vt 0.259259 0.000000
vt 0.714815 0.000000
vt 0.759259 0.000000
vt 0.525926 0.000000
vt 0.755556 0.000000
vt 0.718518 0.000000
vt 0.751852 0.000000
vt 0.811111 0.000000
vt 0.722222 0.000000
vt 0.748148 0.000000
vt 0.744444 0.000000
vt 0.725926 0.000000
vt 0.522222 0.000000
vt 0.740741 0.000000
vt 0.814815 0.000000
vt 0.737037 0.000000
vt 0.729630 0.000000
vt 0.733333 0.000000
vt 0.262963 0.000000
vt 0.396296 0.000000
vt 0.400000 0.000000
vt 0.392593 0.000000
vt 0.844444 0.000000
vt 0.818519 0.000000
vt 0.518519 0.000000
vt 0.403704 0.000000
vt 0.822222 0.000000
vt 0.388889 0.000000
vt 0.407407 0.000000
vt 0.514815 0.000000
vt 0.266667 0.000000
vt 0.411111 0.000000
vt 0.840741 0.000000
vt 0.825926 0.000000
vt 0.385185 0.000000
vt 0.414815 0.000000
vt 0.511111 0.000000
vt 0.829630 0.000000
vt 0.418519 0.000000
vt 0.270370 0.000000
vt 0.422222 0.000000
vt 0.837037 0.000000
vt 0.833333 0.000000
vt 0.381481 0.000000
vt 0.507407 0.000000
vt 0.425926 0.000000
vt 0.429630 0.000000
vt 0.503704 0.000000
vt 0.433333 0.000000
vt 0.274074 0.000000
vt 0.377778 0.000000
vt 0.437037 0.000000
vt 0.440741 0.000000
vt 0.500000 0.000000
vt 0.444444 0.000000
vt 0.448148 0.000000
vt 0.374074 0.000000
vt 0.277778 0.000000
vt 0.451852 0.000000
vt 0.496296 0.000000
vt 0.455556 0.000000
vt 0.459259 0.000000
vt 0.370370 0.000000
vt 0.281481 0.000000
vt 0.462963 0.000000
vt 0.492593 0.000000
vt 0.466667 0.000000
vt 0.470370 0.000000
vt 0.474074 0.000000
vt 0.477778 0.000000
vt 0.481481 0.000000
vt 0.485185 0.000000
vt 0.488889 0.000000
vt 0.285185 0.000000
vt 0.366667 0.000000
vt 0.288889 0.000000
vt 0.362963 0.000000
vt 0.292593 0.000000
vt 0.359259 0.000000
vt 0.296296 0.000000
vt 0.300000 0.000000
vt 0.355556 0.000000
vt 0.303704 0.000000
vt 0.307407 0.000000
vt 0.351852 0.000000
vt 0.311111 0.000000
vt 0.314815 0.000000
vt 0.318519 0.000000
vt 0.348148 0.000000
vt 0.322222 0.000000
vt 0.325926 0.000000
vt 0.329630 0.000000
vt 0.333333 0.000000
vt 0.337037 0.000000
vt 0.340741 0.000000
vt 0.344444 0.000000
vt 0.990291 0.000000
vt 0.995146 0.000000
vt 0.490291 0.000000
vt 0.126214 0.000000
vt 0.131068 0.000000
vt 0.004854 0.000000
vt 0.009709 0.000000
vt 0.014563 0.000000
vt 0.019417 0.000000
vt 0.024272 0.000000
vt 0.029126 0.000000
vt 0.121359 0.000000
vt 0.033981 0.000000
vt 0.116505 0.000000
vt 0.038835 0.000000
vt 0.111650 0.000000
vt 0.043689 0.000000
vt 0.106796 0.000000
vt 0.048544 0.000000
vt 0.101942 0.000000
vt 0.053398 0.000000
vt 0.097087 0.000000
vt 0.058252 0.000000
vt 0.092233 0.000000
vt 0.087379 0.000000
vt 0.082524 0.000000
vt 0.077670 0.000000
vt 0.072816 0.000000
vt 0.067961 0.000000
vt 0.063107 0.000000
vt 0.980583 0.000000
vt 0.985437 0.000000
vt 0.495146 0.000000
vt 0.975728 0.000000
vt 0.485437 0.000000
vt 0.970874 0.000000
vt 0.407767 0.000000
vt 0.412621 0.000000
vt 0.480583 0.000000
vt 0.262136 0.000000
vt 0.135922 0.000000
vt 0.266990 0.000000
vt 0.140777 0.000000
vt 0.145631 0.000000
vt 0.150485 0.000000
vt 0.155340 0.000000
vt 0.160194 0.000000
vt 0.165049 0.000000
vt 0.169903 0.000000
vt 0.257282 0.000000
vt 0.174757 0.000000
vt 0.252427 0.000000
vt 0.966019 0.000000
vt 0.417476 0.000000
vt 0.179612 0.000000
vt 0.247573 0.000000
vt 0.961165 0.000000
vt 0.422330 0.000000
vt 0.184466 0.000000
vt 0.242718 0.000000
vt 0.956311 0.000000
vt 0.427184 0.000000
vt 0.189320 0.000000
vt 0.237864 0.000000
vt 0.951456 0.000000
vt 0.432039 0.000000
vt 0.194175 0.000000
vt 0.233010 0.000000
vt 0.946602 0.000000
vt 0.228155 0.000000
vt 0.223301 0.000000
vt 0.218447 0.000000
vt 0.213592 0.000000
vt 0.208738 0.000000
vt 0.203883 0.000000
vt 0.199029 0.000000
vt 0.436893 0.000000
vt 0.941748 0.000000
vt 0.441748 0.000000
vt 0.936893 0.000000
vt 0.446602 0.000000
vt 0.932039 0.000000
vt 0.451456 0.000000
vt 0.927184 0.000000
vt 0.456311 0.000000
vt 0.922330 0.000000
vt 0.461165 0.000000
vt 0.917476 0.000000
vt 0.466019 0.000000
vt 0.912621 0.000000
vt 0.470874 0.000000
vt 0.907767 0.000000
vt 0.475728 0.000000
vt 0.898058 0.000000
vt 0.902913 0.000000
vt 0.504854 0.000000
vt 0.509709 0.000000
vt 0.893204 0.000000
vt 0.888350 0.000000
vt 0.514563 0.000000
vt 0.703883 0.000000
vt 0.519417 0.000000
vt 0.398058 0.000000
vt 0.271845 0.000000
vt 0.402913 0.000000
vt 0.708738 0.000000
vt 0.699029 0.000000
vt 0.883495 0.000000
vt 0.393204 0.000000
vt 0.524272 0.000000
vt 0.276699 0.000000
vt 0.388350 0.000000
vt 0.878641 0.000000
vt 0.713592 0.000000
vt 0.694175 0.000000
vt 0.529126 0.000000
vt 0.281553 0.000000
vt 0.383495 0.000000
vt 0.873786 0.000000
vt 0.718447 0.000000
vt 0.533981 0.000000
vt 0.286408 0.000000
vt 0.689320 0.000000
vt 0.378641 0.000000
vt 0.868932 0.000000
vt 0.723301 0.000000
vt 0.291262 0.000000
vt 0.538835 0.000000
vt 0.373786 0.000000
vt 0.684466 0.000000
vt 0.864078 0.000000
vt 0.296117 0.000000
vt 0.728155 0.000000
vt 0.543689 0.000000
vt 0.368932 0.000000
vt 0.859223 0.000000
vt 0.679612 0.000000
vt 0.300971 0.000000
vt 0.733010 0.000000
vt 0.548544 0.000000
vt 0.364078 0.000000
vt 0.854369 0.000000
vt 0.305825 0.000000
vt 0.674757 0.000000
vt 0.737864 0.000000
vt 0.553398 0.000000
vt 0.359223 0.000000
vt 0.849515 0.000000
vt 0.310680 0.000000
vt 0.669903 0.000000
vt 0.558252 0.000000
vt 0.742718 0.000000
vt 0.354369 0.000000
vt 0.844660 0.000000
vt 0.315534 0.000000
vt 0.563107 0.000000
vt 0.665049 0.000000
vt 0.349515 0.000000
vt 0.747573 0.000000
vt 0.839806 0.000000
vt 0.567961 0.000000
vt 0.320388 0.000000
vt 0.344660 0.000000
vt 0.660194 0.000000
vt 0.834951 0.000000
vt 0.752427 0.000000
vt 0.572816 0.000000
vt 0.325243 0.000000
vt 0.339806 0.000000
vt 0.577670 0.000000
vt 0.655340 0.000000
vt 0.830097 0.000000
vt 0.757282 0.000000
vt 0.334951 0.000000
vt 0.582524 0.000000
vt 0.330097 0.000000
vt 0.587379 0.000000
vt 0.592233 0.000000
vt 0.650485 0.000000
vt 0.825243 0.000000
vt 0.597087 0.000000
vt 0.820388 0.000000
vt 0.815534 0.000000
vt 0.601942 0.000000
vt 0.762136 0.000000
vt 0.810680 0.000000
vt 0.606796 0.000000
vt 0.805825 0.000000
vt 0.611650 0.000000
vt 0.800971 0.000000
vt 0.645631 0.000000
vt 0.616505 0.000000
vt 0.796117 0.000000
vt 0.791262 0.000000
vt 0.621359 0.000000
vt 0.786408 0.000000
vt 0.781553 0.000000
vt 0.776699 0.000000
vt 0.771845 0.000000
vt 0.766990 0.000000
vt 0.626214 0.000000
vt 0.640777 0.000000
vt 0.635922 0.000000
vt 0.631068 0.000000
vt 0.526627 0.000000
vt 0.538462 0.000000
vt 0.532544 0.000000
vt 0.544379 0.000000
vt 0.520710 0.000000
vt 0.550296 0.000000
vt 0.514793 0.000000
vt 0.556213 0.000000
vt 0.508876 0.000000
vt 0.562130 0.000000
vt 0.502959 0.000000
vt 0.923077 0.000000
vt 0.568047 0.000000
vt 0.224852 0.000000
vt 0.928994 0.000000
vt 0.917160 0.000000
vt 0.497041 0.000000
vt 0.230769 0.000000
vt 0.218935 0.000000
vt 0.911243 0.000000
vt 0.236686 0.000000
vt 0.905325 0.000000
vt 0.573964 0.000000
vt 0.934911 0.000000
vt 0.242604 0.000000
vt 0.213018 0.000000
vt 0.899408 0.000000
vt 0.491124 0.000000
vt 0.248521 0.000000
vt 0.893491 0.000000
vt 0.940828 0.000000
vt 0.207101 0.000000
vt 0.579882 0.000000
vt 0.254438 0.000000
vt 0.887574 0.000000
vt 0.485207 0.000000
vt 0.201183 0.000000
vt 0.946746 0.000000
vt 0.260355 0.000000
vt 0.881657 0.000000
vt 0.585799 0.000000
vt 0.195266 0.000000
vt 0.952663 0.000000
vt 0.479290 0.000000
vt 0.875740 0.000000
vt 0.266272 0.000000
vt 0.189349 0.000000
vt 0.958580 0.000000
vt 0.591716 0.000000
vt 0.183432 0.000000
vt 0.869823 0.000000
vt 0.964497 0.000000
vt 0.272189 0.000000
vt 0.473373 0.000000
vt 0.177515 0.000000
vt 0.970414 0.000000
vt 0.597633 0.000000
vt 0.863905 0.000000
vt 0.278107 0.000000
vt 0.171598 0.000000
vt 0.976331 0.000000
vt 0.467456 0.000000
vt 0.857988 0.000000
vt 0.165680 0.000000
vt 0.284024 0.000000
vt 0.982249 0.000000
vt 0.603550 0.000000
vt 0.159763 0.000000
vt 0.988166 0.000000
vt 0.852071 0.000000
vt 0.289941 0.000000
vt 0.153846 0.000000
vt 0.461538 0.000000
vt 0.994083 0.000000
vt 0.609467 0.000000
vt 0.147929 0.000000
vt 0.846154 0.000000
vt 0.295858 0.000000
vt 0.142012 0.000000
vt 0.455621 0.000000
vt 0.307692 0.000000
vt 0.840237 0.000000
vt 0.615385 0.000000
vt 0.301775 0.000000
vt 0.136095 0.000000
vt 0.834320 0.000000
vt 0.449704 0.000000
vt 0.313609 0.000000
vt 0.621302 0.000000
vt 0.130178 0.000000
vt 0.005917 0.000000
vt 0.828402 0.000000
vt 0.443787 0.000000
vt 0.124260 0.000000
vt 0.319527 0.000000
vt 0.011834 0.000000
vt 0.627219 0.000000
vt 0.822485 0.000000
vt 0.118343 0.000000
vt 0.017751 0.000000
vt 0.437870 0.000000
vt 0.325444 0.000000
vt 0.023669 0.000000
vt 0.112426 0.000000
vt 0.633136 0.000000
vt 0.816568 0.000000
vt 0.431953 0.000000
vt 0.029586 0.000000
vt 0.106509 0.000000
vt 0.331361 0.000000
vt 0.810651 0.000000
vt 0.035503 0.000000
vt 0.100592 0.000000
vt 0.426035 0.000000
vt 0.639053 0.000000
vt 0.041420 0.000000
vt 0.094675 0.000000
vt 0.337278 0.000000
vt 0.804734 0.000000
vt 0.047337 0.000000
vt 0.088757 0.000000
vt 0.053254 0.000000
vt 0.420118 0.000000
vt 0.082840 0.000000
vt 0.059172 0.000000
vt 0.644970 0.000000
vt 0.076923 0.000000
vt 0.065089 0.000000
vt 0.798817 0.000000
vt 0.071006 0.000000
vt 0.343195 0.000000
vt 0.414201 0.000000
vt 0.792899 0.000000
vt 0.349112 0.000000
vt 0.650888 0.000000
vt 0.408284 0.000000
vt 0.786982 0.000000
vt 0.355030 0.000000
vt 0.402367 0.000000
vt 0.781065 0.000000
vt 0.656805 0.000000
vt 0.775148 0.000000
vt 0.360947 0.000000
vt 0.396450 0.000000
vt 0.769231 0.000000
vt 0.366864 0.000000
vt 0.390533 0.000000
vt 0.763314 0.000000
vt 0.757396 0.000000
vt 0.751479 0.000000
vt 0.745562 0.000000
vt 0.739645 0.000000
vt 0.372781 0.000000
vt 0.384615 0.000000
vt 0.662722 0.000000
vt 0.733728 0.000000
vt 0.727811 0.000000
vt 0.721893 0.000000
vt 0.715976 0.000000
vt 0.710059 0.000000
vt 0.378698 0.000000
vt 0.704142 0.000000
vt 0.698225 0.000000
vt 0.692308 0.000000
vt 0.686391 0.000000
vt 0.668639 0.000000
vt 0.674556 0.000000
vt 0.680473 0.000000
vt 0.164609 0.000000
vt 0.172840 0.000000
vt 0.168724 0.000000
vt 0.176955 0.000000
vt 0.181070 0.000000
vt 0.160494 0.000000
vt 0.156379 0.000000
vt 0.189300 0.000000
vt 0.152263 0.000000
vt 0.193416 0.000000
vt 0.197531 0.000000
vt 0.144033 0.000000
vt 0.201646 0.000000
vt 0.139918 0.000000
vt 0.205761 0.000000
vt 0.135802 0.000000
vt 0.209877 0.000000
vt 0.131687 0.000000
vt 0.213992 0.000000
vt 0.127572 0.000000
vt 0.218107 0.000000
vt 0.123457 0.000000
vt 0.119342 0.000000
vt 0.226337 0.000000
vt 0.115226 0.000000
vt 0.106996 0.000000
vt 0.230453 0.000000
vt 0.102881 0.000000
vt 0.617284 0.000000
vt 0.613169 0.000000
vt 0.234568 0.000000
vt 0.098765 0.000000
vt 0.621399 0.000000
vt 0.609053 0.000000
vt 0.094650 0.000000
vt 0.625514 0.000000
vt 0.090535 0.000000
vt 0.086420 0.000000
vt 0.633745 0.000000
vt 0.082305 0.000000
vt 0.637860 0.000000
vt 0.078189 0.000000
vt 0.641975 0.000000
vt 0.995885 0.000000
vt 0.069959 0.000000
vt 0.004115 0.000000
vt 0.646091 0.000000
vt 0.008230 0.000000
vt 0.065844 0.000000
vt 0.012346 0.000000
vt 0.016461 0.000000
vt 0.650206 0.000000
vt 0.020576 0.000000
vt 0.061728 0.000000
vt 0.024691 0.000000
vt 0.654321 0.000000
vt 0.028807 0.000000
vt 0.057613 0.000000
vt 0.991770 0.000000
vt 0.032922 0.000000
vt 0.987654 0.000000
vt 0.053498 0.000000
vt 0.658436 0.000000
vt 0.983539 0.000000
vt 0.041152 0.000000
vt 0.979424 0.000000
vt 0.045267 0.000000
vt 0.049383 0.000000
vt 0.975309 0.000000
vt 0.662551 0.000000
vt 0.971193 0.000000
vt 0.967078 0.000000
vt 0.958848 0.000000
vt 0.670782 0.000000
vt 0.954733 0.000000
vt 0.950617 0.000000
vt 0.674897 0.000000
vt 0.946502 0.000000
vt 0.679012 0.000000
vt 0.942387 0.000000
vt 0.683128 0.000000
vt 0.938272 0.000000
vt 0.687243 0.000000
vt 0.691358 0.000000
vt 0.695473 0.000000
vt 0.934156 0.000000
vt 0.781893 0.000000
vt 0.699588 0.000000
vt 0.786008 0.000000
vt 0.930041 0.000000
vt 0.773663 0.000000
vt 0.707819 0.000000
vt 0.769547 0.000000
vt 0.711934 0.000000
vt 0.790123 0.000000
vt 0.765432 0.000000
vt 0.716049 0.000000
vt 0.390947 0.000000
vt 0.399177 0.000000
vt 0.395062 0.000000
vt 0.761317 0.000000
vt 0.403292 0.000000
vt 0.720165 0.000000
vt 0.411523 0.000000
vt 0.757202 0.000000
vt 0.415638 0.000000
vt 0.724280 0.000000
vt 0.419753 0.000000
vt 0.423868 0.000000
vt 0.794239 0.000000
vt 0.753086 0.000000
vt 0.427984 0.000000
vt 0.921811 0.000000
vt 0.748971 0.000000
vt 0.744856 0.000000
vt 0.736625 0.000000
vt 0.732510 0.000000
vt 0.728395 0.000000
vt 0.432099 0.000000
vt 0.436214 0.000000
vt 0.440329 0.000000
vt 0.386831 0.000000
vt 0.448560 0.000000
vt 0.452675 0.000000
vt 0.798354 0.000000
vt 0.917695 0.000000
vt 0.382716 0.000000
vt 0.456790 0.000000
vt 0.913580 0.000000
vt 0.802469 0.000000
vt 0.378601 0.000000
vt 0.909465 0.000000
vt 0.806584 0.000000
vt 0.460905 0.000000
vt 0.374486 0.000000
vt 0.905350 0.000000
vt 0.810700 0.000000
vt 0.465021 0.000000
vt 0.604938 0.000000
vt 0.238683 0.000000
vt 0.901235 0.000000
vt 0.366255 0.000000
vt 0.242798 0.000000
vt 0.246914 0.000000
vt 0.362140 0.000000
vt 0.600823 0.000000
vt 0.251029 0.000000
vt 0.469136 0.000000
vt 0.897119 0.000000
vt 0.358025 0.000000
vt 0.255144 0.000000
vt 0.353909 0.000000
vt 0.263374 0.000000
vt 0.818930 0.000000
vt 0.267490 0.000000
vt 0.596708 0.000000
vt 0.349794 0.000000
vt 0.271605 0.000000
vt 0.893004 0.000000
vt 0.275720 0.000000
vt 0.345679 0.000000
vt 0.279835 0.000000
vt 0.473251 0.000000
vt 0.341564 0.000000
vt 0.283951 0.000000
vt 0.288066 0.000000
vt 0.292181 0.000000
vt 0.300412 0.000000
vt 0.304527 0.000000
vt 0.308642 0.000000
vt 0.312757 0.000000
vt 0.316872 0.000000
vt 0.320988 0.000000
vt 0.325103 0.000000
vt 0.329218 0.000000
vt 0.337449 0.000000
vt 0.823045 0.000000
vt 0.477366 0.000000
vt 0.588477 0.000000
vt 0.884774 0.000000
vt 0.827160 0.000000
vt 0.584362 0.000000
vt 0.880658 0.000000
vt 0.876543 0.000000
vt 0.872428 0.000000
vt 0.580247 0.000000
vt 0.485597 0.000000
vt 0.868313 0.000000
vt 0.864198 0.000000
vt 0.576132 0.000000
vt 0.831276 0.000000
vt 0.489712 0.000000
vt 0.860082 0.000000
vt 0.572016 0.000000
vt 0.855967 0.000000
vt 0.493827 0.000000
vt 0.567901 0.000000
vt 0.563786 0.000000
vt 0.497942 0.000000
vt 0.559671 0.000000
vt 0.847737 0.000000
vt 0.502058 0.000000
vt 0.843621 0.000000
vt 0.839506 0.000000
vt 0.835391 0.000000
vt 0.551440 0.000000
vt 0.547325 0.000000
vt 0.543210 0.000000
vt 0.539095 0.000000
vt 0.534979 0.000000
vt 0.530864 0.000000
vt 0.526749 0.000000
vt 0.522634 0.000000
vt 0.514403 0.000000
vt 0.510288 0.000000
vt 0.506173 0.000000
vt 0.000000 1.000000
vt 0.004098 1.000000
vt 0.004098 0.000000
vt 0.008197 1.000000
vt 0.008197 0.000000
vt 0.012295 1.000000
vt 0.012295 0.000000
vt 0.016393 1.000000
vt 0.016393 0.000000
vt 0.020492 1.000000
vt 0.020492 0.000000
vt 0.024590 1.000000
vt 0.024590 0.000000
vt 0.028689 1.000000
vt 0.028689 0.000000
vt 0.032787 1.000000
vt 0.032787 0.000000
vt 0.036885 1.000000
vt 0.036885 0.000000
vt 0.040984 1.000000
vt 0.040984 0.000000
vt 0.045082 1.000000
vt 0.045082 0.000000
vt 0.049180 1.000000
vt 0.049180 0.000000
vt 0.053279 1.000000
vt 0.053279 0.000000
vt 0.057377 1.000000
vt 0.057377 0.000000
vt 0.061475 1.000000
vt 0.061475 0.000000
vt 0.065574 1.000000
vt 0.065574 0.000000
vt 0.069672 1.000000
vt 0.069672 0.000000
vt 0.073770 1.000000
vt 0.073770 0.000000
vt 0.077869 1.000000
vt 0.077869 0.000000
vt 0.081967 1.000000
vt 0.081967 0.000000
vt 0.086066 1.000000
vt 0.086066 0.000000
vt 0.090164 1.000000
vt 0.090164 0.000000
vt 0.094262 1.000000
vt 0.094262 0.000000
vt 0.098361 1.000000
vt 0.098361 0.000000
vt 0.102459 1.000000
vt 0.102459 0.000000
vt 0.106557 1.000000
vt 0.106557 0.000000
vt 0.110656 1.000000
vt 0.110656 0.000000
vt 0.114754 1.000000
vt 0.114754 0.000000
vt 0.118852 1.000000
vt 0.118852 0.000000
vt 0.122951 1.000000
vt 0.122951 0.000000
vt 0.127049 1.000000
vt 0.127049 0.000000
vt 0.131148 1.000000
vt 0.131148 0.000000
vt 0.135246 1.000000
vt 0.135246 0.000000
vt 0.139344 1.000000
vt 0.139344 0.000000
vt 0.143443 1.000000
vt 0.143443 0.000000
vt 0.147541 1.000000
vt 0.147541 0.000000
vt 0.151639 1.000000
vt 0.151639 0.000000
vt 0.155738 1.000000
vt 0.155738 0.000000
vt 0.159836 1.000000
vt 0.159836 0.000000
vt 0.163934 1.000000
vt 0.163934 0.000000
vt 0.168033 1.000000
vt 0.168033 0.000000
vt 0.172131 1.000000
vt 0.172131 0.000000
vt 0.176230 1.000000
vt 0.176230 0.000000
vt 0.180328 1.000000
vt 0.180328 0.000000
vt 0.184426 1.000000
vt 0.184426 0.000000
vt 0.188525 1.000000
vt 0.188525 0.000000
vt 0.192623 1.000000
vt 0.192623 0.000000
vt 0.196721 1.000000
vt 0.196721 0.000000
vt 0.200820 1.000000
vt 0.200820 0.000000
vt 0.204918 1.000000
vt 0.204918 0.000000
vt 0.209016 1.000000
vt 0.209016 0.000000
vt 0.213115 1.000000
vt 0.213115 0.000000
vt 0.217213 1.000000
vt 0.217213 0.000000
vt 0.221311 1.000000
vt 0.221311 0.000000
vt 0.225410 1.000000
vt 0.225410 0.000000
vt 0.229508 1.000000
vt 0.229508 0.000000
vt 0.233607 1.000000
vt 0.233607 0.000000
vt 0.237705 1.000000
vt 0.237705 0.000000
vt 0.241803 1.000000
vt 0.241803 0.000000
vt 0.245902 1.000000
vt 0.245902 0.000000
vt 0.250000 1.000000
vt 0.250000 0.000000
vt 0.254098 1.000000
vt 0.254098 0.000000
vt 0.258197 1.000000
vt 0.258197 0.000000
vt 0.262295 1.000000
vt 0.262295 0.000000
vt 0.266393 1.000000
vt 0.266393 0.000000
vt 0.270492 1.000000
vt 0.270492 0.000000
vt 0.274590 1.000000
vt 0.274590 0.000000
vt 0.278689 1.000000
vt 0.278689 0.000000
vt 0.282787 1.000000
vt 0.282787 0.000000
vt 0.286885 1.000000
vt 0.286885 0.000000
vt 0.290984 1.000000
vt 0.290984 0.000000
vt 0.295082 1.000000
vt 0.295082 0.000000
vt 0.299180 1.000000
vt 0.299180 0.000000
vt 0.303279 1.000000
vt 0.303279 0.000000
vt 0.307377 1.000000
vt 0.307377 0.000000
vt 0.311475 1.000000
vt 0.311475 0.000000
vt 0.315574 1.000000
vt 0.315574 0.000000
vt 0.319672 1.000000
vt 0.319672 0.000000
vt 0.323770 1.000000
vt 0.323770 0.000000
vt 0.327869 1.000000
vt 0.327869 0.000000
vt 0.331967 1.000000
vt 0.331967 0.000000
vt 0.336066 1.000000
vt 0.336066 0.000000
vt 0.340164 1.000000
vt 0.340164 0.000000
vt 0.344262 1.000000
vt 0.344262 0.000000
vt 0.348361 1.000000
vt 0.348361 0.000000
vt 0.352459 1.000000
vt 0.352459 0.000000
vt 0.356557 1.000000
vt 0.356557 0.000000
vt 0.360656 1.000000
vt 0.360656 0.000000
vt 0.364754 1.000000
vt 0.364754 0.000000
vt 0.368852 1.000000
vt 0.368852 0.000000
vt 0.372951 1.000000
vt 0.372951 0.000000
vt 0.377049 1.000000
vt 0.377049 0.000000
vt 0.381148 1.000000
vt 0.381148 0.000000
vt 0.385246 1.000000
vt 0.385246 0.000000
vt 0.389344 1.000000
vt 0.389344 0.000000
vt 0.393443 1.000000
vt 0.393443 0.000000
vt 0.397541 1.000000
vt 0.397541 0.000000
vt 0.401639 1.000000
vt 0.401639 0.000000
vt 0.405738 1.000000
vt 0.405738 0.000000
vt 0.409836 1.000000
vt 0.409836 0.000000
vt 0.413934 1.000000
vt 0.413934 0.000000
vt 0.418033 1.000000
vt 0.418033 0.000000
vt 0.422131 1.000000
vt 0.422131 0.000000
vt 0.426230 1.000000
vt 0.426230 0.000000
vt 0.430328 1.000000
vt 0.430328 0.000000
vt 0.434426 1.000000
vt 0.434426 0.000000
vt 0.438525 1.000000
vt 0.438525 0.000000
vt 0.442623 1.000000
vt 0.442623 0.000000
vt 0.446721 1.000000
vt 0.446721 0.000000
vt 0.450820 1.000000
vt 0.450820 0.000000
vt 0.454918 1.000000
vt 0.454918 0.000000
vt 0.459016 1.000000
vt 0.459016 0.000000
vt 0.463115 1.000000
vt 0.463115 0.000000
vt 0.467213 1.000000
vt 0.467213 0.000000
vt 0.471311 1.000000
vt 0.471311 0.000000
vt 0.475410 1.000000
vt 0.475410 0.000000
vt 0.479508 1.000000
vt 0.479508 0.000000
vt 0.483607 1.000000
vt 0.483607 0.000000
vt 0.487705 1.000000
vt 0.487705 0.000000
vt 0.491803 1.000000
vt 0.491803 0.000000
vt 0.495902 1.000000
vt 0.495902 0.000000
vt 0.500000 1.000000
vt 0.504098 1.000000
vt 0.504098 0.000000
vt 0.508197 1.000000
vt 0.508197 0.000000
vt 0.512295 1.000000
vt 0.512295 0.000000
vt 0.516393 1.000000
vt 0.516393 0.000000
vt 0.520492 1.000000
vt 0.520492 0.000000
vt 0.524590 1.000000
vt 0.524590 0.000000
vt 0.528689 1.000000
vt 0.528689 0.000000
vt 0.532787 1.000000
vt 0.532787 0.000000
vt 0.536885 1.000000
vt 0.536885 0.000000
vt 0.540984 1.000000
vt 0.540984 0.000000
vt 0.545082 1.000000
vt 0.545082 0.000000
vt 0.549180 1.000000
vt 0.549180 0.000000
vt 0.553279 1.000000
vt 0.553279 0.000000
vt 0.557377 1.000000
vt 0.557377 0.000000
vt 0.561475 1.000000
vt 0.561475 0.000000
vt 0.565574 1.000000
vt 0.565574 0.000000
vt 0.569672 1.000000
vt 0.569672 0.000000
vt 0.573770 1.000000
vt 0.573770 0.000000
vt 0.577869 1.000000
vt 0.577869 0.000000
vt 0.581967 1.000000
vt 0.581967 0.000000
vt 0.586066 1.000000
vt 0.586066 0.000000
vt 0.590164 1.000000
vt 0.590164 0.000000
vt 0.594262 1.000000
vt 0.594262 0.000000
vt 0.598361 1.000000
vt 0.598361 0.000000
vt 0.602459 1.000000
vt 0.602459 0.000000
vt 0.606557 1.000000
vt 0.606557 0.000000
vt 0.610656 1.000000
vt 0.610656 0.000000
vt 0.614754 1.000000
vt 0.614754 0.000000
vt 0.618852 1.000000
vt 0.618852 0.000000
vt 0.622951 1.000000
vt 0.622951 0.000000
vt 0.627049 1.000000
vt 0.627049 0.000000
vt 0.631148 1.000000
vt 0.631148 0.000000
vt 0.635246 1.000000
vt 0.635246 0.000000
vt 0.639344 1.000000
vt 0.639344 0.000000
vt 0.643443 1.000000
vt 0.643443 0.000000
vt 0.647541 1.000000
vt 0.647541 0.000000
vt 0.651639 1.000000
vt 0.651639 0.000000
vt 0.655738 1.000000
vt 0.655738 0.000000
vt 0.659836 1.000000
vt 0.659836 0.000000
vt 0.663934 1.000000
vt 0.663934 0.000000
vt 0.668033 1.000000
vt 0.668033 0.000000
vt 0.672131 1.000000
vt 0.672131 0.000000
vt 0.676230 1.000000
vt 0.676230 0.000000
vt 0.680328 1.000000
vt 0.680328 0.000000
vt 0.684426 1.000000
vt 0.684426 0.000000
vt 0.688525 1.000000
vt 0.688525 0.000000
vt 0.692623 1.000000
vt 0.692623 0.000000
vt 0.696721 1.000000
vt 0.696721 0.000000
vt 0.700820 1.000000
vt 0.700820 0.000000
vt 0.704918 1.000000
vt 0.704918 0.000000
vt 0.709016 1.000000
vt 0.709016 0.000000
vt 0.713115 1.000000
vt 0.713115 0.000000
vt 0.717213 1.000000
vt 0.717213 0.000000
vt 0.721311 1.000000
vt 0.721311 0.000000
vt 0.725410 1.000000
vt 0.725410 0.000000
vt 0.729508 1.000000
vt 0.729508 0.000000
vt 0.733607 1.000000
vt 0.733607 0.000000
vt 0.737705 1.000000
vt 0.737705 0.000000
vt 0.741803 1.000000
vt 0.741803 0.000000
vt 0.745902 1.000000
vt 0.745902 0.000000
vt 0.750000 1.000000
vt 0.750000 0.000000
vt 0.754098 1.000000
vt 0.754098 0.000000
vt 0.758197 1.000000
vt 0.758197 0.000000
vt 0.762295 1.000000
vt 0.762295 0.000000
vt 0.766393 1.000000
vt 0.766393 0.000000
vt 0.770492 1.000000
vt 0.770492 0.000000
vt 0.774590 1.000000
vt 0.774590 0.000000
vt 0.778689 1.000000
vt 0.778689 0.000000
vt 0.782787 1.000000
vt 0.782787 0.000000
vt 0.786885 1.000000
vt 0.786885 0.000000
vt 0.790984 1.000000
vt 0.790984 0.000000
vt 0.795082 1.000000
vt 0.795082 0.000000
vt 0.799180 1.000000
vt 0.799180 0.000000
vt 0.803279 1.000000
vt 0.803279 0.000000
vt 0.807377 1.000000
vt 0.807377 0.000000
vt 0.811475 1.000000
vt 0.811475 0.000000
vt 0.815574 1.000000
vt 0.815574 0.000000
vt 0.819672 1.000000
vt 0.819672 0.000000
vt 0.823770 1.000000
vt 0.823770 0.000000
vt 0.827869 1.000000
vt 0.827869 0.000000
vt 0.831967 1.000000
vt 0.831967 0.000000
vt 0.836066 1.000000
vt 0.836066 0.000000
vt 0.840164 1.000000
vt 0.840164 0.000000
vt 0.844262 1.000000
vt 0.844262 0.000000
vt 0.848361 1.000000
vt 0.848361 0.000000
vt 0.852459 1.000000
vt 0.852459 0.000000
vt 0.856557 1.000000
vt 0.856557 0.000000
vt 0.860656 1.000000
vt 0.860656 0.000000
vt 0.864754 1.000000
vt 0.864754 0.000000
vt 0.868852 1.000000
vt 0.868852 0.000000
vt 0.872951 1.000000
vt 0.872951 0.000000
vt 0.877049 1.000000
vt 0.877049 0.000000
vt 0.881148 1.000000
vt 0.881148 0.000000
vt 0.885246 1.000000
vt 0.885246 0.000000
vt 0.889344 1.000000
vt 0.889344 0.000000
vt 0.893443 1.000000
vt 0.893443 0.000000
vt 0.897541 1.000000
vt 0.897541 0.000000
vt 0.901639 1.000000
vt 0.901639 0.000000
vt 0.905738 1.000000
vt 0.905738 0.000000
vt 0.909836 1.000000
vt 0.909836 0.000000
vt 0.913934 1.000000
vt 0.913934 0.000000
vt 0.918033 1.000000
vt 0.918033 0.000000
vt 0.922131 1.000000
vt 0.922131 0.000000
vt 0.926230 1.000000
vt 0.926230 0.000000
vt 0.930328 1.000000
vt 0.930328 0.000000
vt 0.934426 1.000000
vt 0.934426 0.000000
vt 0.938525 1.000000
vt 0.938525 0.000000
vt 0.942623 1.000000
vt 0.942623 0.000000
vt 0.946721 1.000000
vt 0.946721 0.000000
vt 0.950820 1.000000
vt 0.950820 0.000000
vt 0.954918 1.000000
vt 0.954918 0.000000
vt 0.959016 1.000000
vt 0.959016 0.000000
vt 0.963115 1.000000
vt 0.963115 0.000000
vt 0.967213 1.000000
vt 0.967213 0.000000
vt 0.971311 1.000000
vt 0.971311 0.000000
vt 0.975410 1.000000
vt 0.975410 0.000000
vt 0.979508 1.000000
vt 0.979508 0.000000
vt 0.983607 1.000000
vt 0.983607 0.000000
vt 0.987705 1.000000
vt 0.987705 0.000000
vt 0.991803 1.000000
vt 0.991803 0.000000
vt 0.995902 1.000000
vt 0.995902 0.000000
vt 1.000000 1.000000
vt 0.019231 1.000000
vt 0.019231 0.000000
vt 0.038462 1.000000
vt 0.038462 0.000000
vt 0.057692 1.000000
vt 0.057692 0.000000
vt 0.076923 1.000000
vt 0.096154 1.000000
vt 0.096154 0.000000
vt 0.115385 1.000000
vt 0.115385 0.000000
vt 0.134615 1.000000
vt 0.134615 0.000000
vt 0.153846 1.000000
vt 0.173077 1.000000
vt 0.173077 0.000000
vt 0.192308 1.000000
vt 0.192308 0.000000
vt 0.211538 1.000000
vt 0.211538 0.000000
vt 0.230769 1.000000
vt 0.269231 1.000000
vt 0.269231 0.000000
vt 0.288462 1.000000
vt 0.288462 0.000000
vt 0.307692 1.000000
vt 0.326923 1.000000
vt 0.326923 0.000000
vt 0.346154 1.000000
vt 0.346154 0.000000
vt 0.365385 1.000000
vt 0.365385 0.000000
vt 0.384615 1.000000
vt 0.403846 1.000000
vt 0.403846 0.000000
vt 0.423077 1.000000
vt 0.423077 0.000000
vt 0.442308 1.000000
vt 0.442308 0.000000
vt 0.461538 1.000000
vt 0.480769 1.000000
vt 0.480769 0.000000
vt 0.519231 1.000000
vt 0.519231 0.000000
vt 0.538462 1.000000
vt 0.557692 1.000000
vt 0.557692 0.000000
vt 0.576923 1.000000
vt 0.576923 0.000000
vt 0.596154 1.000000
vt 0.596154 0.000000
vt 0.615385 1.000000
vt 0.634615 1.000000
vt 0.634615 0.000000
vt 0.653846 1.000000
vt 0.653846 0.000000
vt 0.673077 1.000000
vt 0.673077 0.000000
vt 0.692308 1.000000
vt 0.711538 1.000000
vt 0.711538 0.000000
vt 0.730769 1.000000
vt 0.730769 0.000000
vt 0.769231 1.000000
vt 0.788462 1.000000
vt 0.788462 0.000000
vt 0.807692 1.000000
vt 0.807692 0.000000
vt 0.826923 1.000000
vt 0.826923 0.000000
vt 0.846154 1.000000
vt 0.865385 1.000000
vt 0.865385 0.000000
vt 0.884615 1.000000
vt 0.884615 0.000000
vt 0.903846 1.000000
vt 0.903846 0.000000
vt 0.923077 1.000000
vt 0.942308 1.000000
vt 0.942308 0.000000
vt 0.961538 1.000000
vt 0.961538 0.000000
vt 0.980769 1.000000
vt 0.980769 0.000000
vt 0.008475 1.000000
vt 0.008475 0.000000
vt 0.016949 1.000000
vt 0.016949 0.000000
vt 0.025424 1.000000
vt 0.025424 0.000000
vt 0.033898 1.000000
vt 0.033898 0.000000
vt 0.042373 1.000000
vt 0.042373 0.000000
vt 0.050847 1.000000
vt 0.050847 0.000000
vt 0.059322 1.000000
vt 0.059322 0.000000
vt 0.067797 1.000000
vt 0.067797 0.000000
vt 0.076271 1.000000
vt 0.076271 0.000000
vt 0.084746 1.000000
vt 0.084746 0.000000
vt 0.093220 1.000000
vt 0.093220 0.000000
vt 0.101695 1.000000
vt 0.101695 0.000000
vt 0.110169 1.000000
vt 0.110169 0.000000
vt 0.118644 1.000000
vt 0.118644 0.000000
vt 0.127119 1.000000
vt 0.127119 0.000000
vt 0.135593 1.000000
vt 0.135593 0.000000
vt 0.144068 1.000000
vt 0.144068 0.000000
vt 0.152542 1.000000
vt 0.152542 0.000000
vt 0.161017 1.000000
vt 0.161017 0.000000
vt 0.169492 1.000000
vt 0.169492 0.000000
vt 0.177966 1.000000
vt 0.177966 0.000000
vt 0.186441 1.000000
vt 0.186441 0.000000
vt 0.194915 1.000000
vt 0.194915 0.000000
vt 0.203390 1.000000
vt 0.203390 0.000000
vt 0.211864 1.000000
vt 0.211864 0.000000
vt 0.220339 1.000000
vt 0.220339 0.000000
vt 0.228814 1.000000
vt 0.228814 0.000000
vt 0.237288 1.000000
vt 0.237288 0.000000
vt 0.245763 1.000000
vt 0.245763 0.000000
vt 0.254237 1.000000
vt 0.254237 0.000000
vt 0.262712 1.000000
vt 0.262712 0.000000
vt 0.271186 1.000000
vt 0.271186 0.000000
vt 0.279661 1.000000
vt 0.279661 0.000000
vt 0.288136 1.000000
vt 0.288136 0.000000
vt 0.296610 1.000000
vt 0.296610 0.000000
vt 0.305085 1.000000
vt 0.305085 0.000000
vt 0.313559 1.000000
vt 0.313559 0.000000
vt 0.322034 1.000000
vt 0.322034 0.000000
vt 0.330508 1.000000
vt 0.330508 0.000000
vt 0.338983 1.000000
vt 0.338983 0.000000
vt 0.347458 1.000000
vt 0.347458 0.000000
vt 0.355932 1.000000
vt 0.355932 0.000000
vt 0.364407 1.000000
vt 0.364407 0.000000
vt 0.372881 1.000000
vt 0.372881 0.000000
vt 0.381356 1.000000
vt 0.381356 0.000000
vt 0.389830 1.000000
vt 0.389830 0.000000
vt 0.398305 1.000000
vt 0.398305 0.000000
vt 0.406780 1.000000
vt 0.406780 0.000000
vt 0.415254 1.000000
vt 0.415254 0.000000
vt 0.423729 1.000000
vt 0.423729 0.000000
vt 0.432203 1.000000
vt 0.432203 0.000000
vt 0.440678 1.000000
vt 0.440678 0.000000
vt 0.449153 1.000000
vt 0.449153 0.000000
vt 0.457627 1.000000
vt 0.457627 0.000000
vt 0.466102 1.000000
vt 0.466102 0.000000
vt 0.474576 1.000000
vt 0.474576 0.000000
vt 0.483051 1.000000
vt 0.483051 0.000000
vt 0.491525 1.000000
vt 0.491525 0.000000
vt 0.508475 1.000000
vt 0.508475 0.000000
vt 0.516949 1.000000
vt 0.516949 0.000000
vt 0.525424 1.000000
vt 0.525424 0.000000
vt 0.533898 1.000000
vt 0.533898 0.000000
vt 0.542373 1.000000
vt 0.542373 0.000000
vt 0.550847 1.000000
vt 0.550847 0.000000
vt 0.559322 1.000000
vt 0.559322 0.000000
vt 0.567797 1.000000
vt 0.567797 0.000000
vt 0.576271 1.000000
vt 0.576271 0.000000
vt 0.584746 1.000000
vt 0.584746 0.000000
vt 0.593220 1.000000
vt 0.593220 0.000000
vt 0.601695 1.000000
vt 0.601695 0.000000
vt 0.610169 1.000000
vt 0.610169 0.000000
vt 0.618644 1.000000
vt 0.618644 0.000000
vt 0.627119 1.000000
vt 0.627119 0.000000
vt 0.635593 1.000000
vt 0.635593 0.000000
vt 0.644068 1.000000
vt 0.644068 0.000000
vt 0.652542 1.000000
vt 0.652542 0.000000
vt 0.661017 1.000000
vt 0.661017 0.000000
vt 0.669492 1.000000
vt 0.669492 0.000000
vt 0.677966 1.000000
vt 0.677966 0.000000
vt 0.686441 1.000000
vt 0.686441 0.000000
vt 0.694915 1.000000
vt 0.694915 0.000000
vt 0.703390 1.000000
vt 0.703390 0.000000
vt 0.711864 1.000000
vt 0.711864 0.000000
vt 0.720339 1.000000
vt 0.720339 0.000000
vt 0.728814 1.000000
vt 0.728814 0.000000
vt 0.737288 1.000000
vt 0.737288 0.000000
vt 0.745763 1.000000
vt 0.745763 0.000000
vt 0.754237 1.000000
vt 0.754237 0.000000
vt 0.762712 1.000000
vt 0.762712 0.000000
vt 0.771186 1.000000
vt 0.771186 0.000000
vt 0.779661 1.000000
vt 0.779661 0.000000
vt 0.788136 1.000000
vt 0.788136 0.000000
vt 0.796610 1.000000
vt 0.796610 0.000000
vt 0.805085 1.000000
vt 0.805085 0.000000
vt 0.813559 1.000000
vt 0.813559 0.000000
vt 0.822034 1.000000
vt 0.822034 0.000000
vt 0.830508 1.000000
vt 0.830508 0.000000
vt 0.838983 1.000000
vt 0.838983 0.000000
vt 0.847458 1.000000
vt 0.847458 0.000000
vt 0.855932 1.000000
vt 0.855932 0.000000
vt 0.864407 1.000000
vt 0.864407 0.000000
vt 0.872881 1.000000
vt 0.872881 0.000000
vt 0.881356 1.000000
vt 0.881356 0.000000
vt 0.889831 1.000000
vt 0.889831 0.000000
vt 0.898305 1.000000
vt 0.898305 0.000000
vt 0.906780 1.000000
vt 0.906780 0.000000
vt 0.915254 1.000000
vt 0.915254 0.000000
vt 0.923729 1.000000
vt 0.923729 0.000000
vt 0.932203 1.000000
vt 0.932203 0.000000
vt 0.940678 1.000000
vt 0.940678 0.000000
vt 0.949153 1.000000
vt 0.949153 0.000000
vt 0.957627 1.000000
vt 0.957627 0.000000
vt 0.966102 1.000000
vt 0.966102 0.000000
vt 0.974576 1.000000
vt 0.974576 0.000000
vt 0.983051 1.000000
vt 0.983051 0.000000
vt 0.991525 1.000000
vt 0.991525 0.000000
vt 0.035714 1.000000
vt 0.035714 0.000000
vt 0.071429 1.000000
vt 0.071429 0.000000
vt 0.107143 1.000000
vt 0.107143 0.000000
vt 0.142857 1.000000
vt 0.142857 0.000000
vt 0.178571 1.000000
vt 0.178571 0.000000
vt 0.214286 1.000000
vt 0.214286 0.000000
vt 0.285714 1.000000
vt 0.285714 0.000000
vt 0.321429 1.000000
vt 0.321429 0.000000
vt 0.357143 1.000000
vt 0.357143 0.000000
vt 0.392857 1.000000
vt 0.392857 0.000000
vt 0.428571 1.000000
vt 0.428571 0.000000
vt 0.464286 1.000000
vt 0.464286 0.000000
vt 0.535714 1.000000
vt 0.535714 0.000000
vt 0.571429 1.000000
vt 0.571429 0.000000
vt 0.607143 1.000000
vt 0.607143 0.000000
vt 0.642857 1.000000
vt 0.642857 0.000000
vt 0.678571 1.000000
vt 0.678571 0.000000
vt 0.714286 1.000000
vt 0.714286 0.000000
vt 0.785714 1.000000
vt 0.785714 0.000000
vt 0.821429 1.000000
vt 0.821429 0.000000
vt 0.857143 1.000000
vt 0.857143 0.000000
vt 0.892857 1.000000
vt 0.892857 0.000000
vt 0.928571 1.000000
vt 0.928571 0.000000
vt 0.964286 1.000000
vt 0.964286 0.000000
vt 0.058824 1.000000
vt 0.058824 0.000000
vt 0.117647 1.000000
vt 0.117647 0.000000
vt 0.176471 1.000000
vt 0.176471 0.000000
vt 0.235294 1.000000
vt 0.235294 0.000000
vt 0.294118 1.000000
vt 0.294118 0.000000
vt 0.352941 1.000000
vt 0.352941 0.000000
vt 0.411765 1.000000
vt 0.411765 0.000000
vt 0.470588 1.000000
vt 0.470588 0.000000
vt 0.529412 1.000000
vt 0.529412 0.000000
vt 0.588235 1.000000
vt 0.588235 0.000000
vt 0.647059 1.000000
vt 0.647059 0.000000
vt 0.705882 1.000000
vt 0.705882 0.000000
vt 0.764706 1.000000
vt 0.764706 0.000000
vt 0.823529 1.000000
vt 0.823529 0.000000
vt 0.882353 1.000000
vt 0.882353 0.000000
vt 0.941176 1.000000
vt 0.941176 0.000000
vt 0.009434 1.000000
vt 0.009434 0.000000
vt 0.018868 1.000000
vt 0.018868 0.000000
vt 0.028302 1.000000
vt 0.028302 0.000000
vt 0.037736 1.000000
vt 0.037736 0.000000
vt 0.047170 1.000000
vt 0.047170 0.000000
vt 0.056604 1.000000
vt 0.056604 0.000000
vt 0.066038 1.000000
vt 0.066038 0.000000
vt 0.075472 1.000000
vt 0.075472 0.000000
vt 0.084906 1.000000
vt 0.084906 0.000000
vt 0.094340 1.000000
vt 0.094340 0.000000
vt 0.103774 1.000000
vt 0.103774 0.000000
vt 0.113208 1.000000
vt 0.113208 0.000000
vt 0.122642 1.000000
vt 0.122642 0.000000
vt 0.132075 1.000000
vt 0.132075 0.000000
vt 0.141509 1.000000
vt 0.141509 0.000000
vt 0.150943 1.000000
vt 0.150943 0.000000
vt 0.160377 1.000000
vt 0.160377 0.000000
vt 0.169811 1.000000
vt 0.169811 0.000000
vt 0.179245 1.000000
vt 0.179245 0.000000
vt 0.188679 1.000000
vt 0.188679 0.000000
vt 0.198113 1.000000
vt 0.198113 0.000000
vt 0.207547 1.000000
vt 0.207547 0.000000
vt 0.216981 1.000000
vt 0.216981 0.000000
vt 0.226415 1.000000
vt 0.226415 0.000000
vt 0.235849 1.000000
vt 0.235849 0.000000
vt 0.245283 1.000000
vt 0.245283 0.000000
vt 0.254717 1.000000
vt 0.254717 0.000000
vt 0.264151 1.000000
vt 0.264151 0.000000
vt 0.273585 1.000000
vt 0.273585 0.000000
vt 0.283019 1.000000
vt 0.283019 0.000000
vt 0.292453 1.000000
vt 0.292453 0.000000
vt 0.301887 1.000000
vt 0.301887 0.000000
vt 0.311321 1.000000
vt 0.311321 0.000000
vt 0.320755 1.000000
vt 0.320755 0.000000
vt 0.330189 1.000000
vt 0.330189 0.000000
vt 0.339623 1.000000
vt 0.339623 0.000000
vt 0.349057 1.000000
vt 0.349057 0.000000
vt 0.358491 1.000000
vt 0.358491 0.000000
vt 0.367925 1.000000
vt 0.367925 0.000000
vt 0.377358 1.000000
vt 0.377358 0.000000
vt 0.386792 1.000000
vt 0.386792 0.000000
vt 0.396226 1.000000
vt 0.396226 0.000000
vt 0.405660 1.000000
vt 0.405660 0.000000
vt 0.415094 1.000000
vt 0.415094 0.000000
vt 0.424528 1.000000
vt 0.424528 0.000000
vt 0.433962 1.000000
vt 0.433962 0.000000
vt 0.443396 1.000000
vt 0.443396 0.000000
vt 0.452830 1.000000
vt 0.452830 0.000000
vt 0.462264 1.000000
vt 0.462264 0.000000
vt 0.471698 1.000000
vt 0.471698 0.000000
vt 0.481132 1.000000
vt 0.481132 0.000000
vt 0.490566 1.000000
vt 0.490566 0.000000
vt 0.509434 1.000000
vt 0.509434 0.000000
vt 0.518868 1.000000
vt 0.518868 0.000000
vt 0.528302 1.000000
vt 0.528302 0.000000
vt 0.537736 1.000000
vt 0.537736 0.000000
vt 0.547170 1.000000
vt 0.547170 0.000000
vt 0.556604 1.000000
vt 0.556604 0.000000
vt 0.566038 1.000000
vt 0.566038 0.000000
vt 0.575472 1.000000
vt 0.575472 0.000000
vt 0.584906 1.000000
vt 0.584906 0.000000
vt 0.594340 1.000000
vt 0.594340 0.000000
vt 0.603774 1.000000
vt 0.603774 0.000000
vt 0.613208 1.000000
vt 0.613208 0.000000
vt 0.622642 1.000000
vt 0.622642 0.000000
vt 0.632075 1.000000
vt 0.632075 0.000000
vt 0.641509 1.000000
vt 0.641509 0.000000
vt 0.650943 1.000000
vt 0.650943 0.000000
vt 0.660377 1.000000
vt 0.660377 0.000000
vt 0.669811 1.000000
vt 0.669811 0.000000
vt 0.679245 1.000000
vt 0.679245 0.000000
vt 0.688679 1.000000
vt 0.688679 0.000000
vt 0.698113 1.000000
vt 0.698113 0.000000
vt 0.707547 1.000000
vt 0.707547 0.000000
vt 0.716981 1.000000
vt 0.716981 0.000000
vt 0.726415 1.000000
vt 0.726415 0.000000
vt 0.735849 1.000000
vt 0.735849 0.000000
vt 0.745283 1.000000
vt 0.745283 0.000000
vt 0.754717 1.000000
vt 0.754717 0.000000
vt 0.764151 1.000000
vt 0.764151 0.000000
vt 0.773585 1.000000
vt 0.773585 0.000000
vt 0.783019 1.000000
vt 0.783019 0.000000
vt 0.792453 1.000000
vt 0.792453 0.000000
vt 0.801887 1.000000
vt 0.801887 0.000000
vt 0.811321 1.000000
vt 0.811321 0.000000
vt 0.820755 1.000000
vt 0.820755 0.000000
vt 0.830189 1.000000
vt 0.830189 0.000000
vt 0.839623 1.000000
vt 0.839623 0.000000
vt 0.849057 1.000000
vt 0.849057 0.000000
vt 0.858491 1.000000
vt 0.858491 0.000000
vt 0.867925 1.000000
vt 0.867925 0.000000
vt 0.877358 1.000000
vt 0.877358 0.000000
vt 0.886792 1.000000
vt 0.886792 0.000000
vt 0.896226 1.000000
vt 0.896226 0.000000
vt 0.905660 1.000000
vt 0.905660 0.000000
vt 0.915094 1.000000
vt 0.915094 0.000000
vt 0.924528 1.000000
vt 0.924528 0.000000
vt 0.933962 1.000000
vt 0.933962 0.000000
vt 0.943396 1.000000
vt 0.943396 0.000000
vt 0.952830 1.000000
vt 0.952830 0.000000
vt 0.962264 1.000000
vt 0.962264 0.000000
vt 0.971698 1.000000
vt 0.971698 0.000000
vt 0.981132 1.000000
vt 0.981132 0.000000
vt 0.990566 1.000000
vt 0.990566 0.000000
vt 0.006757 1.000000
vt 0.006757 0.000000
vt 0.013514 1.000000
vt 0.013514 0.000000
vt 0.020270 1.000000
vt 0.020270 0.000000
vt 0.027027 1.000000
vt 0.027027 0.000000
vt 0.033784 1.000000
vt 0.033784 0.000000
vt 0.040541 1.000000
vt 0.040541 0.000000
vt 0.047297 1.000000
vt 0.047297 0.000000
vt 0.054054 1.000000
vt 0.054054 0.000000
vt 0.060811 1.000000
vt 0.060811 0.000000
vt 0.067568 1.000000
vt 0.067568 0.000000
vt 0.074324 1.000000
vt 0.074324 0.000000
vt 0.081081 1.000000
vt 0.081081 0.000000
vt 0.087838 1.000000
vt 0.087838 0.000000
vt 0.094595 1.000000
vt 0.094595 0.000000
vt 0.101351 1.000000
vt 0.101351 0.000000
vt 0.108108 1.000000
vt 0.108108 0.000000
vt 0.114865 1.000000
vt 0.114865 0.000000
vt 0.121622 1.000000
vt 0.121622 0.000000
vt 0.128378 1.000000
vt 0.128378 0.000000
vt 0.135135 1.000000
vt 0.135135 0.000000
vt 0.141892 1.000000
vt 0.141892 0.000000
vt 0.148649 1.000000
vt 0.148649 0.000000
vt 0.155405 1.000000
vt 0.155405 0.000000
vt 0.162162 1.000000
vt 0.162162 0.000000
vt 0.168919 1.000000
vt 0.168919 0.000000
vt 0.175676 1.000000
vt 0.175676 0.000000
vt 0.182432 1.000000
vt 0.182432 0.000000
vt 0.189189 1.000000
vt 0.189189 0.000000
vt 0.195946 1.000000
vt 0.195946 0.000000
vt 0.202703 1.000000
vt 0.202703 0.000000
vt 0.209459 1.000000
vt 0.209459 0.000000
vt 0.216216 1.000000
vt 0.216216 0.000000
vt 0.222973 1.000000
vt 0.222973 0.000000
vt 0.229730 1.000000
vt 0.229730 0.000000
vt 0.236486 1.000000
vt 0.236486 0.000000
vt 0.243243 1.000000
vt 0.243243 0.000000
vt 0.256757 1.000000
vt 0.256757 0.000000
vt 0.263514 1.000000
vt 0.263514 0.000000
vt 0.270270 1.000000
vt 0.270270 0.000000
vt 0.277027 1.000000
vt 0.277027 0.000000
vt 0.283784 1.000000
vt 0.283784 0.000000
vt 0.290541 1.000000
vt 0.290541 0.000000
vt 0.297297 1.000000
vt 0.297297 0.000000
vt 0.304054 1.000000
vt 0.304054 0.000000
vt 0.310811 1.000000
vt 0.310811 0.000000
vt 0.317568 1.000000
vt 0.317568 0.000000
vt 0.324324 1.000000
vt 0.324324 0.000000
vt 0.331081 1.000000
vt 0.331081 0.000000
vt 0.337838 1.000000
vt 0.337838 0.000000
vt 0.344595 1.000000
vt 0.344595 0.000000
vt 0.351351 1.000000
vt 0.351351 0.000000
vt 0.358108 1.000000
vt 0.358108 0.000000
vt 0.364865 1.000000
vt 0.364865 0.000000
vt 0.371622 1.000000
vt 0.371622 0.000000
vt 0.378378 1.000000
vt 0.378378 0.000000
vt 0.385135 1.000000
vt 0.385135 0.000000
vt 0.391892 1.000000
vt 0.391892 0.000000
vt 0.398649 1.000000
vt 0.398649 0.000000
vt 0.405405 1.000000
vt 0.405405 0.000000
vt 0.412162 1.000000
vt 0.412162 0.000000
vt 0.418919 1.000000
vt 0.418919 0.000000
vt 0.425676 1.000000
vt 0.425676 0.000000
vt 0.432432 1.000000
vt 0.432432 0.000000
vt 0.439189 1.000000
vt 0.439189 0.000000
vt 0.445946 1.000000
vt 0.445946 0.000000
vt 0.452703 1.000000
vt 0.452703 0.000000
vt 0.459459 1.000000
vt 0.459459 0.000000
vt 0.466216 1.000000
vt 0.466216 0.000000
vt 0.472973 1.000000
vt 0.472973 0.000000
vt 0.479730 1.000000
vt 0.479730 0.000000
vt 0.486486 1.000000
vt 0.486486 0.000000
vt 0.493243 1.000000
vt 0.493243 0.000000
vt 0.506757 1.000000
vt 0.506757 0.000000
vt 0.513514 1.000000
vt 0.513514 0.000000
vt 0.520270 1.000000
vt 0.520270 0.000000
vt 0.527027 1.000000
vt 0.527027 0.000000
vt 0.533784 1.000000
vt 0.533784 0.000000
vt 0.540541 1.000000
vt 0.540541 0.000000
vt 0.547297 1.000000
vt 0.547297 0.000000
vt 0.554054 1.000000
vt 0.554054 0.000000
vt 0.560811 1.000000
vt 0.560811 0.000000
vt 0.567568 1.000000
vt 0.567568 0.000000
vt 0.574324 1.000000
vt 0.574324 0.000000
vt 0.581081 1.000000
vt 0.581081 0.000000
vt 0.587838 1.000000
vt 0.587838 0.000000
vt 0.594595 1.000000
vt 0.594595 0.000000
vt 0.601351 1.000000
vt 0.601351 0.000000
vt 0.608108 1.000000
vt 0.608108 0.000000
vt 0.614865 1.000000
vt 0.614865 0.000000
vt 0.621622 1.000000
vt 0.621622 0.000000
vt 0.628378 1.000000
vt 0.628378 0.000000
vt 0.635135 1.000000
vt 0.635135 0.000000
vt 0.641892 1.000000
vt 0.641892 0.000000
vt 0.648649 1.000000
vt 0.648649 0.000000
vt 0.655405 1.000000
vt 0.655405 0.000000
vt 0.662162 1.000000
vt 0.662162 0.000000
vt 0.668919 1.000000
vt 0.668919 0.000000
vt 0.675676 1.000000
vt 0.675676 0.000000
vt 0.682432 1.000000
vt 0.682432 0.000000
vt 0.689189 1.000000
vt 0.689189 0.000000
vt 0.695946 1.000000
vt 0.695946 0.000000
vt 0.702703 1.000000
vt 0.702703 0.000000
vt 0.709459 1.000000
vt 0.709459 0.000000
vt 0.716216 1.000000
vt 0.716216 0.000000
vt 0.722973 1.000000
vt 0.722973 0.000000
vt 0.729730 1.000000
vt 0.729730 0.000000
vt 0.736486 1.000000
vt 0.736486 0.000000
vt 0.743243 1.000000
vt 0.743243 0.000000
vt 0.756757 1.000000
vt 0.756757 0.000000
vt 0.763514 1.000000
vt 0.763514 0.000000
vt 0.770270 1.000000
vt 0.770270 0.000000
vt 0.777027 1.000000
vt 0.777027 0.000000
vt 0.783784 1.000000
vt 0.783784 0.000000
vt 0.790541 1.000000
vt 0.790541 0.000000
vt 0.797297 1.000000
vt 0.797297 0.000000
vt 0.804054 1.000000
vt 0.804054 0.000000
vt 0.810811 1.000000
vt 0.810811 0.000000
vt 0.817568 1.000000
vt 0.817568 0.000000
vt 0.824324 1.000000
vt 0.824324 0.000000
vt 0.831081 1.000000
vt 0.831081 0.000000
vt 0.837838 1.000000
vt 0.837838 0.000000
vt 0.844595 1.000000
vt 0.844595 0.000000
vt 0.851351 1.000000
vt 0.851351 0.000000
vt 0.858108 1.000000
vt 0.858108 0.000000
vt 0.864865 1.000000
vt 0.864865 0.000000
vt 0.871622 1.000000
vt 0.871622 0.000000
vt 0.878378 1.000000
vt 0.878378 0.000000
vt 0.885135 1.000000
vt 0.885135 0.000000
vt 0.891892 1.000000
vt 0.891892 0.000000
vt 0.898649 1.000000
vt 0.898649 0.000000
vt 0.905405 1.000000
vt 0.905405 0.000000
vt 0.912162 1.000000
vt 0.912162 0.000000
vt 0.918919 1.000000
vt 0.918919 0.000000
vt 0.925676 1.000000
vt 0.925676 0.000000
vt 0.932432 1.000000
vt 0.932432 0.000000
vt 0.939189 1.000000
vt 0.939189 0.000000
vt 0.945946 1.000000
vt 0.945946 0.000000
vt 0.952703 1.000000
vt 0.952703 0.000000
vt 0.959459 1.000000
vt 0.959459 0.000000
vt 0.966216 1.000000
vt 0.966216 0.000000
vt 0.972973 1.000000
vt 0.972973 0.000000
vt 0.979730 1.000000
vt 0.979730 0.000000
vt 0.986486 1.000000
vt 0.986486 0.000000
vt 0.993243 1.000000
vt 0.993243 0.000000
vt 0.030303 1.000000
vt 0.030303 0.000000
vt 0.060606 1.000000
vt 0.060606 0.000000
vt 0.090909 1.000000
vt 0.090909 0.000000
vt 0.121212 1.000000
vt 0.121212 0.000000
vt 0.151515 1.000000
vt 0.151515 0.000000
vt 0.181818 1.000000
vt 0.181818 0.000000
vt 0.212121 1.000000
vt 0.212121 0.000000
vt 0.242424 1.000000
vt 0.242424 0.000000
vt 0.272727 1.000000
vt 0.272727 0.000000
vt 0.303030 1.000000
vt 0.303030 0.000000
vt 0.333333 1.000000
vt 0.363636 1.000000
vt 0.363636 0.000000
vt 0.393939 1.000000
vt 0.393939 0.000000
vt 0.424242 1.000000
vt 0.424242 0.000000
vt 0.454545 1.000000
vt 0.454545 0.000000
vt 0.484848 1.000000
vt 0.484848 0.000000
vt 0.515152 1.000000
vt 0.515152 0.000000
vt 0.545455 1.000000
vt 0.545455 0.000000
vt 0.575758 1.000000
vt 0.575758 0.000000
vt 0.606061 1.000000
vt 0.606061 0.000000
vt 0.636364 1.000000
vt 0.636364 0.000000
vt 0.666667 1.000000
vt 0.696970 1.000000
vt 0.696970 0.000000
vt 0.727273 1.000000
vt 0.727273 0.000000
vt 0.757576 1.000000
vt 0.757576 0.000000
vt 0.787879 1.000000
vt 0.787879 0.000000
vt 0.818182 1.000000
vt 0.818182 0.000000
vt 0.848485 1.000000
vt 0.848485 0.000000
vt 0.878788 1.000000
vt 0.878788 0.000000
vt 0.909091 1.000000
vt 0.909091 0.000000
vt 0.939394 1.000000
vt 0.939394 0.000000
vt 0.969697 1.000000
vt 0.969697 0.000000
vt 0.166667 1.000000
vt 0.833333 1.000000
s 0
usemtl マテリアル
f 269/1/1 254/2/1 270/3/1
f 254/2/1 271/4/1 270/3/1
f 254/2/1 257/5/1 271/4/1
f 257/5/1 266/6/1 271/4/1
f 213/7/1 262/8/1 214/9/1
f 262/8/1 215/10/1 214/9/1
f 262/8/1 216/11/1 215/10/1
f 262/8/1 265/12/1 216/11/1
f 265/12/1 69/13/1 216/11/1
f 269/1/1 255/14/1 254/2/1
f 256/15/1 266/6/1 257/5/1
f 213/7/1 263/16/1 262/8/1
f 264/17/1 69/13/1 265/12/1
f 269/1/1 253/18/1 255/14/1
f 253/18/1 256/15/1 255/14/1
f 253/18/1 252/19/1 256/15/1
f 252/19/1 266/6/1 256/15/1
f 213/7/1 261/20/1 263/16/1
f 261/20/1 264/17/1 263/16/1
f 261/20/1 260/21/1 264/17/1
f 260/21/1 69/13/1 264/17/1
f 269/1/1 250/22/1 253/18/1
f 251/23/1 266/6/1 252/19/1
f 213/7/1 258/24/1 261/20/1
f 259/25/1 69/13/1 260/21/1
f 269/1/1 267/26/1 250/22/1
f 267/26/1 251/23/1 250/22/1
f 267/26/1 266/6/1 251/23/1
f 213/7/1 259/25/1 258/24/1
f 213/7/1 212/27/1 259/25/1
f 212/27/1 69/13/1 259/25/1
f 269/1/1 268/28/1 267/26/1
f 211/29/1 69/13/1 212/27/1
f 177/30/1 179/31/1 178/32/1
f 177/30/1 180/33/1 179/31/1
f 2/34/1 4/35/1 3/36/1
f 2/34/1 1/37/1 4/35/1
f 175/38/1 177/30/1 176/39/1
f 175/38/1 180/33/1 177/30/1
f 175/38/1 181/40/1 180/33/1
f 175/38/1 182/41/1 181/40/1
f 10/42/1 7/43/1 11/44/1
f 7/43/1 12/45/1 11/44/1
f 7/43/1 6/46/1 12/45/1
f 6/46/1 9/47/1 12/45/1
f 174/48/1 182/41/1 175/38/1
f 173/49/1 183/50/1 174/48/1
f 183/50/1 182/41/1 174/48/1
f 173/49/1 184/51/1 183/50/1
f 10/42/1 8/52/1 7/43/1
f 5/53/1 9/47/1 6/46/1
f 67/54/1 41/55/1 68/56/1
f 67/54/1 42/57/1 41/55/1
f 66/58/1 42/57/1 67/54/1
f 66/58/1 43/59/1 42/57/1
f 65/60/1 43/59/1 66/58/1
f 65/60/1 44/61/1 43/59/1
f 64/62/1 44/61/1 65/60/1
f 64/62/1 45/63/1 44/61/1
f 63/64/1 45/63/1 64/62/1
f 10/42/1 5/53/1 8/52/1
f 10/42/1 9/47/1 5/53/1
f 63/64/1 46/65/1 45/63/1
f 62/66/1 46/65/1 63/64/1
f 62/66/1 47/67/1 46/65/1
f 61/68/1 47/67/1 62/66/1
f 61/68/1 48/69/1 47/67/1
f 60/70/1 48/69/1 61/68/1
f 60/70/1 49/71/1 48/69/1
f 59/72/1 49/71/1 60/70/1
f 59/72/1 50/73/1 49/71/1
f 247/74/1 249/75/1 248/76/1
f 58/77/1 50/73/1 59/72/1
f 39/78/1 13/79/1 40/80/1
f 246/81/1 249/75/1 247/74/1
f 58/77/1 51/82/1 50/73/1
f 246/81/1 217/83/1 249/75/1
f 39/78/1 14/84/1 13/79/1
f 245/85/1 217/83/1 246/81/1
f 57/86/1 51/82/1 58/77/1
f 38/87/1 14/84/1 39/78/1
f 38/87/1 15/88/1 14/84/1
f 57/86/1 52/89/1 51/82/1
f 37/90/1 15/88/1 38/87/1
f 244/91/1 217/83/1 245/85/1
f 56/92/1 52/89/1 57/86/1
f 37/90/1 16/93/1 15/88/1
f 36/94/1 16/93/1 37/90/1
f 56/92/1 53/95/1 52/89/1
f 243/96/1 217/83/1 244/91/1
f 36/94/1 17/97/1 16/93/1
f 55/98/1 53/95/1 56/92/1
f 35/99/1 17/97/1 36/94/1
f 242/100/1 217/83/1 243/96/1
f 55/98/1 54/101/1 53/95/1
f 35/99/1 18/102/1 17/97/1
f 34/103/1 18/102/1 35/99/1
f 241/104/1 217/83/1 242/100/1
f 34/103/1 19/105/1 18/102/1
f 33/106/1 19/105/1 34/103/1
f 33/106/1 20/107/1 19/105/1
f 240/108/1 217/83/1 241/104/1
f 32/109/1 20/107/1 33/106/1
f 32/109/1 21/110/1 20/107/1
f 239/111/1 217/83/1 240/108/1
f 31/112/1 21/110/1 32/109/1
f 31/112/1 22/113/1 21/110/1
f 238/114/1 217/83/1 239/111/1
f 30/115/1 22/113/1 31/112/1
f 30/115/1 23/116/1 22/113/1
f 237/117/1 217/83/1 238/114/1
f 29/118/1 23/116/1 30/115/1
f 29/118/1 24/119/1 23/116/1
f 217/83/1 219/120/1 218/121/1
f 236/122/1 217/83/1 237/117/1
f 28/123/1 24/119/1 29/118/1
f 28/123/1 25/124/1 24/119/1
f 27/125/1 25/124/1 28/123/1
f 235/126/1 217/83/1 236/122/1
f 27/125/1 26/127/1 25/124/1
f 235/126/1 219/120/1 217/83/1
f 234/128/1 219/120/1 235/126/1
f 233/129/1 219/120/1 234/128/1
f 172/130/1 184/51/1 173/49/1
f 172/130/1 185/131/1 184/51/1
f 171/132/1 185/131/1 172/130/1
f 171/132/1 186/133/1 185/131/1
f 170/134/1 186/133/1 171/132/1
f 169/135/1 186/133/1 170/134/1
f 169/135/1 187/136/1 186/133/1
f 168/137/1 187/136/1 169/135/1
f 168/137/1 188/138/1 187/136/1
f 167/139/1 188/138/1 168/137/1
f 166/140/1 188/138/1 167/139/1
f 165/141/1 188/138/1 166/140/1
f 165/141/1 189/142/1 188/138/1
f 164/143/1 189/142/1 165/141/1
f 163/144/1 189/142/1 164/143/1
f 146/145/1 148/146/1 147/147/1
f 210/148/1 69/13/1 211/29/1
f 162/149/1 189/142/1 163/144/1
f 146/145/1 149/150/1 148/146/1
f 146/145/1 150/151/1 149/150/1
f 161/152/1 189/142/1 162/149/1
f 146/145/1 151/153/1 150/151/1
f 146/145/1 152/154/1 151/153/1
f 160/155/1 189/142/1 161/152/1
f 146/145/1 153/156/1 152/154/1
f 146/145/1 154/157/1 153/156/1
f 146/145/1 155/158/1 154/157/1
f 146/145/1 156/159/1 155/158/1
f 146/145/1 157/160/1 156/159/1
f 146/145/1 158/161/1 157/160/1
f 146/145/1 159/162/1 158/161/1
f 146/145/1 160/155/1 159/162/1
f 146/145/1 189/142/1 160/155/1
f 210/148/1 70/163/1 69/13/1
f 146/145/1 190/164/1 189/142/1
f 232/165/1 231/166/1 233/129/1
f 231/166/1 230/167/1 233/129/1
f 230/167/1 219/120/1 233/129/1
f 209/168/1 70/163/1 210/148/1
f 146/145/1 191/169/1 190/164/1
f 145/170/1 191/169/1 146/145/1
f 208/171/1 70/163/1 209/168/1
f 145/170/1 192/172/1 191/169/1
f 144/173/1 192/172/1 145/170/1
f 144/173/1 193/174/1 192/172/1
f 207/175/1 70/163/1 208/171/1
f 207/175/1 71/176/1 70/163/1
f 144/173/1 194/177/1 193/174/1
f 206/178/1 71/176/1 207/175/1
f 143/179/1 194/177/1 144/173/1
f 205/180/1 71/176/1 206/178/1
f 143/179/1 195/181/1 194/177/1
f 204/182/1 71/176/1 205/180/1
f 230/167/1 220/183/1 219/120/1
f 143/179/1 196/184/1 195/181/1
f 203/185/1 71/176/1 204/182/1
f 202/186/1 71/176/1 203/185/1
f 143/179/1 197/187/1 196/184/1
f 142/188/1 197/187/1 143/179/1
f 201/189/1 71/176/1 202/186/1
f 230/167/1 221/190/1 220/183/1
f 200/191/1 71/176/1 201/189/1
f 142/188/1 198/192/1 197/187/1
f 199/193/1 71/176/1 200/191/1
f 199/193/1 72/194/1 71/176/1
f 198/192/1 72/194/1 199/193/1
f 142/188/1 108/195/1 198/192/1
f 108/195/1 72/194/1 198/192/1
f 142/188/1 109/196/1 108/195/1
f 107/197/1 72/194/1 108/195/1
f 230/167/1 229/198/1 221/190/1
f 229/198/1 222/199/1 221/190/1
f 141/200/1 109/196/1 142/188/1
f 141/200/1 110/201/1 109/196/1
f 229/198/1 223/202/1 222/199/1
f 106/203/1 72/194/1 107/197/1
f 141/200/1 111/204/1 110/201/1
f 140/205/1 111/204/1 141/200/1
f 106/203/1 73/206/1 72/194/1
f 140/205/1 112/207/1 111/204/1
f 229/198/1 228/208/1 223/202/1
f 228/208/1 224/209/1 223/202/1
f 105/210/1 73/206/1 106/203/1
f 140/205/1 113/211/1 112/207/1
f 139/212/1 113/211/1 140/205/1
f 228/208/1 225/213/1 224/209/1
f 139/212/1 114/214/1 113/211/1
f 105/210/1 74/215/1 73/206/1
f 139/212/1 115/216/1 114/214/1
f 228/208/1 227/217/1 225/213/1
f 227/217/1 226/218/1 225/213/1
f 104/219/1 74/215/1 105/210/1
f 138/220/1 115/216/1 139/212/1
f 138/220/1 116/221/1 115/216/1
f 138/220/1 117/222/1 116/221/1
f 137/223/1 117/222/1 138/220/1
f 137/223/1 118/224/1 117/222/1
f 104/219/1 75/225/1 74/215/1
f 103/226/1 75/225/1 104/219/1
f 137/223/1 119/227/1 118/224/1
f 137/223/1 120/228/1 119/227/1
f 136/229/1 120/228/1 137/223/1
f 136/229/1 121/230/1 120/228/1
f 136/229/1 122/231/1 121/230/1
f 102/232/1 75/225/1 103/226/1
f 102/232/1 76/233/1 75/225/1
f 136/229/1 123/234/1 122/231/1
f 135/235/1 123/234/1 136/229/1
f 135/235/1 124/236/1 123/234/1
f 135/235/1 125/237/1 124/236/1
f 101/238/1 76/233/1 102/232/1
f 101/238/1 77/239/1 76/233/1
f 135/235/1 126/240/1 125/237/1
f 134/241/1 126/240/1 135/235/1
f 134/241/1 127/242/1 126/240/1
f 134/241/1 128/243/1 127/242/1
f 134/241/1 129/244/1 128/243/1
f 134/241/1 130/245/1 129/244/1
f 134/241/1 131/246/1 130/245/1
f 134/241/1 132/247/1 131/246/1
f 134/241/1 133/248/1 132/247/1
f 101/238/1 78/249/1 77/239/1
f 100/250/1 78/249/1 101/238/1
f 100/250/1 79/251/1 78/249/1
f 99/252/1 79/251/1 100/250/1
f 99/252/1 80/253/1 79/251/1
f 98/254/1 80/253/1 99/252/1
f 98/254/1 81/255/1 80/253/1
f 98/254/1 82/256/1 81/255/1
f 97/257/1 82/256/1 98/254/1
f 97/257/1 83/258/1 82/256/1
f 97/257/1 84/259/1 83/258/1
f 96/260/1 84/259/1 97/257/1
f 96/260/1 85/261/1 84/259/1
f 96/260/1 86/262/1 85/261/1
f 96/260/1 87/263/1 86/262/1
f 95/264/1 87/263/1 96/260/1
f 95/264/1 88/265/1 87/263/1
f 95/264/1 89/266/1 88/265/1
f 95/264/1 90/267/1 89/266/1
f 95/264/1 91/268/1 90/267/1
f 95/264/1 92/269/1 91/268/1
f 95/264/1 93/270/1 92/269/1
f 95/264/1 94/271/1 93/270/1
f 476/272/1 478/4/1 477/273/1
f 476/272/1 373/274/1 478/4/1
f 298/275/1 272/37/1 299/276/1
f 298/275/1 273/277/1 272/37/1
f 298/275/1 274/278/1 273/277/1
f 298/275/1 275/279/1 274/278/1
f 298/275/1 276/280/1 275/279/1
f 298/275/1 277/281/1 276/280/1
f 298/275/1 278/282/1 277/281/1
f 297/283/1 278/282/1 298/275/1
f 297/283/1 279/284/1 278/282/1
f 296/285/1 279/284/1 297/283/1
f 296/285/1 280/286/1 279/284/1
f 295/287/1 280/286/1 296/285/1
f 295/287/1 281/288/1 280/286/1
f 294/289/1 281/288/1 295/287/1
f 294/289/1 282/290/1 281/288/1
f 293/291/1 282/290/1 294/289/1
f 293/291/1 283/292/1 282/290/1
f 292/293/1 283/292/1 293/291/1
f 292/293/1 284/294/1 283/292/1
f 291/295/1 284/294/1 292/293/1
f 291/295/1 290/296/1 284/294/1
f 290/296/1 289/297/1 284/294/1
f 289/297/1 288/298/1 284/294/1
f 288/298/1 287/299/1 284/294/1
f 287/299/1 286/300/1 284/294/1
f 286/300/1 285/301/1 284/294/1
f 474/302/1 476/272/1 475/303/1
f 474/302/1 373/274/1 476/272/1
f 474/302/1 374/304/1 373/274/1
f 474/302/1 473/305/1 374/304/1
f 473/305/1 372/306/1 374/304/1
f 372/306/1 375/229/1 374/304/1
f 472/307/1 356/308/1 473/305/1
f 356/308/2 372/306/2 473/305/2
f 472/307/1 357/309/1 356/308/1
f 371/310/1 375/229/1 372/306/1
f 326/311/1 300/312/1 327/313/1
f 326/311/1 301/314/1 300/312/1
f 326/311/1 302/315/1 301/314/1
f 326/311/1 303/316/1 302/315/1
f 326/311/1 304/317/1 303/316/1
f 326/311/1 305/318/1 304/317/1
f 326/311/1 306/319/1 305/318/1
f 326/311/1 307/320/1 306/319/1
f 325/321/1 307/320/1 326/311/1
f 325/321/1 308/322/1 307/320/1
f 324/323/1 308/322/1 325/321/1
f 471/324/1 357/309/1 472/307/1
f 471/324/1 358/325/1 357/309/1
f 324/323/1 309/326/1 308/322/1
f 323/327/1 309/326/1 324/323/1
f 470/328/1 358/325/1 471/324/1
f 470/328/1 359/329/1 358/325/1
f 323/327/1 310/330/1 309/326/1
f 322/331/1 310/330/1 323/327/1
f 469/332/1 359/329/1 470/328/1
f 469/332/1 360/333/1 359/329/1
f 322/331/1 311/334/1 310/330/1
f 321/335/1 311/334/1 322/331/1
f 468/336/1 360/333/1 469/332/1
f 468/336/1 361/337/1 360/333/1
f 321/335/1 312/338/1 311/334/1
f 320/339/1 312/338/1 321/335/1
f 467/340/1 361/337/1 468/336/1
f 320/339/1 319/341/1 312/338/1
f 319/341/1 318/342/1 312/338/1
f 318/342/1 317/343/1 312/338/1
f 317/343/1 316/344/1 312/338/1
f 316/344/1 315/345/1 312/338/1
f 315/345/1 314/346/1 312/338/1
f 314/346/1 313/347/1 312/338/1
f 467/340/1 362/348/1 361/337/1
f 466/349/1 362/348/1 467/340/1
f 466/349/1 363/350/1 362/348/1
f 465/351/1 363/350/1 466/349/1
f 465/351/1 364/352/1 363/350/1
f 464/353/1 364/352/1 465/351/1
f 464/353/1 365/354/1 364/352/1
f 463/355/1 365/354/1 464/353/1
f 463/355/1 366/356/1 365/354/1
f 462/357/1 366/356/1 463/355/1
f 462/357/1 367/358/1 366/356/1
f 461/359/1 367/358/1 462/357/1
f 461/359/1 368/360/1 367/358/1
f 460/361/1 368/360/1 461/359/1
f 460/361/1 369/362/1 368/360/1
f 459/363/1 369/362/1 460/361/1
f 459/363/1 370/364/1 369/362/1
f 457/365/1 459/363/1 458/366/1
f 457/365/1 370/364/1 459/363/1
f 457/365/1 371/310/1 370/364/1
f 457/365/1 375/229/1 371/310/1
f 457/365/1 376/367/1 375/229/1
f 457/365/1 377/368/1 376/367/1
f 456/369/1 377/368/1 457/365/1
f 455/370/1 378/371/1 456/369/1
f 378/371/1 377/368/1 456/369/1
f 455/370/1 417/372/1 378/371/1
f 417/372/1 379/373/1 378/371/1
f 354/374/1 328/375/1 355/376/1
f 455/370/1 418/377/1 417/372/1
f 416/378/1 379/373/1 417/372/1
f 454/379/1 418/377/1 455/370/1
f 353/380/1 328/375/1 354/374/1
f 416/378/1 380/381/1 379/373/1
f 353/380/1 329/382/1 328/375/1
f 352/383/1 329/382/1 353/380/1
f 453/384/1 418/377/1 454/379/1
f 453/384/1 419/385/1 418/377/1
f 415/386/1 380/381/1 416/378/1
f 415/386/1 381/387/1 380/381/1
f 352/383/1 330/388/1 329/382/1
f 351/389/1 330/388/1 352/383/1
f 452/390/1 419/385/1 453/384/1
f 452/390/1 420/391/1 419/385/1
f 415/386/1 382/392/1 381/387/1
f 351/389/1 331/393/1 330/388/1
f 414/394/1 382/392/1 415/386/1
f 350/395/1 331/393/1 351/389/1
f 451/396/1 420/391/1 452/390/1
f 451/396/1 421/397/1 420/391/1
f 350/395/1 332/398/1 331/393/1
f 414/394/1 383/399/1 382/392/1
f 349/400/1 332/398/1 350/395/1
f 413/401/1 383/399/1 414/394/1
f 450/402/1 421/397/1 451/396/1
f 349/400/1 333/403/1 332/398/1
f 450/402/1 422/404/1 421/397/1
f 413/401/1 384/405/1 383/399/1
f 348/406/1 333/403/1 349/400/1
f 449/407/1 422/404/1 450/402/1
f 412/408/1 384/405/1 413/401/1
f 348/406/1 334/409/1 333/403/1
f 449/407/1 423/410/1 422/404/1
f 412/408/1 385/411/1 384/405/1
f 347/412/1 334/409/1 348/406/1
f 448/413/1 423/410/1 449/407/1
f 347/412/1 335/414/1 334/409/1
f 411/415/1 385/411/1 412/408/1
f 448/413/1 424/416/1 423/410/1
f 411/415/1 386/417/1 385/411/1
f 346/418/1 335/414/1 347/412/1
f 447/419/1 424/416/1 448/413/1
f 346/418/1 336/420/1 335/414/1
f 410/421/1 386/417/1 411/415/1
f 410/421/1 387/422/1 386/417/1
f 447/419/1 425/423/1 424/416/1
f 345/424/1 336/420/1 346/418/1
f 446/425/1 425/423/1 447/419/1
f 345/424/1 337/426/1 336/420/1
f 410/421/1 388/427/1 387/422/1
f 409/428/1 388/427/1 410/421/1
f 344/429/1 337/426/1 345/424/1
f 446/425/1 426/430/1 425/423/1
f 445/431/1 426/430/1 446/425/1
f 409/428/1 389/432/1 388/427/1
f 344/429/1 338/433/1 337/426/1
f 343/434/1 338/433/1 344/429/1
f 408/435/1 389/432/1 409/428/1
f 444/436/1 426/430/1 445/431/1
f 444/436/1 427/437/1 426/430/1
f 408/435/1 390/438/1 389/432/1
f 343/434/1 339/439/1 338/433/1
f 342/440/1 339/439/1 343/434/1
f 408/435/1 391/441/1 390/438/1
f 407/442/1 391/441/1 408/435/1
f 443/443/1 427/437/1 444/436/1
f 443/443/1 428/444/1 427/437/1
f 341/445/1 339/439/1 342/440/1
f 407/442/1 392/446/1 391/441/1
f 341/445/1 340/447/1 339/439/1
f 407/442/1 393/448/1 392/446/1
f 407/442/1 394/449/1 393/448/1
f 406/450/1 394/449/1 407/442/1
f 442/451/1 428/444/1 443/443/1
f 406/450/1 395/452/1 394/449/1
f 441/453/1 428/444/1 442/451/1
f 440/454/1 428/444/1 441/453/1
f 406/450/1 396/455/1 395/452/1
f 440/454/1 429/456/1 428/444/1
f 439/457/1 429/456/1 440/454/1
f 406/450/1 397/458/1 396/455/1
f 438/459/1 429/456/1 439/457/1
f 406/450/1 398/460/1 397/458/1
f 437/461/1 429/456/1 438/459/1
f 405/462/1 398/460/1 406/450/1
f 405/462/1 399/463/1 398/460/1
f 436/464/1 429/456/1 437/461/1
f 435/465/1 429/456/1 436/464/1
f 405/462/1 400/466/1 399/463/1
f 435/465/1 434/467/1 429/456/1
f 434/467/1 433/468/1 429/456/1
f 433/468/1 432/469/1 429/456/1
f 432/469/1 431/470/1 429/456/1
f 431/470/1 430/471/1 429/456/1
f 405/462/1 401/472/1 400/466/1
f 404/473/1 403/474/1 405/462/1
f 403/474/1 402/475/1 405/462/1
f 402/475/1 401/472/1 405/462/1
f 568/476/1 570/477/1 569/478/1
f 568/476/1 571/479/1 570/477/1
f 567/480/1 571/479/1 568/476/1
f 567/480/1 572/481/1 571/479/1
f 566/482/1 572/481/1 567/480/1
f 566/482/1 573/483/1 572/481/1
f 565/484/1 573/483/1 566/482/1
f 565/484/1 574/485/1 573/483/1
f 564/486/1 574/485/1 565/484/1
f 564/486/1 635/487/1 574/485/1
f 635/487/1 575/488/1 574/485/1
f 564/486/1 517/489/1 635/487/1
f 517/489/1 636/490/1 635/487/1
f 634/491/1 575/488/1 635/487/1
f 563/492/1 517/489/1 564/486/1
f 563/492/1 518/493/1 517/489/1
f 516/494/1 636/490/1 517/489/1
f 633/495/1 575/488/1 634/491/1
f 563/492/1 519/496/1 518/493/1
f 632/497/1 575/488/1 633/495/1
f 632/497/1 576/498/1 575/488/1
f 516/494/1 637/499/1 636/490/1
f 563/492/1 520/500/1 519/496/1
f 515/501/1 637/499/1 516/494/1
f 631/502/1 576/498/1 632/497/1
f 562/503/1 520/500/1 563/492/1
f 562/503/1 521/504/1 520/500/1
f 630/505/1 576/498/1 631/502/1
f 515/501/1 638/506/1 637/499/1
f 514/507/1 638/506/1 515/501/1
f 630/505/1 577/508/1 576/498/1
f 562/503/1 522/509/1 521/504/1
f 629/510/1 577/508/1 630/505/1
f 561/511/1 522/509/1 562/503/1
f 513/512/1 638/506/1 514/507/1
f 513/512/1 639/513/1 638/506/1
f 561/511/1 523/514/1 522/509/1
f 628/515/1 577/508/1 629/510/1
f 628/515/1 578/516/1 577/508/1
f 512/517/1 639/513/1 513/512/1
f 512/517/1 640/518/1 639/513/1
f 560/519/1 523/514/1 561/511/1
f 627/520/1 578/516/1 628/515/1
f 560/519/1 524/521/1 523/514/1
f 511/522/1 640/518/1 512/517/1
f 511/522/1 641/523/1 640/518/1
f 627/520/1 579/524/1 578/516/1
f 510/525/1 641/523/1 511/522/1
f 626/526/1 579/524/1 627/520/1
f 510/525/1 642/527/1 641/523/1
f 560/519/1 525/528/1 524/521/1
f 559/529/1 525/528/1 560/519/1
f 509/530/1 642/527/1 510/525/1
f 509/530/1 643/531/1 642/527/1
f 626/526/1 580/532/1 579/524/1
f 625/533/1 580/532/1 626/526/1
f 559/529/1 526/534/1 525/528/1
f 508/535/1 643/531/1 509/530/1
f 508/535/1 644/536/1 643/531/1
f 558/537/1 526/534/1 559/529/1
f 624/538/1 580/532/1 625/533/1
f 507/539/1 644/536/1 508/535/1
f 558/537/1 527/540/1 526/534/1
f 507/539/1 645/541/1 644/536/1
f 624/538/1 581/542/1 580/532/1
f 506/543/1 645/541/1 507/539/1
f 506/543/1 646/544/1 645/541/1
f 623/545/1 581/542/1 624/538/1
f 558/537/1 528/546/1 527/540/1
f 505/547/1 646/544/1 506/543/1
f 557/548/1 528/546/1 558/537/1
f 505/547/1 647/549/1 646/544/1
f 623/545/1 582/550/1 581/542/1
f 504/551/1 647/549/1 505/547/1
f 622/552/1 582/550/1 623/545/1
f 557/548/1 529/553/1 528/546/1
f 504/551/1 648/4/1 647/549/1
f 503/554/1 648/4/1 504/551/1
f 556/555/1 529/553/1 557/548/1
f 503/554/1 531/556/1 648/4/1
f 621/557/1 582/550/1 622/552/1
f 621/557/1 583/558/1 582/550/1
f 556/555/1 530/559/1 529/553/1
f 502/560/1 531/556/1 503/554/1
f 556/555/1 479/37/1 530/559/1
f 620/561/1 583/558/1 621/557/1
f 555/562/1 479/37/1 556/555/1
f 502/560/1 532/563/1 531/556/1
f 620/561/1 584/564/1 583/558/1
f 501/565/1 532/563/1 502/560/1
f 555/562/1 480/566/1 479/37/1
f 619/567/1 584/564/1 620/561/1
f 554/568/1 480/566/1 555/562/1
f 500/569/1 532/563/1 501/565/1
f 500/569/1 533/570/1 532/563/1
f 554/568/1 481/571/1 480/566/1
f 619/567/1 585/572/1 584/564/1
f 618/573/1 585/572/1 619/567/1
f 499/574/1 533/570/1 500/569/1
f 554/568/1 482/575/1 481/571/1
f 553/576/1 482/575/1 554/568/1
f 499/574/1 534/577/1 533/570/1
f 553/576/1 483/578/1 482/575/1
f 498/579/1 534/577/1 499/574/1
f 618/573/1 586/580/1 585/572/1
f 617/581/1 586/580/1 618/573/1
f 552/582/1 483/578/1 553/576/1
f 552/582/1 484/583/1 483/578/1
f 497/584/1 534/577/1 498/579/1
f 497/584/1 535/585/1 534/577/1
f 616/586/1 586/580/1 617/581/1
f 552/582/1 485/587/1 484/583/1
f 496/588/1 535/585/1 497/584/1
f 551/589/1 485/587/1 552/582/1
f 616/586/1 587/590/1 586/580/1
f 551/589/1 486/591/1 485/587/1
f 495/592/1 535/585/1 496/588/1
f 495/592/1 536/593/1 535/585/1
f 615/594/1 587/590/1 616/586/1
f 551/589/1 487/595/1 486/591/1
f 494/596/1 536/593/1 495/592/1
f 551/589/1 488/597/1 487/595/1
f 550/598/1 488/597/1 551/589/1
f 493/599/1 536/593/1 494/596/1
f 550/598/1 489/600/1 488/597/1
f 615/594/1 588/601/1 587/590/1
f 492/602/1 536/593/1 493/599/1
f 550/598/1 490/603/1 489/600/1
f 614/604/1 588/601/1 615/594/1
f 491/605/1 536/593/1 492/602/1
f 550/598/1 491/605/1 490/603/1
f 550/598/1 536/593/1 491/605/1
f 550/598/1 537/606/1 536/593/1
f 549/607/1 537/606/1 550/598/1
f 613/608/1 588/601/1 614/604/1
f 549/607/1 538/609/1 537/606/1
f 613/608/1 589/610/1 588/601/1
f 548/611/1 538/609/1 549/607/1
f 612/612/1 589/610/1 613/608/1
f 548/611/1 539/613/1 538/609/1
f 547/614/1 539/613/1 548/611/1
f 611/615/1 589/610/1 612/612/1
f 611/615/1 590/616/1 589/610/1
f 610/617/1 590/616/1 611/615/1
f 547/614/1 540/618/1 539/613/1
f 546/619/1 540/618/1 547/614/1
f 609/620/1 590/616/1 610/617/1
f 546/619/1 541/621/1 540/618/1
f 545/622/1 541/621/1 546/619/1
f 608/623/1 590/616/1 609/620/1
f 607/624/1 590/616/1 608/623/1
f 606/625/1 590/616/1 607/624/1
f 605/626/1 590/616/1 606/625/1
f 604/627/1 590/616/1 605/626/1
f 545/622/1 542/628/1 541/621/1
f 544/629/1 542/628/1 545/622/1
f 604/627/1 591/630/1 590/616/1
f 603/631/1 591/630/1 604/627/1
f 602/632/1 591/630/1 603/631/1
f 601/633/1 591/630/1 602/632/1
f 600/634/1 591/630/1 601/633/1
f 599/635/1 591/630/1 600/634/1
f 544/629/1 543/636/1 542/628/1
f 598/637/1 591/630/1 599/635/1
f 597/638/1 591/630/1 598/637/1
f 596/639/1 591/630/1 597/638/1
f 595/640/1 591/630/1 596/639/1
f 595/640/1 592/641/1 591/630/1
f 595/640/1 593/642/1 592/641/1
f 595/640/1 594/643/1 593/642/1
f 689/644/1 691/645/1 690/646/1
f 689/644/1 692/647/1 691/645/1
f 689/644/1 693/648/1 692/647/1
f 688/649/1 693/648/1 689/644/1
f 688/649/1 694/82/1 693/648/1
f 687/650/1 694/82/1 688/649/1
f 687/650/1 695/651/1 694/82/1
f 686/652/1 695/651/1 687/650/1
f 686/652/1 696/653/1 695/651/1
f 685/55/1 696/653/1 686/652/1
f 685/55/1 697/654/1 696/653/1
f 684/655/1 697/654/1 685/55/1
f 684/655/1 698/656/1 697/654/1
f 683/657/1 698/656/1 684/655/1
f 683/657/1 699/658/1 698/656/1
f 682/659/1 699/658/1 683/657/1
f 682/659/1 700/660/1 699/658/1
f 681/661/1 700/660/1 682/659/1
f 681/661/1 701/662/1 700/660/1
f 680/663/1 701/662/1 681/661/1
f 680/663/1 702/664/1 701/662/1
f 679/665/1 702/664/1 680/663/1
f 679/665/1 703/68/1 702/664/1
f 678/666/1 703/68/1 679/665/1
f 678/666/1 704/667/1 703/68/1
f 677/668/1 704/667/1 678/666/1
f 675/669/1 677/668/1 676/112/1
f 675/669/1 704/667/1 677/668/1
f 675/669/1 705/670/1 704/667/1
f 675/669/1 674/671/1 705/670/1
f 674/671/1 799/672/1 705/670/1
f 799/672/1 798/673/1 705/670/1
f 798/673/1 706/674/1 705/670/1
f 673/675/1 799/672/1 674/671/1
f 673/675/1 800/676/1 799/672/1
f 797/677/1 706/674/1 798/673/1
f 672/678/1 800/676/1 673/675/1
f 672/678/1 801/679/1 800/676/1
f 671/680/1 801/679/1 672/678/1
f 671/680/1 802/132/1 801/679/1
f 670/681/1 802/132/1 671/680/1
f 670/681/1 803/682/1 802/132/1
f 669/683/1 803/682/1 670/681/1
f 669/683/1 804/684/1 803/682/1
f 668/685/1 804/684/1 669/683/1
f 667/110/1 804/684/1 668/685/1
f 667/110/1 805/686/1 804/684/1
f 891/687/1 649/37/1 892/4/1
f 666/688/1 805/686/1 667/110/1
f 891/687/1 650/689/1 649/37/1
f 666/688/1 806/690/1 805/686/1
f 891/687/1 651/691/1 650/689/1
f 665/692/1 806/690/1 666/688/1
f 891/687/1 652/693/1 651/691/1
f 891/687/1 653/694/1 652/693/1
f 665/692/1 807/695/1 806/690/1
f 891/687/1 654/696/1 653/694/1
f 664/697/1 807/695/1 665/692/1
f 891/687/1 655/698/1 654/696/1
f 664/697/1 808/699/1 807/695/1
f 891/687/1 656/700/1 655/698/1
f 663/701/1 808/699/1 664/697/1
f 890/702/1 656/700/1 891/687/1
f 890/702/1 657/703/1 656/700/1
f 889/704/1 657/703/1 890/702/1
f 889/704/1 658/44/1 657/703/1
f 662/705/1 808/699/1 663/701/1
f 662/705/1 809/706/1 808/699/1
f 888/707/1 658/44/1 889/704/1
f 888/707/1 659/708/1 658/44/1
f 887/709/1 659/708/1 888/707/1
f 887/709/1 660/710/1 659/708/1
f 661/711/1 809/706/1 662/705/1
f 886/712/1 660/710/1 887/709/1
f 661/711/1 810/713/1 809/706/1
f 886/712/1 661/711/1 660/710/1
f 885/714/1 661/711/1 886/712/1
f 885/714/1 810/713/1 661/711/1
f 884/715/1 810/713/1 885/714/1
f 884/715/1 811/40/1 810/713/1
f 883/20/1 811/40/1 884/715/1
f 882/716/1 811/40/1 883/20/1
f 882/716/1 812/717/1 811/40/1
f 881/718/1 812/717/1 882/716/1
f 880/719/1 812/717/1 881/718/1
f 880/719/1 813/720/1 812/717/1
f 879/721/1 813/720/1 880/719/1
f 879/721/1 814/722/1 813/720/1
f 878/723/1 814/722/1 879/721/1
f 878/723/1 815/724/1 814/722/1
f 877/725/1 815/724/1 878/723/1
f 877/725/1 816/726/1 815/724/1
f 877/725/1 817/727/1 816/726/1
f 877/725/1 818/728/1 817/727/1
f 876/729/1 818/728/1 877/725/1
f 876/729/1 839/730/1 818/728/1
f 839/730/1 819/731/1 818/728/1
f 876/729/1 840/732/1 839/730/1
f 838/29/1 819/731/1 839/730/1
f 838/29/1 820/169/1 819/731/1
f 875/733/1 840/732/1 876/729/1
f 837/734/1 820/169/1 838/29/1
f 837/734/1 821/735/1 820/169/1
f 836/736/1 821/735/1 837/734/1
f 836/736/1 822/737/1 821/735/1
f 875/733/1 841/738/1 840/732/1
f 835/739/1 822/737/1 836/736/1
f 835/739/1 823/740/1 822/737/1
f 874/23/1 841/738/1 875/733/1
f 744/741/1 746/742/1 745/743/1
f 834/744/1 823/740/1 835/739/1
f 744/741/1 747/745/1 746/742/1
f 834/744/1 824/746/1 823/740/1
f 744/741/1 748/204/1 747/745/1
f 744/741/1 749/747/1 748/204/1
f 833/748/1 824/746/1 834/744/1
f 744/741/1 750/749/1 749/747/1
f 833/748/1 825/750/1 824/746/1
f 744/741/1 751/751/1 750/749/1
f 744/741/1 752/752/1 751/751/1
f 874/23/1 842/753/1 841/738/1
f 832/754/1 825/750/1 833/748/1
f 744/741/1 753/755/1 752/752/1
f 873/756/1 842/753/1 874/23/1
f 832/754/1 831/757/1 825/750/1
f 831/757/1 830/758/1 825/750/1
f 830/758/1 829/189/1 825/750/1
f 829/189/1 828/759/1 825/750/1
f 828/759/1 827/760/1 825/750/1
f 827/760/1 826/761/1 825/750/1
f 744/741/1 754/762/1 753/755/1
f 744/741/1 755/763/1 754/762/1
f 744/741/1 756/764/1 755/763/1
f 744/741/1 757/230/1 756/764/1
f 743/765/1 757/230/1 744/741/1
f 743/765/1 758/766/1 757/230/1
f 743/765/1 759/767/1 758/766/1
f 873/756/1 843/768/1 842/753/1
f 872/769/1 843/768/1 873/756/1
f 742/770/1 759/767/1 743/765/1
f 742/770/1 760/771/1 759/767/1
f 871/772/1 843/768/1 872/769/1
f 871/772/1 844/773/1 843/768/1
f 741/774/1 760/771/1 742/770/1
f 870/775/1 844/773/1 871/772/1
f 870/775/1 845/776/1 844/773/1
f 741/774/1 761/777/1 760/771/1
f 740/778/1 761/777/1 741/774/1
f 869/779/1 845/776/1 870/775/1
f 869/779/1 846/780/1 845/776/1
f 739/238/1 761/777/1 740/778/1
f 739/238/1 762/781/1 761/777/1
f 796/782/1 706/674/1 797/677/1
f 796/782/1 707/783/1 706/674/1
f 868/784/1 846/780/1 869/779/1
f 738/785/1 762/781/1 739/238/1
f 796/782/1 708/786/1 707/783/1
f 868/784/1 847/190/1 846/780/1
f 796/782/1 709/787/1 708/786/1
f 737/788/1 762/781/1 738/785/1
f 795/789/1 709/787/1 796/782/1
f 795/789/1 710/790/1 709/787/1
f 737/788/1 763/791/1 762/781/1
f 867/792/1 847/190/1 868/784/1
f 736/793/1 763/791/1 737/788/1
f 795/789/1 711/794/1 710/790/1
f 795/789/1 712/176/1 711/794/1
f 735/795/1 763/791/1 736/793/1
f 795/789/1 713/796/1 712/176/1
f 867/792/1 848/797/1 847/190/1
f 795/789/1 714/798/1 713/796/1
f 794/799/1 714/798/1 795/789/1
f 734/800/1 763/791/1 735/795/1
f 794/799/1 715/801/1 714/798/1
f 866/802/1 848/797/1 867/792/1
f 794/799/1 716/803/1 715/801/1
f 733/804/1 763/791/1 734/800/1
f 794/799/1 717/805/1 716/803/1
f 733/804/1 764/806/1 763/791/1
f 732/807/1 764/806/1 733/804/1
f 794/799/1 718/808/1 717/805/1
f 794/799/1 719/809/1 718/808/1
f 794/799/1 720/810/1 719/809/1
f 794/799/1 721/255/1 720/810/1
f 794/799/1 722/811/1 721/255/1
f 794/799/1 723/812/1 722/811/1
f 794/799/1 724/813/1 723/812/1
f 794/799/1 725/814/1 724/813/1
f 794/799/1 726/815/1 725/814/1
f 794/799/1 727/816/1 726/815/1
f 794/799/1 728/817/1 727/816/1
f 794/799/1 729/818/1 728/817/1
f 794/799/1 730/268/1 729/818/1
f 794/799/1 731/819/1 730/268/1
f 794/799/1 732/807/1 731/819/1
f 794/799/1 764/806/1 732/807/1
f 793/152/1 764/806/1 794/799/1
f 866/802/1 849/820/1 848/797/1
f 865/104/1 849/820/1 866/802/1
f 793/152/1 765/821/1 764/806/1
f 792/822/1 765/821/1 793/152/1
f 864/823/1 849/820/1 865/104/1
f 864/823/1 850/824/1 849/820/1
f 792/822/1 766/246/1 765/821/1
f 791/825/1 766/246/1 792/822/1
f 863/826/1 850/824/1 864/823/1
f 862/827/1 850/824/1 863/826/1
f 861/828/1 850/824/1 862/827/1
f 790/829/1 766/246/1 791/825/1
f 790/829/1 767/830/1 766/246/1
f 860/831/1 850/824/1 861/828/1
f 859/832/1 850/824/1 860/831/1
f 789/833/1 767/830/1 790/829/1
f 859/832/1 851/834/1 850/824/1
f 789/833/1 768/835/1 767/830/1
f 858/836/1 851/834/1 859/832/1
f 788/837/1 768/835/1 789/833/1
f 857/838/1 851/834/1 858/836/1
f 788/837/1 769/839/1 768/835/1
f 787/840/1 769/839/1 788/837/1
f 856/166/1 851/834/1 857/838/1
f 786/841/1 769/839/1 787/840/1
f 786/841/1 770/842/1 769/839/1
f 785/843/1 770/842/1 786/841/1
f 855/844/1 851/834/1 856/166/1
f 785/843/1 771/845/1 770/842/1
f 855/844/1 854/846/1 851/834/1
f 854/846/1 853/847/1 851/834/1
f 853/847/1 852/848/1 851/834/1
f 784/153/1 771/845/1 785/843/1
f 783/849/1 771/845/1 784/153/1
f 782/850/1 771/845/1 783/849/1
f 781/851/1 771/845/1 782/850/1
f 780/852/1 771/845/1 781/851/1
f 779/853/1 771/845/1 780/852/1
f 778/854/2 771/845/2 779/853/2
f 777/855/1 771/845/1 778/854/1
f 776/856/1 771/845/1 777/855/1
f 775/200/1 771/845/1 776/856/1
f 774/857/2 771/845/2 775/200/2
f 773/858/1 771/845/1 774/857/1
f 772/859/1 771/845/1 773/858/1
f 1161/1/2 1162/3/2 1146/2/2
f 1146/2/2 1162/3/2 1163/4/2
f 1146/2/2 1163/4/2 1149/5/2
f 1149/5/2 1163/4/2 1158/6/2
f 1105/7/2 1106/9/2 1154/8/2
f 1154/8/2 1106/9/2 1107/10/2
f 1154/8/2 1107/10/2 1108/11/2
f 1154/8/2 1108/11/2 1157/12/2
f 1157/12/2 1108/11/2 961/13/2
f 1161/1/2 1146/2/2 1147/14/2
f 1148/15/2 1149/5/2 1158/6/2
f 1105/7/2 1154/8/2 1155/16/2
f 1156/17/2 1157/12/2 961/13/2
f 1161/1/2 1147/14/2 1145/18/2
f 1145/18/2 1147/14/2 1148/15/2
f 1145/18/2 1148/15/2 1144/19/2
f 1144/19/2 1148/15/2 1158/6/2
f 1105/7/2 1155/16/2 1153/20/2
f 1153/20/2 1155/16/2 1156/17/2
f 1153/20/2 1156/17/2 1152/21/2
f 1152/21/2 1156/17/2 961/13/2
f 1161/1/2 1145/18/2 1142/22/2
f 1143/23/2 1144/19/2 1158/6/2
f 1105/7/2 1153/20/2 1150/24/2
f 1151/25/2 1152/21/2 961/13/2
f 1161/1/2 1142/22/2 1159/26/2
f 1159/26/2 1142/22/2 1143/23/2
f 1159/26/2 1143/23/2 1158/6/2
f 1105/7/2 1150/24/2 1151/25/2
f 1105/7/2 1151/25/2 1104/27/2
f 1104/27/2 1151/25/2 961/13/2
f 1161/1/2 1159/26/2 1160/28/2
f 1103/29/2 1104/27/2 961/13/2
f 1069/30/2 1070/32/2 1071/31/2
f 1069/30/2 1071/31/2 1072/33/2
f 894/34/2 895/36/2 896/35/2
f 894/34/2 896/35/2 893/37/2
f 1067/38/2 1068/39/2 1069/30/2
f 1067/38/2 1069/30/2 1072/33/2
f 1067/38/2 1072/33/2 1073/40/2
f 1067/38/2 1073/40/2 1074/41/2
f 902/42/2 903/44/2 899/43/2
f 899/43/2 903/44/2 904/45/2
f 899/43/2 904/45/2 898/46/2
f 898/46/2 904/45/2 901/47/2
f 1066/48/1 1067/38/1 1074/41/1
f 1065/49/2 1066/48/2 1075/50/2
f 1075/50/1 1066/48/1 1074/41/1
f 1065/49/2 1075/50/2 1076/51/2
f 902/42/2 899/43/2 900/52/2
f 897/53/2 898/46/2 901/47/2
f 959/54/2 960/56/2 933/55/2
f 959/54/2 933/55/2 934/57/2
f 958/58/2 959/54/2 934/57/2
f 958/58/2 934/57/2 935/59/2
f 957/60/2 958/58/2 935/59/2
f 957/60/2 935/59/2 936/61/2
f 956/62/2 957/60/2 936/61/2
f 956/62/2 936/61/2 937/63/2
f 955/64/2 956/62/2 937/63/2
f 902/42/2 900/52/2 897/53/2
f 902/42/2 897/53/2 901/47/2
f 955/64/2 937/63/2 938/65/2
f 954/66/2 955/64/2 938/65/2
f 954/66/2 938/65/2 939/67/2
f 953/68/2 954/66/2 939/67/2
f 953/68/2 939/67/2 940/69/2
f 952/70/2 953/68/2 940/69/2
f 952/70/2 940/69/2 941/71/2
f 951/72/2 952/70/2 941/71/2
f 951/72/2 941/71/2 942/73/2
f 1139/74/2 1140/76/2 1141/75/2
f 950/77/2 951/72/2 942/73/2
f 931/78/2 932/80/2 905/79/2
f 1138/81/2 1139/74/2 1141/75/2
f 950/77/2 942/73/2 943/82/2
f 1138/81/2 1141/75/2 1109/83/2
f 931/78/2 905/79/2 906/84/2
f 1137/85/2 1138/81/2 1109/83/2
f 949/86/2 950/77/2 943/82/2
f 930/87/2 931/78/2 906/84/2
f 930/87/2 906/84/2 907/88/2
f 949/86/2 943/82/2 944/89/2
f 929/90/2 930/87/2 907/88/2
f 1136/91/2 1137/85/2 1109/83/2
f 948/92/2 949/86/2 944/89/2
f 929/90/2 907/88/2 908/93/2
f 928/94/2 929/90/2 908/93/2
f 948/92/2 944/89/2 945/95/2
f 1135/96/2 1136/91/2 1109/83/2
f 928/94/2 908/93/2 909/97/2
f 947/98/2 948/92/2 945/95/2
f 927/99/2 928/94/2 909/97/2
f 1134/100/2 1135/96/2 1109/83/2
f 947/98/2 945/95/2 946/101/2
f 927/99/2 909/97/2 910/102/2
f 926/103/2 927/99/2 910/102/2
f 1133/104/2 1134/100/2 1109/83/2
f 926/103/2 910/102/2 911/105/2
f 925/106/2 926/103/2 911/105/2
f 925/106/2 911/105/2 912/107/2
f 1132/108/2 1133/104/2 1109/83/2
f 924/109/2 925/106/2 912/107/2
f 924/109/2 912/107/2 913/110/2
f 1131/111/2 1132/108/2 1109/83/2
f 923/112/2 924/109/2 913/110/2
f 923/112/2 913/110/2 914/113/2
f 1130/114/2 1131/111/2 1109/83/2
f 922/115/2 923/112/2 914/113/2
f 922/115/2 914/113/2 915/116/2
f 1129/117/2 1130/114/2 1109/83/2
f 921/118/2 922/115/2 915/116/2
f 921/118/2 915/116/2 916/119/2
f 1109/83/2 1110/121/2 1111/120/2
f 1128/122/2 1129/117/2 1109/83/2
f 920/123/2 921/118/2 916/119/2
f 920/123/2 916/119/2 917/124/2
f 919/125/2 920/123/2 917/124/2
f 1127/126/2 1128/122/2 1109/83/2
f 919/125/2 917/124/2 918/127/2
f 1127/126/2 1109/83/2 1111/120/2
f 1126/128/2 1127/126/2 1111/120/2
f 1125/129/2 1126/128/2 1111/120/2
f 1064/130/2 1065/49/2 1076/51/2
f 1064/130/2 1076/51/2 1077/131/2
f 1063/132/2 1064/130/2 1077/131/2
f 1063/132/2 1077/131/2 1078/133/2
f 1062/134/2 1063/132/2 1078/133/2
f 1061/135/2 1062/134/2 1078/133/2
f 1061/135/2 1078/133/2 1079/136/2
f 1060/137/2 1061/135/2 1079/136/2
f 1060/137/2 1079/136/2 1080/138/2
f 1059/139/2 1060/137/2 1080/138/2
f 1058/140/2 1059/139/2 1080/138/2
f 1057/141/2 1058/140/2 1080/138/2
f 1057/141/2 1080/138/2 1081/142/2
f 1056/143/2 1057/141/2 1081/142/2
f 1055/144/2 1056/143/2 1081/142/2
f 1038/145/2 1039/147/2 1040/146/2
f 1102/148/2 1103/29/2 961/13/2
f 1054/149/2 1055/144/2 1081/142/2
f 1038/145/2 1040/146/2 1041/150/2
f 1038/145/2 1041/150/2 1042/151/2
f 1053/152/2 1054/149/2 1081/142/2
f 1038/145/2 1042/151/2 1043/153/2
f 1038/145/2 1043/153/2 1044/154/2
f 1052/155/2 1053/152/2 1081/142/2
f 1038/145/2 1044/154/2 1045/156/2
f 1038/145/2 1045/156/2 1046/157/2
f 1038/145/2 1046/157/2 1047/158/2
f 1038/145/2 1047/158/2 1048/159/2
f 1038/145/2 1048/159/2 1049/160/2
f 1038/145/2 1049/160/2 1050/161/2
f 1038/145/2 1050/161/2 1051/162/2
f 1038/145/2 1051/162/2 1052/155/2
f 1038/145/2 1052/155/2 1081/142/2
f 1102/148/2 961/13/2 962/163/2
f 1038/145/2 1081/142/2 1082/164/2
f 1124/165/2 1125/129/2 1123/166/2
f 1123/166/2 1125/129/2 1122/167/2
f 1122/167/2 1125/129/2 1111/120/2
f 1101/168/2 1102/148/2 962/163/2
f 1038/145/2 1082/164/2 1083/169/2
f 1037/170/2 1038/145/2 1083/169/2
f 1100/171/2 1101/168/2 962/163/2
f 1037/170/2 1083/169/2 1084/172/2
f 1036/173/2 1037/170/2 1084/172/2
f 1036/173/2 1084/172/2 1085/174/2
f 1099/175/2 1100/171/2 962/163/2
f 1099/175/2 962/163/2 963/176/2
f 1036/173/2 1085/174/2 1086/177/2
f 1098/178/2 1099/175/2 963/176/2
f 1035/179/2 1036/173/2 1086/177/2
f 1097/180/2 1098/178/2 963/176/2
f 1035/179/2 1086/177/2 1087/181/2
f 1096/182/2 1097/180/2 963/176/2
f 1122/167/2 1111/120/2 1112/183/2
f 1035/179/2 1087/181/2 1088/184/2
f 1095/185/2 1096/182/2 963/176/2
f 1094/186/2 1095/185/2 963/176/2
f 1035/179/2 1088/184/2 1089/187/2
f 1034/188/2 1035/179/2 1089/187/2
f 1093/189/2 1094/186/2 963/176/2
f 1122/167/2 1112/183/2 1113/190/2
f 1092/191/2 1093/189/2 963/176/2
f 1034/188/2 1089/187/2 1090/192/2
f 1091/193/2 1092/191/2 963/176/2
f 1091/193/2 963/176/2 964/194/2
f 1090/192/2 1091/193/2 964/194/2
f 1034/188/2 1090/192/2 1000/195/2
f 1000/195/2 1090/192/2 964/194/2
f 1034/188/2 1000/195/2 1001/196/2
f 999/197/2 1000/195/2 964/194/2
f 1122/167/2 1113/190/2 1121/198/2
f 1121/198/2 1113/190/2 1114/199/2
f 1033/200/2 1034/188/2 1001/196/2
f 1033/200/2 1001/196/2 1002/201/2
f 1121/198/2 1114/199/2 1115/202/2
f 998/203/2 999/197/2 964/194/2
f 1033/200/2 1002/201/2 1003/204/2
f 1032/205/2 1033/200/2 1003/204/2
f 998/203/2 964/194/2 965/206/2
f 1032/205/2 1003/204/2 1004/207/2
f 1121/198/2 1115/202/2 1120/208/2
f 1120/208/2 1115/202/2 1116/209/2
f 997/210/2 998/203/2 965/206/2
f 1032/205/2 1004/207/2 1005/211/2
f 1031/212/2 1032/205/2 1005/211/2
f 1120/208/2 1116/209/2 1117/213/2
f 1031/212/2 1005/211/2 1006/214/2
f 997/210/2 965/206/2 966/215/2
f 1031/212/2 1006/214/2 1007/216/2
f 1120/208/2 1117/213/2 1119/217/2
f 1119/217/2 1117/213/2 1118/218/2
f 996/219/2 997/210/2 966/215/2
f 1030/220/2 1031/212/2 1007/216/2
f 1030/220/2 1007/216/2 1008/221/2
f 1030/220/2 1008/221/2 1009/222/2
f 1029/223/2 1030/220/2 1009/222/2
f 1029/223/2 1009/222/2 1010/224/2
f 996/219/2 966/215/2 967/225/2
f 995/226/2 996/219/2 967/225/2
f 1029/223/2 1010/224/2 1011/227/2
f 1029/223/2 1011/227/2 1012/228/2
f 1028/229/2 1029/223/2 1012/228/2
f 1028/229/2 1012/228/2 1013/230/2
f 1028/229/2 1013/230/2 1014/231/2
f 994/232/2 995/226/2 967/225/2
f 994/232/2 967/225/2 968/233/2
f 1028/229/2 1014/231/2 1015/234/2
f 1027/235/2 1028/229/2 1015/234/2
f 1027/235/2 1015/234/2 1016/236/2
f 1027/235/2 1016/236/2 1017/237/2
f 993/238/2 994/232/2 968/233/2
f 993/238/2 968/233/2 969/239/2
f 1027/235/2 1017/237/2 1018/240/2
f 1026/241/2 1027/235/2 1018/240/2
f 1026/241/2 1018/240/2 1019/242/2
f 1026/241/2 1019/242/2 1020/243/2
f 1026/241/2 1020/243/2 1021/244/2
f 1026/241/2 1021/244/2 1022/245/2
f 1026/241/2 1022/245/2 1023/246/2
f 1026/241/2 1023/246/2 1024/247/2
f 1026/241/2 1024/247/2 1025/248/2
f 993/238/2 969/239/2 970/249/2
f 992/250/2 993/238/2 970/249/2
f 992/250/2 970/249/2 971/251/2
f 991/252/2 992/250/2 971/251/2
f 991/252/2 971/251/2 972/253/2
f 990/254/2 991/252/2 972/253/2
f 990/254/2 972/253/2 973/255/2
f 990/254/2 973/255/2 974/256/2
f 989/257/2 990/254/2 974/256/2
f 989/257/2 974/256/2 975/258/2
f 989/257/2 975/258/2 976/259/2
f 988/260/2 989/257/2 976/259/2
f 988/260/2 976/259/2 977/261/2
f 988/260/2 977/261/2 978/262/2
f 988/260/2 978/262/2 979/263/2
f 987/264/2 988/260/2 979/263/2
f 987/264/2 979/263/2 980/265/2
f 987/264/2 980/265/2 981/266/2
f 987/264/2 981/266/2 982/267/2
f 987/264/2 982/267/2 983/268/2
f 987/264/2 983/268/2 984/269/2
f 987/264/2 984/269/2 985/270/2
f 987/264/2 985/270/2 986/271/2
f 1368/272/2 1369/273/2 1370/4/2
f 1368/272/2 1370/4/2 1265/274/2
f 1190/275/2 1191/276/2 1164/37/2
f 1190/275/2 1164/37/2 1165/277/2
f 1190/275/2 1165/277/2 1166/278/2
f 1190/275/2 1166/278/2 1167/279/2
f 1190/275/2 1167/279/2 1168/280/2
f 1190/275/2 1168/280/2 1169/281/2
f 1190/275/2 1169/281/2 1170/282/2
f 1189/283/2 1190/275/2 1170/282/2
f 1189/283/2 1170/282/2 1171/284/2
f 1188/285/2 1189/283/2 1171/284/2
f 1188/285/2 1171/284/2 1172/286/2
f 1187/287/2 1188/285/2 1172/286/2
f 1187/287/2 1172/286/2 1173/288/2
f 1186/289/2 1187/287/2 1173/288/2
f 1186/289/2 1173/288/2 1174/290/2
f 1185/291/2 1186/289/2 1174/290/2
f 1185/291/2 1174/290/2 1175/292/2
f 1184/293/2 1185/291/2 1175/292/2
f 1184/293/2 1175/292/2 1176/294/2
f 1183/295/2 1184/293/2 1176/294/2
f 1183/295/2 1176/294/2 1182/296/2
f 1182/296/2 1176/294/2 1181/297/2
f 1181/297/2 1176/294/2 1180/298/2
f 1180/298/2 1176/294/2 1179/299/2
f 1179/299/2 1176/294/2 1178/300/2
f 1178/300/2 1176/294/2 1177/301/2
f 1366/302/2 1367/303/2 1368/272/2
f 1366/302/2 1368/272/2 1265/274/2
f 1366/302/2 1265/274/2 1266/304/2
f 1366/302/2 1266/304/2 1365/305/2
f 1365/305/2 1266/304/2 1264/306/2
f 1264/306/2 1266/304/2 1267/229/2
f 1364/307/2 1365/305/2 1248/308/2
f 1248/308/1 1365/305/1 1264/306/1
f 1364/307/2 1248/308/2 1249/309/2
f 1263/310/2 1264/306/2 1267/229/2
f 1218/311/2 1219/313/2 1192/312/2
f 1218/311/2 1192/312/2 1193/314/2
f 1218/311/2 1193/314/2 1194/315/2
f 1218/311/2 1194/315/2 1195/316/2
f 1218/311/2 1195/316/2 1196/317/2
f 1218/311/2 1196/317/2 1197/318/2
f 1218/311/2 1197/318/2 1198/319/2
f 1218/311/2 1198/319/2 1199/320/2
f 1217/321/2 1218/311/2 1199/320/2
f 1217/321/2 1199/320/2 1200/322/2
f 1216/323/2 1217/321/2 1200/322/2
f 1363/324/2 1364/307/2 1249/309/2
f 1363/324/2 1249/309/2 1250/325/2
f 1216/323/2 1200/322/2 1201/326/2
f 1215/327/2 1216/323/2 1201/326/2
f 1362/328/2 1363/324/2 1250/325/2
f 1362/328/2 1250/325/2 1251/329/2
f 1215/327/2 1201/326/2 1202/330/2
f 1214/331/2 1215/327/2 1202/330/2
f 1361/332/2 1362/328/2 1251/329/2
f 1361/332/2 1251/329/2 1252/333/2
f 1214/331/2 1202/330/2 1203/334/2
f 1213/335/2 1214/331/2 1203/334/2
f 1360/336/2 1361/332/2 1252/333/2
f 1360/336/2 1252/333/2 1253/337/2
f 1213/335/2 1203/334/2 1204/338/2
f 1212/339/2 1213/335/2 1204/338/2
f 1359/340/2 1360/336/2 1253/337/2
f 1212/339/2 1204/338/2 1211/341/2
f 1211/341/2 1204/338/2 1210/342/2
f 1210/342/2 1204/338/2 1209/343/2
f 1209/343/2 1204/338/2 1208/344/2
f 1208/344/2 1204/338/2 1207/345/2
f 1207/345/2 1204/338/2 1206/346/2
f 1206/346/2 1204/338/2 1205/347/2
f 1359/340/2 1253/337/2 1254/348/2
f 1358/349/2 1359/340/2 1254/348/2
f 1358/349/2 1254/348/2 1255/350/2
f 1357/351/2 1358/349/2 1255/350/2
f 1357/351/2 1255/350/2 1256/352/2
f 1356/353/2 1357/351/2 1256/352/2
f 1356/353/2 1256/352/2 1257/354/2
f 1355/355/2 1356/353/2 1257/354/2
f 1355/355/2 1257/354/2 1258/356/2
f 1354/357/2 1355/355/2 1258/356/2
f 1354/357/2 1258/356/2 1259/358/2
f 1353/359/2 1354/357/2 1259/358/2
f 1353/359/2 1259/358/2 1260/360/2
f 1352/361/2 1353/359/2 1260/360/2
f 1352/361/2 1260/360/2 1261/362/2
f 1351/363/2 1352/361/2 1261/362/2
f 1351/363/2 1261/362/2 1262/364/2
f 1349/365/2 1350/366/2 1351/363/2
f 1349/365/2 1351/363/2 1262/364/2
f 1349/365/2 1262/364/2 1263/310/2
f 1349/365/2 1263/310/2 1267/229/2
f 1349/365/2 1267/229/2 1268/367/2
f 1349/365/2 1268/367/2 1269/368/2
f 1348/369/1 1349/365/1 1269/368/1
f 1347/370/2 1348/369/2 1270/371/2
f 1270/371/1 1348/369/1 1269/368/1
f 1347/370/2 1270/371/2 1309/372/2
f 1309/372/2 1270/371/2 1271/373/2
f 1246/374/2 1247/376/2 1220/375/2
f 1347/370/2 1309/372/2 1310/377/2
f 1308/378/2 1309/372/2 1271/373/2
f 1346/379/2 1347/370/2 1310/377/2
f 1245/380/2 1246/374/2 1220/375/2
f 1308/378/2 1271/373/2 1272/381/2
f 1245/380/2 1220/375/2 1221/382/2
f 1244/383/2 1245/380/2 1221/382/2
f 1345/384/2 1346/379/2 1310/377/2
f 1345/384/2 1310/377/2 1311/385/2
f 1307/386/2 1308/378/2 1272/381/2
f 1307/386/2 1272/381/2 1273/387/2
f 1244/383/2 1221/382/2 1222/388/2
f 1243/389/2 1244/383/2 1222/388/2
f 1344/390/2 1345/384/2 1311/385/2
f 1344/390/2 1311/385/2 1312/391/2
f 1307/386/2 1273/387/2 1274/392/2
f 1243/389/2 1222/388/2 1223/393/2
f 1306/394/2 1307/386/2 1274/392/2
f 1242/395/2 1243/389/2 1223/393/2
f 1343/396/2 1344/390/2 1312/391/2
f 1343/396/2 1312/391/2 1313/397/2
f 1242/395/2 1223/393/2 1224/398/2
f 1306/394/2 1274/392/2 1275/399/2
f 1241/400/2 1242/395/2 1224/398/2
f 1305/401/2 1306/394/2 1275/399/2
f 1342/402/2 1343/396/2 1313/397/2
f 1241/400/2 1224/398/2 1225/403/2
f 1342/402/2 1313/397/2 1314/404/2
f 1305/401/2 1275/399/2 1276/405/2
f 1240/406/2 1241/400/2 1225/403/2
f 1341/407/2 1342/402/2 1314/404/2
f 1304/408/2 1305/401/2 1276/405/2
f 1240/406/2 1225/403/2 1226/409/2
f 1341/407/2 1314/404/2 1315/410/2
f 1304/408/2 1276/405/2 1277/411/2
f 1239/412/2 1240/406/2 1226/409/2
f 1340/413/2 1341/407/2 1315/410/2
f 1239/412/2 1226/409/2 1227/414/2
f 1303/415/2 1304/408/2 1277/411/2
f 1340/413/2 1315/410/2 1316/416/2
f 1303/415/2 1277/411/2 1278/417/2
f 1238/418/2 1239/412/2 1227/414/2
f 1339/419/2 1340/413/2 1316/416/2
f 1238/418/2 1227/414/2 1228/420/2
f 1302/421/2 1303/415/2 1278/417/2
f 1302/421/2 1278/417/2 1279/422/2
f 1339/419/2 1316/416/2 1317/423/2
f 1237/424/2 1238/418/2 1228/420/2
f 1338/425/2 1339/419/2 1317/423/2
f 1237/424/2 1228/420/2 1229/426/2
f 1302/421/2 1279/422/2 1280/427/2
f 1301/428/2 1302/421/2 1280/427/2
f 1236/429/2 1237/424/2 1229/426/2
f 1338/425/2 1317/423/2 1318/430/2
f 1337/431/2 1338/425/2 1318/430/2
f 1301/428/2 1280/427/2 1281/432/2
f 1236/429/2 1229/426/2 1230/433/2
f 1235/434/2 1236/429/2 1230/433/2
f 1300/435/2 1301/428/2 1281/432/2
f 1336/436/2 1337/431/2 1318/430/2
f 1336/436/2 1318/430/2 1319/437/2
f 1300/435/2 1281/432/2 1282/438/2
f 1235/434/2 1230/433/2 1231/439/2
f 1234/440/2 1235/434/2 1231/439/2
f 1300/435/2 1282/438/2 1283/441/2
f 1299/442/2 1300/435/2 1283/441/2
f 1335/443/2 1336/436/2 1319/437/2
f 1335/443/2 1319/437/2 1320/444/2
f 1233/445/2 1234/440/2 1231/439/2
f 1299/442/2 1283/441/2 1284/446/2
f 1233/445/2 1231/439/2 1232/447/2
f 1299/442/2 1284/446/2 1285/448/2
f 1299/442/2 1285/448/2 1286/449/2
f 1298/450/2 1299/442/2 1286/449/2
f 1334/451/2 1335/443/2 1320/444/2
f 1298/450/2 1286/449/2 1287/452/2
f 1333/453/2 1334/451/2 1320/444/2
f 1332/454/2 1333/453/2 1320/444/2
f 1298/450/2 1287/452/2 1288/455/2
f 1332/454/2 1320/444/2 1321/456/2
f 1331/457/2 1332/454/2 1321/456/2
f 1298/450/2 1288/455/2 1289/458/2
f 1330/459/2 1331/457/2 1321/456/2
f 1298/450/2 1289/458/2 1290/460/2
f 1329/461/2 1330/459/2 1321/456/2
f 1297/462/2 1298/450/2 1290/460/2
f 1297/462/2 1290/460/2 1291/463/2
f 1328/464/2 1329/461/2 1321/456/2
f 1327/465/2 1328/464/2 1321/456/2
f 1297/462/2 1291/463/2 1292/466/2
f 1327/465/2 1321/456/2 1326/467/2
f 1326/467/2 1321/456/2 1325/468/2
f 1325/468/2 1321/456/2 1324/469/2
f 1324/469/2 1321/456/2 1323/470/2
f 1323/470/2 1321/456/2 1322/471/2
f 1297/462/2 1292/466/2 1293/472/2
f 1296/473/2 1297/462/2 1295/474/2
f 1295/474/2 1297/462/2 1294/475/2
f 1294/475/2 1297/462/2 1293/472/2
f 1460/476/2 1461/478/2 1462/477/2
f 1460/476/2 1462/477/2 1463/479/2
f 1459/480/2 1460/476/2 1463/479/2
f 1459/480/2 1463/479/2 1464/481/2
f 1458/482/2 1459/480/2 1464/481/2
f 1458/482/2 1464/481/2 1465/483/2
f 1457/484/2 1458/482/2 1465/483/2
f 1457/484/2 1465/483/2 1466/485/2
f 1456/486/2 1457/484/2 1466/485/2
f 1456/486/2 1466/485/2 1527/487/2
f 1527/487/2 1466/485/2 1467/488/2
f 1456/486/2 1527/487/2 1409/489/2
f 1409/489/2 1527/487/2 1528/490/2
f 1526/491/2 1527/487/2 1467/488/2
f 1455/492/2 1456/486/2 1409/489/2
f 1455/492/2 1409/489/2 1410/493/2
f 1408/494/2 1409/489/2 1528/490/2
f 1525/495/2 1526/491/2 1467/488/2
f 1455/492/2 1410/493/2 1411/496/2
f 1524/497/2 1525/495/2 1467/488/2
f 1524/497/2 1467/488/2 1468/498/2
f 1408/494/2 1528/490/2 1529/499/2
f 1455/492/2 1411/496/2 1412/500/2
f 1407/501/2 1408/494/2 1529/499/2
f 1523/502/2 1524/497/2 1468/498/2
f 1454/503/2 1455/492/2 1412/500/2
f 1454/503/2 1412/500/2 1413/504/2
f 1522/505/2 1523/502/2 1468/498/2
f 1407/501/2 1529/499/2 1530/506/2
f 1406/507/2 1407/501/2 1530/506/2
f 1522/505/2 1468/498/2 1469/508/2
f 1454/503/2 1413/504/2 1414/509/2
f 1521/510/2 1522/505/2 1469/508/2
f 1453/511/2 1454/503/2 1414/509/2
f 1405/512/2 1406/507/2 1530/506/2
f 1405/512/2 1530/506/2 1531/513/2
f 1453/511/2 1414/509/2 1415/514/2
f 1520/515/2 1521/510/2 1469/508/2
f 1520/515/2 1469/508/2 1470/516/2
f 1404/517/2 1405/512/2 1531/513/2
f 1404/517/2 1531/513/2 1532/518/2
f 1452/519/2 1453/511/2 1415/514/2
f 1519/520/2 1520/515/2 1470/516/2
f 1452/519/2 1415/514/2 1416/521/2
f 1403/522/2 1404/517/2 1532/518/2
f 1403/522/2 1532/518/2 1533/523/2
f 1519/520/2 1470/516/2 1471/524/2
f 1402/525/2 1403/522/2 1533/523/2
f 1518/526/2 1519/520/2 1471/524/2
f 1402/525/2 1533/523/2 1534/527/2
f 1452/519/2 1416/521/2 1417/528/2
f 1451/529/2 1452/519/2 1417/528/2
f 1401/530/2 1402/525/2 1534/527/2
f 1401/530/2 1534/527/2 1535/531/2
f 1518/526/2 1471/524/2 1472/532/2
f 1517/533/2 1518/526/2 1472/532/2
f 1451/529/2 1417/528/2 1418/534/2
f 1400/535/2 1401/530/2 1535/531/2
f 1400/535/2 1535/531/2 1536/536/2
f 1450/537/2 1451/529/2 1418/534/2
f 1516/538/2 1517/533/2 1472/532/2
f 1399/539/2 1400/535/2 1536/536/2
f 1450/537/2 1418/534/2 1419/540/2
f 1399/539/2 1536/536/2 1537/541/2
f 1516/538/2 1472/532/2 1473/542/2
f 1398/543/2 1399/539/2 1537/541/2
f 1398/543/2 1537/541/2 1538/544/2
f 1515/545/2 1516/538/2 1473/542/2
f 1450/537/2 1419/540/2 1420/546/2
f 1397/547/2 1398/543/2 1538/544/2
f 1449/548/2 1450/537/2 1420/546/2
f 1397/547/2 1538/544/2 1539/549/2
f 1515/545/2 1473/542/2 1474/550/2
f 1396/551/2 1397/547/2 1539/549/2
f 1514/552/2 1515/545/2 1474/550/2
f 1449/548/2 1420/546/2 1421/553/2
f 1396/551/2 1539/549/2 1540/4/2
f 1395/554/2 1396/551/2 1540/4/2
f 1448/555/2 1449/548/2 1421/553/2
f 1395/554/2 1540/4/2 1423/556/2
f 1513/557/2 1514/552/2 1474/550/2
f 1513/557/2 1474/550/2 1475/558/2
f 1448/555/2 1421/553/2 1422/559/2
f 1394/560/2 1395/554/2 1423/556/2
f 1448/555/2 1422/559/2 1371/37/2
f 1512/561/2 1513/557/2 1475/558/2
f 1447/562/2 1448/555/2 1371/37/2
f 1394/560/2 1423/556/2 1424/563/2
f 1512/561/2 1475/558/2 1476/564/2
f 1393/565/2 1394/560/2 1424/563/2
f 1447/562/2 1371/37/2 1372/566/2
f 1511/567/2 1512/561/2 1476/564/2
f 1446/568/2 1447/562/2 1372/566/2
f 1392/569/2 1393/565/2 1424/563/2
f 1392/569/2 1424/563/2 1425/570/2
f 1446/568/2 1372/566/2 1373/571/2
f 1511/567/2 1476/564/2 1477/572/2
f 1510/573/2 1511/567/2 1477/572/2
f 1391/574/2 1392/569/2 1425/570/2
f 1446/568/2 1373/571/2 1374/575/2
f 1445/576/2 1446/568/2 1374/575/2
f 1391/574/2 1425/570/2 1426/577/2
f 1445/576/2 1374/575/2 1375/578/2
f 1390/579/2 1391/574/2 1426/577/2
f 1510/573/2 1477/572/2 1478/580/2
f 1509/581/2 1510/573/2 1478/580/2
f 1444/582/2 1445/576/2 1375/578/2
f 1444/582/2 1375/578/2 1376/583/2
f 1389/584/2 1390/579/2 1426/577/2
f 1389/584/2 1426/577/2 1427/585/2
f 1508/586/2 1509/581/2 1478/580/2
f 1444/582/2 1376/583/2 1377/587/2
f 1388/588/2 1389/584/2 1427/585/2
f 1443/589/2 1444/582/2 1377/587/2
f 1508/586/2 1478/580/2 1479/590/2
f 1443/589/2 1377/587/2 1378/591/2
f 1387/592/2 1388/588/2 1427/585/2
f 1387/592/2 1427/585/2 1428/593/2
f 1507/594/2 1508/586/2 1479/590/2
f 1443/589/2 1378/591/2 1379/595/2
f 1386/596/2 1387/592/2 1428/593/2
f 1443/589/2 1379/595/2 1380/597/2
f 1442/598/2 1443/589/2 1380/597/2
f 1385/599/2 1386/596/2 1428/593/2
f 1442/598/2 1380/597/2 1381/600/2
f 1507/594/2 1479/590/2 1480/601/2
f 1384/602/2 1385/599/2 1428/593/2
f 1442/598/2 1381/600/2 1382/603/2
f 1506/604/2 1507/594/2 1480/601/2
f 1383/605/2 1384/602/2 1428/593/2
f 1442/598/2 1382/603/2 1383/605/2
f 1442/598/2 1383/605/2 1428/593/2
f 1442/598/2 1428/593/2 1429/606/2
f 1441/607/2 1442/598/2 1429/606/2
f 1505/608/2 1506/604/2 1480/601/2
f 1441/607/2 1429/606/2 1430/609/2
f 1505/608/2 1480/601/2 1481/610/2
f 1440/611/2 1441/607/2 1430/609/2
f 1504/612/2 1505/608/2 1481/610/2
f 1440/611/2 1430/609/2 1431/613/2
f 1439/614/2 1440/611/2 1431/613/2
f 1503/615/2 1504/612/2 1481/610/2
f 1503/615/2 1481/610/2 1482/616/2
f 1502/617/2 1503/615/2 1482/616/2
f 1439/614/2 1431/613/2 1432/618/2
f 1438/619/2 1439/614/2 1432/618/2
f 1501/620/2 1502/617/2 1482/616/2
f 1438/619/2 1432/618/2 1433/621/2
f 1437/622/2 1438/619/2 1433/621/2
f 1500/623/2 1501/620/2 1482/616/2
f 1499/624/2 1500/623/2 1482/616/2
f 1498/625/2 1499/624/2 1482/616/2
f 1497/626/2 1498/625/2 1482/616/2
f 1496/627/2 1497/626/2 1482/616/2
f 1437/622/2 1433/621/2 1434/628/2
f 1436/629/2 1437/622/2 1434/628/2
f 1496/627/2 1482/616/2 1483/630/2
f 1495/631/2 1496/627/2 1483/630/2
f 1494/632/2 1495/631/2 1483/630/2
f 1493/633/2 1494/632/2 1483/630/2
f 1492/634/2 1493/633/2 1483/630/2
f 1491/635/2 1492/634/2 1483/630/2
f 1436/629/2 1434/628/2 1435/636/2
f 1490/637/2 1491/635/2 1483/630/2
f 1489/638/2 1490/637/2 1483/630/2
f 1488/639/2 1489/638/2 1483/630/2
f 1487/640/2 1488/639/2 1483/630/2
f 1487/640/2 1483/630/2 1484/641/2
f 1487/640/2 1484/641/2 1485/642/2
f 1487/640/2 1485/642/2 1486/643/2
f 1581/644/2 1582/646/2 1583/645/2
f 1581/644/2 1583/645/2 1584/647/2
f 1581/644/2 1584/647/2 1585/648/2
f 1580/649/2 1581/644/2 1585/648/2
f 1580/649/2 1585/648/2 1586/82/2
f 1579/650/2 1580/649/2 1586/82/2
f 1579/650/2 1586/82/2 1587/651/2
f 1578/652/2 1579/650/2 1587/651/2
f 1578/652/2 1587/651/2 1588/653/2
f 1577/55/2 1578/652/2 1588/653/2
f 1577/55/2 1588/653/2 1589/654/2
f 1576/655/2 1577/55/2 1589/654/2
f 1576/655/2 1589/654/2 1590/656/2
f 1575/657/2 1576/655/2 1590/656/2
f 1575/657/2 1590/656/2 1591/658/2
f 1574/659/2 1575/657/2 1591/658/2
f 1574/659/2 1591/658/2 1592/660/2
f 1573/661/2 1574/659/2 1592/660/2
f 1573/661/2 1592/660/2 1593/662/2
f 1572/663/2 1573/661/2 1593/662/2
f 1572/663/2 1593/662/2 1594/664/2
f 1571/665/2 1572/663/2 1594/664/2
f 1571/665/2 1594/664/2 1595/68/2
f 1570/666/2 1571/665/2 1595/68/2
f 1570/666/2 1595/68/2 1596/667/2
f 1569/668/2 1570/666/2 1596/667/2
f 1567/669/2 1568/112/2 1569/668/2
f 1567/669/2 1569/668/2 1596/667/2
f 1567/669/2 1596/667/2 1597/670/2
f 1567/669/2 1597/670/2 1566/671/2
f 1566/671/2 1597/670/2 1691/672/2
f 1691/672/2 1597/670/2 1690/673/2
f 1690/673/2 1597/670/2 1598/674/2
f 1565/675/2 1566/671/2 1691/672/2
f 1565/675/2 1691/672/2 1692/676/2
f 1689/677/2 1690/673/2 1598/674/2
f 1564/678/2 1565/675/2 1692/676/2
f 1564/678/2 1692/676/2 1693/679/2
f 1563/680/2 1564/678/2 1693/679/2
f 1563/680/2 1693/679/2 1694/132/2
f 1562/681/2 1563/680/2 1694/132/2
f 1562/681/2 1694/132/2 1695/682/2
f 1561/683/2 1562/681/2 1695/682/2
f 1561/683/2 1695/682/2 1696/684/2
f 1560/685/2 1561/683/2 1696/684/2
f 1559/110/2 1560/685/2 1696/684/2
f 1559/110/2 1696/684/2 1697/686/2
f 1783/687/2 1784/4/2 1541/37/2
f 1558/688/2 1559/110/2 1697/686/2
f 1783/687/2 1541/37/2 1542/689/2
f 1558/688/2 1697/686/2 1698/690/2
f 1783/687/2 1542/689/2 1543/691/2
f 1557/692/2 1558/688/2 1698/690/2
f 1783/687/2 1543/691/2 1544/693/2
f 1783/687/2 1544/693/2 1545/694/2
f 1557/692/2 1698/690/2 1699/695/2
f 1783/687/2 1545/694/2 1546/696/2
f 1556/697/2 1557/692/2 1699/695/2
f 1783/687/2 1546/696/2 1547/698/2
f 1556/697/2 1699/695/2 1700/699/2
f 1783/687/2 1547/698/2 1548/700/2
f 1555/701/2 1556/697/2 1700/699/2
f 1782/702/2 1783/687/2 1548/700/2
f 1782/702/2 1548/700/2 1549/703/2
f 1781/704/2 1782/702/2 1549/703/2
f 1781/704/2 1549/703/2 1550/44/2
f 1554/705/2 1555/701/2 1700/699/2
f 1554/705/2 1700/699/2 1701/706/2
f 1780/707/2 1781/704/2 1550/44/2
f 1780/707/2 1550/44/2 1551/708/2
f 1779/709/2 1780/707/2 1551/708/2
f 1779/709/2 1551/708/2 1552/710/2
f 1553/711/2 1554/705/2 1701/706/2
f 1778/712/2 1779/709/2 1552/710/2
f 1553/711/2 1701/706/2 1702/713/2
f 1778/712/2 1552/710/2 1553/711/2
f 1777/714/2 1778/712/2 1553/711/2
f 1777/714/2 1553/711/2 1702/713/2
f 1776/715/2 1777/714/2 1702/713/2
f 1776/715/2 1702/713/2 1703/40/2
f 1775/20/2 1776/715/2 1703/40/2
f 1774/716/2 1775/20/2 1703/40/2
f 1774/716/2 1703/40/2 1704/717/2
f 1773/718/2 1774/716/2 1704/717/2
f 1772/719/2 1773/718/2 1704/717/2
f 1772/719/2 1704/717/2 1705/720/2
f 1771/721/2 1772/719/2 1705/720/2
f 1771/721/2 1705/720/2 1706/722/2
f 1770/723/2 1771/721/2 1706/722/2
f 1770/723/2 1706/722/2 1707/724/2
f 1769/725/2 1770/723/2 1707/724/2
f 1769/725/2 1707/724/2 1708/726/2
f 1769/725/2 1708/726/2 1709/727/2
f 1769/725/2 1709/727/2 1710/728/2
f 1768/729/2 1769/725/2 1710/728/2
f 1768/729/2 1710/728/2 1731/730/2
f 1731/730/2 1710/728/2 1711/731/2
f 1768/729/2 1731/730/2 1732/732/2
f 1730/29/2 1731/730/2 1711/731/2
f 1730/29/2 1711/731/2 1712/169/2
f 1767/733/2 1768/729/2 1732/732/2
f 1729/734/2 1730/29/2 1712/169/2
f 1729/734/2 1712/169/2 1713/735/2
f 1728/736/2 1729/734/2 1713/735/2
f 1728/736/2 1713/735/2 1714/737/2
f 1767/733/2 1732/732/2 1733/738/2
f 1727/739/2 1728/736/2 1714/737/2
f 1727/739/2 1714/737/2 1715/740/2
f 1766/23/2 1767/733/2 1733/738/2
f 1636/741/2 1637/743/2 1638/742/2
f 1726/744/2 1727/739/2 1715/740/2
f 1636/741/2 1638/742/2 1639/745/2
f 1726/744/2 1715/740/2 1716/746/2
f 1636/741/2 1639/745/2 1640/204/2
f 1636/741/2 1640/204/2 1641/747/2
f 1725/748/2 1726/744/2 1716/746/2
f 1636/741/2 1641/747/2 1642/749/2
f 1725/748/2 1716/746/2 1717/750/2
f 1636/741/2 1642/749/2 1643/751/2
f 1636/741/2 1643/751/2 1644/752/2
f 1766/23/2 1733/738/2 1734/753/2
f 1724/754/2 1725/748/2 1717/750/2
f 1636/741/2 1644/752/2 1645/755/2
f 1765/756/2 1766/23/2 1734/753/2
f 1724/754/2 1717/750/2 1723/757/2
f 1723/757/2 1717/750/2 1722/758/2
f 1722/758/2 1717/750/2 1721/189/2
f 1721/189/2 1717/750/2 1720/759/2
f 1720/759/2 1717/750/2 1719/760/2
f 1719/760/2 1717/750/2 1718/761/2
f 1636/741/2 1645/755/2 1646/762/2
f 1636/741/2 1646/762/2 1647/763/2
f 1636/741/2 1647/763/2 1648/764/2
f 1636/741/2 1648/764/2 1649/230/2
f 1635/765/2 1636/741/2 1649/230/2
f 1635/765/2 1649/230/2 1650/766/2
f 1635/765/2 1650/766/2 1651/767/2
f 1765/756/2 1734/753/2 1735/768/2
f 1764/769/2 1765/756/2 1735/768/2
f 1634/770/2 1635/765/2 1651/767/2
f 1634/770/2 1651/767/2 1652/771/2
f 1763/772/2 1764/769/2 1735/768/2
f 1763/772/2 1735/768/2 1736/773/2
f 1633/774/2 1634/770/2 1652/771/2
f 1762/775/2 1763/772/2 1736/773/2
f 1762/775/2 1736/773/2 1737/776/2
f 1633/774/2 1652/771/2 1653/777/2
f 1632/778/2 1633/774/2 1653/777/2
f 1761/779/2 1762/775/2 1737/776/2
f 1761/779/2 1737/776/2 1738/780/2
f 1631/238/2 1632/778/2 1653/777/2
f 1631/238/2 1653/777/2 1654/781/2
f 1688/782/2 1689/677/2 1598/674/2
f 1688/782/2 1598/674/2 1599/783/2
f 1760/784/2 1761/779/2 1738/780/2
f 1630/785/2 1631/238/2 1654/781/2
f 1688/782/2 1599/783/2 1600/786/2
f 1760/784/2 1738/780/2 1739/190/2
f 1688/782/2 1600/786/2 1601/787/2
f 1629/788/2 1630/785/2 1654/781/2
f 1687/789/2 1688/782/2 1601/787/2
f 1687/789/2 1601/787/2 1602/790/2
f 1629/788/2 1654/781/2 1655/791/2
f 1759/792/2 1760/784/2 1739/190/2
f 1628/793/2 1629/788/2 1655/791/2
f 1687/789/2 1602/790/2 1603/794/2
f 1687/789/2 1603/794/2 1604/176/2
f 1627/795/2 1628/793/2 1655/791/2
f 1687/789/2 1604/176/2 1605/796/2
f 1759/792/2 1739/190/2 1740/797/2
f 1687/789/2 1605/796/2 1606/798/2
f 1686/799/2 1687/789/2 1606/798/2
f 1626/800/2 1627/795/2 1655/791/2
f 1686/799/2 1606/798/2 1607/801/2
f 1758/802/2 1759/792/2 1740/797/2
f 1686/799/2 1607/801/2 1608/803/2
f 1625/804/2 1626/800/2 1655/791/2
f 1686/799/2 1608/803/2 1609/805/2
f 1625/804/2 1655/791/2 1656/806/2
f 1624/807/2 1625/804/2 1656/806/2
f 1686/799/2 1609/805/2 1610/808/2
f 1686/799/2 1610/808/2 1611/809/2
f 1686/799/2 1611/809/2 1612/810/2
f 1686/799/2 1612/810/2 1613/255/2
f 1686/799/2 1613/255/2 1614/811/2
f 1686/799/2 1614/811/2 1615/812/2
f 1686/799/2 1615/812/2 1616/813/2
f 1686/799/2 1616/813/2 1617/814/2
f 1686/799/2 1617/814/2 1618/815/2
f 1686/799/2 1618/815/2 1619/816/2
f 1686/799/2 1619/816/2 1620/817/2
f 1686/799/2 1620/817/2 1621/818/2
f 1686/799/2 1621/818/2 1622/268/2
f 1686/799/2 1622/268/2 1623/819/2
f 1686/799/2 1623/819/2 1624/807/2
f 1686/799/2 1624/807/2 1656/806/2
f 1685/152/2 1686/799/2 1656/806/2
f 1758/802/2 1740/797/2 1741/820/2
f 1757/104/2 1758/802/2 1741/820/2
f 1685/152/2 1656/806/2 1657/821/2
f 1684/822/2 1685/152/2 1657/821/2
f 1756/823/2 1757/104/2 1741/820/2
f 1756/823/2 1741/820/2 1742/824/2
f 1684/822/2 1657/821/2 1658/246/2
f 1683/825/2 1684/822/2 1658/246/2
f 1755/826/2 1756/823/2 1742/824/2
f 1754/827/2 1755/826/2 1742/824/2
f 1753/828/2 1754/827/2 1742/824/2
f 1682/829/2 1683/825/2 1658/246/2
f 1682/829/2 1658/246/2 1659/830/2
f 1752/831/2 1753/828/2 1742/824/2
f 1751/832/2 1752/831/2 1742/824/2
f 1681/833/2 1682/829/2 1659/830/2
f 1751/832/2 1742/824/2 1743/834/2
f 1681/833/2 1659/830/2 1660/835/2
f 1750/836/2 1751/832/2 1743/834/2
f 1680/837/2 1681/833/2 1660/835/2
f 1749/838/2 1750/836/2 1743/834/2
f 1680/837/2 1660/835/2 1661/839/2
f 1679/840/2 1680/837/2 1661/839/2
f 1748/166/2 1749/838/2 1743/834/2
f 1678/841/2 1679/840/2 1661/839/2
f 1678/841/2 1661/839/2 1662/842/2
f 1677/843/2 1678/841/2 1662/842/2
f 1747/844/2 1748/166/2 1743/834/2
f 1677/843/2 1662/842/2 1663/845/2
f 1747/844/2 1743/834/2 1746/846/2
f 1746/846/2 1743/834/2 1745/847/2
f 1745/847/2 1743/834/2 1744/848/2
f 1676/153/2 1677/843/2 1663/845/2
f 1675/849/1 1676/153/1 1663/845/1
f 1674/850/2 1675/849/2 1663/845/2
f 1673/851/1 1674/850/1 1663/845/1
f 1672/852/1 1673/851/1 1663/845/1
f 1671/853/2 1672/852/2 1663/845/2
f 1670/854/1 1671/853/1 1663/845/1
f 1669/855/2 1670/854/2 1663/845/2
f 1668/856/1 1669/855/1 1663/845/1
f 1667/200/1 1668/856/1 1663/845/1
f 1666/857/1 1667/200/1 1663/845/1
f 1665/858/1 1666/857/1 1663/845/1
f 1664/859/1 1665/858/1 1663/845/1
s 1
f 1786/860/3 1788/861/4 1787/862/4 1785/37/3
f 1788/861/4 1790/863/5 1789/864/5 1787/862/4
f 1790/863/5 1792/865/6 1791/866/6 1789/864/5
f 1792/865/6 1794/867/7 1793/868/7 1791/866/6
f 1794/867/7 1796/869/8 1795/870/8 1793/868/7
f 1796/869/8 1798/871/9 1797/872/9 1795/870/8
f 1798/871/9 1800/873/10 1799/874/10 1797/872/9
f 1800/873/10 1802/875/11 1801/876/11 1799/874/10
f 1802/875/11 1804/877/12 1803/878/12 1801/876/11
f 1804/877/12 1806/879/13 1805/880/13 1803/878/12
f 1806/879/13 1808/881/14 1807/882/14 1805/880/13
f 1808/881/14 1810/883/15 1809/884/15 1807/882/14
f 1810/883/15 1812/885/16 1811/886/16 1809/884/15
f 1812/885/16 1814/887/17 1813/888/17 1811/886/16
f 1814/887/17 1816/889/18 1815/890/18 1813/888/17
f 1816/889/18 1818/891/19 1817/892/19 1815/890/18
f 1818/891/19 1820/893/20 1819/894/20 1817/892/19
f 1820/893/20 1822/895/21 1821/896/21 1819/894/20
f 1822/895/21 1824/897/22 1823/898/22 1821/896/21
f 1824/897/22 1826/899/23 1825/900/23 1823/898/22
f 1826/899/23 1828/901/24 1827/902/24 1825/900/23
f 1828/901/24 1830/903/25 1829/904/25 1827/902/24
f 1830/903/25 1832/905/26 1831/906/26 1829/904/25
f 1832/905/26 1834/907/27 1833/908/27 1831/906/26
f 1834/907/27 1836/909/28 1835/910/28 1833/908/27
f 1836/909/28 1838/911/29 1837/912/29 1835/910/28
f 1838/911/29 1840/913/30 1839/914/30 1837/912/29
f 1840/913/30 1842/915/31 1841/916/31 1839/914/30
f 1842/915/31 1844/917/32 1843/918/32 1841/916/31
f 1844/917/32 1846/919/33 1845/920/33 1843/918/32
f 1846/919/33 1848/921/34 1847/922/34 1845/920/33
f 1848/921/34 1850/923/35 1849/924/35 1847/922/34
f 1850/923/35 1852/925/36 1851/926/36 1849/924/35
f 1852/925/36 1854/927/37 1853/928/37 1851/926/36
f 1854/927/37 1856/929/38 1855/930/38 1853/928/37
f 1856/929/38 1858/931/39 1857/932/39 1855/930/38
f 1858/931/39 1860/933/40 1859/934/40 1857/932/39
f 1860/933/40 1862/935/41 1861/936/41 1859/934/40
f 1862/935/41 1864/937/42 1863/938/42 1861/936/41
f 1864/937/42 1866/939/43 1865/940/43 1863/938/42
f 1866/939/43 1868/941/44 1867/942/44 1865/940/43
f 1868/941/44 1870/943/45 1869/944/45 1867/942/44
f 1870/943/45 1872/945/46 1871/946/46 1869/944/45
f 1872/945/46 1874/947/47 1873/948/47 1871/946/46
f 1874/947/47 1876/949/48 1875/950/48 1873/948/47
f 1876/949/48 1878/951/49 1877/952/49 1875/950/48
f 1878/951/49 1880/953/50 1879/954/50 1877/952/49
f 1880/953/50 1882/955/51 1881/956/51 1879/954/50
f 1882/955/51 1884/957/52 1883/958/52 1881/956/51
f 1884/957/52 1886/959/53 1885/960/53 1883/958/52
f 1886/959/53 1888/961/54 1887/962/54 1885/960/53
f 1888/961/54 1890/963/55 1889/964/55 1887/962/54
f 1890/963/55 1892/965/56 1891/966/56 1889/964/55
f 1892/965/56 1894/967/57 1893/968/57 1891/966/56
f 1894/967/57 1896/969/58 1895/970/58 1893/968/57
f 1896/969/58 1898/971/59 1897/972/59 1895/970/58
f 1898/971/59 1900/973/60 1899/974/60 1897/972/59
f 1900/973/60 1902/975/61 1901/976/61 1899/974/60
f 1902/975/61 1904/977/62 1903/978/62 1901/976/61
f 1904/977/62 1906/979/63 1905/980/63 1903/978/62
f 1906/979/63 1908/981/64 1907/982/64 1905/980/63
f 1908/981/64 1910/983/65 1909/984/65 1907/982/64
f 1910/983/65 1912/985/66 1911/986/66 1909/984/65
f 1912/985/66 1914/987/67 1913/988/67 1911/986/66
f 1914/987/67 1916/989/68 1915/990/68 1913/988/67
f 1916/989/68 1918/991/69 1917/992/69 1915/990/68
f 1918/991/69 1920/993/70 1919/994/70 1917/992/69
f 1920/993/70 1922/995/71 1921/996/71 1919/994/70
f 1922/995/71 1924/997/72 1923/998/72 1921/996/71
f 1924/997/72 1926/999/73 1925/1000/73 1923/998/72
f 1926/999/73 1928/1001/74 1927/1002/74 1925/1000/73
f 1928/1001/74 1930/1003/74 1929/1004/74 1927/1002/74
f 1930/1003/74 1932/1005/74 1931/1006/74 1929/1004/74
f 1932/1005/74 1934/1007/74 1933/1008/74 1931/1006/74
f 1934/1007/74 1936/1009/74 1935/1010/74 1933/1008/74
f 1936/1009/74 1938/1011/74 1937/1012/74 1935/1010/74
f 1938/1011/74 1940/1013/74 1939/1014/74 1937/1012/74
f 1940/1013/74 1942/1015/74 1941/1016/74 1939/1014/74
f 1942/1015/74 1944/1017/74 1943/1018/74 1941/1016/74
f 1944/1017/74 1946/1019/74 1945/1020/74 1943/1018/74
f 1946/1019/74 1948/1021/74 1947/1022/74 1945/1020/74
f 1948/1021/74 1950/1023/74 1949/1024/74 1947/1022/74
f 1950/1023/74 1952/1025/75 1951/1026/75 1949/1024/74
f 1952/1025/75 1954/1027/76 1953/1028/76 1951/1026/75
f 1954/1027/76 1956/1029/77 1955/1030/77 1953/1028/76
f 1956/1029/77 1958/1031/78 1957/1032/78 1955/1030/77
f 1958/1031/78 1960/1033/79 1959/1034/79 1957/1032/78
f 1960/1033/79 1962/1035/80 1961/1036/80 1959/1034/79
f 1962/1035/80 1964/1037/81 1963/1038/81 1961/1036/80
f 1964/1037/81 1966/1039/82 1965/1040/82 1963/1038/81
f 1966/1039/82 1968/1041/83 1967/1042/83 1965/1040/82
f 1968/1041/83 1970/1043/84 1969/1044/84 1967/1042/83
f 1970/1043/84 1972/1045/85 1971/1046/85 1969/1044/84
f 1972/1045/85 1974/1047/86 1973/1048/86 1971/1046/85
f 1974/1047/86 1976/1049/87 1975/1050/87 1973/1048/86
f 1976/1049/87 1978/1051/88 1977/1052/88 1975/1050/87
f 1978/1051/88 1980/1053/89 1979/1054/89 1977/1052/88
f 1980/1053/89 1982/1055/90 1981/1056/90 1979/1054/89
f 1982/1055/90 1984/1057/91 1983/1058/91 1981/1056/90
f 1984/1057/91 1986/1059/92 1985/1060/92 1983/1058/91
f 1986/1059/92 1988/1061/93 1987/1062/93 1985/1060/92
f 1988/1061/93 1990/1063/94 1989/1064/94 1987/1062/93
f 1990/1063/94 1992/1065/95 1991/1066/95 1989/1064/94
f 1992/1065/95 1994/1067/96 1993/1068/96 1991/1066/95
f 1994/1067/96 1996/1069/97 1995/1070/97 1993/1068/96
f 1996/1069/97 1998/1071/98 1997/1072/98 1995/1070/97
f 1998/1071/98 2000/1073/99 1999/1074/99 1997/1072/98
f 2000/1073/99 2002/1075/100 2001/1076/100 1999/1074/99
f 2002/1075/100 2004/1077/101 2003/1078/101 2001/1076/100
f 2004/1077/101 2006/1079/102 2005/1080/102 2003/1078/101
f 2006/1079/102 2008/1081/103 2007/1082/103 2005/1080/102
f 2008/1081/103 2010/1083/104 2009/1084/104 2007/1082/103
f 2010/1083/104 2012/1085/105 2011/1086/105 2009/1084/104
f 2012/1085/105 2014/1087/106 2013/1088/106 2011/1086/105
f 2014/1087/106 2016/1089/107 2015/1090/107 2013/1088/106
f 2016/1089/107 2018/1091/108 2017/1092/108 2015/1090/107
f 2018/1091/108 2020/1093/109 2019/1094/109 2017/1092/108
f 2020/1093/109 2022/1095/110 2021/1096/110 2019/1094/109
f 2022/1095/110 2024/1097/111 2023/1098/111 2021/1096/110
f 2024/1097/111 2026/1099/112 2025/1100/112 2023/1098/111
f 2026/1099/112 2028/1101/113 2027/1102/113 2025/1100/112
f 2028/1101/113 2030/1103/114 2029/229/114 2027/1102/113
f 2030/1103/114 2032/1104/115 2031/1105/115 2029/229/114
f 2032/1104/115 2034/1106/115 2033/1107/115 2031/1105/115
f 2034/1106/115 2036/1108/115 2035/1109/115 2033/1107/115
f 2036/1108/115 2038/1110/115 2037/1111/115 2035/1109/115
f 2038/1110/115 2040/1112/115 2039/1113/115 2037/1111/115
f 2040/1112/115 2042/1114/115 2041/1115/115 2039/1113/115
f 2042/1114/115 2044/1116/115 2043/1117/115 2041/1115/115
f 2044/1116/115 2046/1118/115 2045/1119/115 2043/1117/115
f 2046/1118/115 2048/1120/115 2047/1121/115 2045/1119/115
f 2048/1120/115 2050/1122/115 2049/1123/115 2047/1121/115
f 2050/1122/115 2052/1124/115 2051/1125/115 2049/1123/115
f 2052/1124/115 2054/1126/115 2053/1127/115 2051/1125/115
f 2054/1126/115 2056/1128/116 2055/1129/116 2053/1127/115
f 2056/1128/116 2058/1130/117 2057/1131/117 2055/1129/116
f 2058/1130/117 2060/1132/118 2059/1133/118 2057/1131/117
f 2060/1132/118 2062/1134/119 2061/1135/119 2059/1133/118
f 2062/1134/119 2064/1136/120 2063/1137/120 2061/1135/119
f 2064/1136/120 2066/1138/121 2065/1139/121 2063/1137/120
f 2066/1138/121 2068/1140/122 2067/1141/122 2065/1139/121
f 2068/1140/122 2070/1142/123 2069/1143/123 2067/1141/122
f 2070/1142/123 2072/1144/124 2071/1145/124 2069/1143/123
f 2072/1144/124 2074/1146/125 2073/1147/125 2071/1145/124
f 2074/1146/125 2076/1148/126 2075/1149/126 2073/1147/125
f 2076/1148/126 2078/1150/127 2077/1151/127 2075/1149/126
f 2078/1150/127 2080/1152/128 2079/1153/128 2077/1151/127
f 2080/1152/128 2082/1154/129 2081/1155/129 2079/1153/128
f 2082/1154/129 2084/1156/29 2083/1157/29 2081/1155/129
f 2084/1156/29 2086/1158/130 2085/1159/130 2083/1157/29
f 2086/1158/130 2088/1160/131 2087/1161/131 2085/1159/130
f 2088/1160/131 2090/1162/132 2089/1163/132 2087/1161/131
f 2090/1162/132 2092/1164/133 2091/1165/133 2089/1163/132
f 2092/1164/133 2094/1166/134 2093/1167/134 2091/1165/133
f 2094/1166/134 2096/1168/135 2095/1169/135 2093/1167/134
f 2096/1168/135 2098/1170/136 2097/1171/136 2095/1169/135
f 2098/1170/136 2100/1172/137 2099/1173/137 2097/1171/136
f 2100/1172/137 2102/1174/138 2101/1175/138 2099/1173/137
f 2102/1174/138 2104/1176/139 2103/1177/139 2101/1175/138
f 2104/1176/139 2106/1178/140 2105/1179/140 2103/1177/139
f 2106/1178/140 2108/1180/141 2107/1181/141 2105/1179/140
f 2108/1180/141 2110/1182/142 2109/1183/142 2107/1181/141
f 2110/1182/142 2112/1184/143 2111/1185/143 2109/1183/142
f 2112/1184/143 2114/1186/144 2113/1187/144 2111/1185/143
f 2114/1186/144 2116/1188/145 2115/1189/145 2113/1187/144
f 2116/1188/145 2118/1190/146 2117/1191/146 2115/1189/145
f 2118/1190/146 2120/1192/147 2119/1193/147 2117/1191/146
f 2120/1192/147 2122/1194/148 2121/1195/148 2119/1193/147
f 2122/1194/148 2124/1196/149 2123/1197/149 2121/1195/148
f 2124/1196/149 2126/1198/150 2125/1199/150 2123/1197/149
f 2126/1198/150 2128/1200/151 2127/1201/151 2125/1199/150
f 2128/1200/151 2130/1202/152 2129/1203/152 2127/1201/151
f 2130/1202/152 2132/1204/153 2131/1205/153 2129/1203/152
f 2132/1204/153 2134/1206/154 2133/1207/154 2131/1205/153
f 2134/1206/154 2136/1208/155 2135/1209/155 2133/1207/154
f 2136/1208/155 2138/1210/156 2137/1211/156 2135/1209/155
f 2138/1210/156 2140/1212/157 2139/1213/157 2137/1211/156
f 2140/1212/157 2142/1214/158 2141/1215/158 2139/1213/157
f 2142/1214/158 2144/1216/159 2143/1217/159 2141/1215/158
f 2144/1216/159 2146/1218/160 2145/1219/160 2143/1217/159
f 2146/1218/160 2148/1220/161 2147/1221/161 2145/1219/160
f 2148/1220/161 2150/1222/162 2149/1223/162 2147/1221/161
f 2150/1222/162 2152/1224/163 2151/1225/163 2149/1223/162
f 2152/1224/163 2154/1226/164 2153/1227/164 2151/1225/163
f 2154/1226/164 2156/1228/165 2155/1229/165 2153/1227/164
f 2156/1228/165 2158/1230/166 2157/1231/166 2155/1229/165
f 2158/1230/166 2160/1232/167 2159/1233/167 2157/1231/166
f 2160/1232/167 2162/1234/168 2161/1235/168 2159/1233/167
f 2162/1234/168 2164/1236/169 2163/1237/169 2161/1235/168
f 2164/1236/169 2166/1238/170 2165/1239/170 2163/1237/169
f 2166/1238/170 2168/1240/171 2167/1241/171 2165/1239/170
f 2168/1240/171 2170/1242/172 2169/1243/172 2167/1241/171
f 2170/1242/172 2172/1244/173 2171/1245/173 2169/1243/172
f 2172/1244/173 2174/1246/174 2173/1247/174 2171/1245/173
f 2174/1246/174 2176/1248/175 2175/1249/175 2173/1247/174
f 2176/1248/175 2178/1250/176 2177/1251/176 2175/1249/175
f 2178/1250/176 2180/1252/177 2179/1253/177 2177/1251/176
f 2180/1252/177 2182/1254/178 2181/1255/178 2179/1253/177
f 2182/1254/178 2184/1256/179 2183/1257/179 2181/1255/178
f 2184/1256/179 2186/1258/180 2185/1259/180 2183/1257/179
f 2186/1258/180 2188/1260/181 2187/1261/181 2185/1259/180
f 2188/1260/181 2190/1262/182 2189/1263/182 2187/1261/181
f 2190/1262/182 2192/1264/183 2191/1265/183 2189/1263/182
f 2192/1264/183 2194/1266/184 2193/1267/184 2191/1265/183
f 2194/1266/184 2196/1268/185 2195/1269/185 2193/1267/184
f 2196/1268/185 2198/1270/186 2197/1271/186 2195/1269/185
f 2198/1270/186 2200/1272/187 2199/1273/187 2197/1271/186
f 2200/1272/187 2202/1274/188 2201/1275/188 2199/1273/187
f 2202/1274/188 2204/1276/189 2203/1277/189 2201/1275/188
f 2204/1276/189 2206/1278/190 2205/1279/190 2203/1277/189
f 2206/1278/190 2208/1280/191 2207/1281/191 2205/1279/190
f 2208/1280/191 2210/1282/192 2209/1283/192 2207/1281/191
f 2210/1282/192 2212/1284/193 2211/1285/193 2209/1283/192
f 2212/1284/193 2214/1286/194 2213/1287/194 2211/1285/193
f 2214/1286/194 2216/1288/195 2215/1289/195 2213/1287/194
f 2216/1288/195 2218/1290/196 2217/1291/196 2215/1289/195
f 2218/1290/196 2220/1292/197 2219/1293/197 2217/1291/196
f 2220/1292/197 2222/1294/198 2221/1295/198 2219/1293/197
f 2222/1294/198 2224/1296/199 2223/1297/199 2221/1295/198
f 2224/1296/199 2226/1298/200 2225/1299/200 2223/1297/199
f 2226/1298/200 2228/1300/201 2227/1301/201 2225/1299/200
f 2228/1300/201 2230/1302/202 2229/1303/202 2227/1301/201
f 2230/1302/202 2232/1304/203 2231/1305/203 2229/1303/202
f 2232/1304/203 2234/1306/204 2233/1307/204 2231/1305/203
f 2234/1306/204 2236/1308/205 2235/1309/205 2233/1307/204
f 2236/1308/205 2238/1310/206 2237/1311/206 2235/1309/205
f 2238/1310/206 2240/1312/207 2239/1313/207 2237/1311/206
f 2240/1312/207 2242/1314/208 2241/1315/208 2239/1313/207
f 2242/1314/208 2244/1316/209 2243/1317/209 2241/1315/208
f 2244/1316/209 2246/1318/210 2245/1319/210 2243/1317/209
f 2246/1318/210 2248/1320/211 2247/1321/211 2245/1319/210
f 2248/1320/211 2250/1322/212 2249/1323/212 2247/1321/211
f 2250/1322/212 2252/1324/213 2251/1325/213 2249/1323/212
f 2252/1324/213 2254/1326/214 2253/1327/214 2251/1325/213
f 2254/1326/214 2256/1328/215 2255/1329/215 2253/1327/214
f 2256/1328/215 2258/1330/216 2257/1331/216 2255/1329/215
f 2258/1330/216 2260/1332/217 2259/1333/217 2257/1331/216
f 2260/1332/217 2262/1334/218 2261/1335/218 2259/1333/217
f 2262/1334/218 2264/1336/219 2263/1337/219 2261/1335/218
f 2264/1336/219 2266/1338/220 2265/1339/220 2263/1337/219
f 2266/1338/220 2268/1340/221 2267/1341/221 2265/1339/220
f 2268/1340/221 2270/1342/222 2269/1343/222 2267/1341/221
f 2270/1342/222 2272/1344/223 2271/1345/223 2269/1343/222
f 2272/1344/223 1786/1346/3 1785/4/3 2271/1345/223
f 2274/860/224 2276/1347/225 2275/1348/225 2273/37/224
f 2276/1347/225 2278/1349/226 2277/1350/226 2275/1348/225
f 2278/1349/226 2280/1351/227 2279/1352/227 2277/1350/226
f 2280/1351/227 2282/1353/228 2281/602/228 2279/1352/227
f 2282/1353/228 2284/1354/229 2283/1355/229 2281/602/228
f 2284/1354/229 2286/1356/230 2285/1357/230 2283/1355/229
f 2286/1356/230 2288/1358/231 2287/1359/231 2285/1357/230
f 2288/1358/231 2290/1360/232 2289/547/232 2287/1359/231
f 2290/1360/232 2292/1361/233 2291/1362/233 2289/547/232
f 2292/1361/233 2294/1363/234 2293/1364/234 2291/1362/233
f 2294/1363/234 2296/1365/235 2295/1366/235 2293/1364/234
f 2296/1365/235 2298/1367/236 2297/493/236 2295/1366/235
f 2298/1367/236 2300/981/237 2299/982/237 2297/493/236
f 2300/981/237 2302/1368/238 2301/1369/238 2299/982/237
f 2302/1368/238 2304/1370/239 2303/1371/239 2301/1369/238
f 2304/1370/239 2306/1372/240 2305/556/240 2303/1371/239
f 2306/1372/240 2308/1373/241 2307/1374/241 2305/556/240
f 2308/1373/241 2310/1375/242 2309/1376/242 2307/1374/241
f 2310/1375/242 2312/1377/243 2311/1378/243 2309/1376/242
f 2312/1377/243 2314/1379/244 2313/629/244 2311/1378/243
f 2314/1379/244 2316/1380/245 2315/1381/245 2313/629/244
f 2316/1380/245 2318/1382/246 2317/1383/246 2315/1381/245
f 2318/1382/246 2320/1384/247 2319/1385/247 2317/1383/246
f 2320/1384/247 2322/1386/248 2321/548/248 2319/1385/247
f 2322/1386/248 2324/1387/249 2323/1388/249 2321/548/248
f 2324/1387/249 2326/1103/250 2325/229/250 2323/1388/249
f 2326/1103/250 2328/1389/251 2327/1390/251 2325/229/250
f 2328/1389/251 2330/1391/252 2329/477/252 2327/1390/251
f 2330/1391/252 2332/1392/253 2331/1393/253 2329/477/252
f 2332/1392/253 2334/1394/254 2333/1395/254 2331/1393/253
f 2334/1394/254 2336/1396/255 2335/1397/255 2333/1395/254
f 2336/1396/255 2338/1398/256 2337/558/256 2335/1397/255
f 2338/1398/256 2340/1399/257 2339/1400/257 2337/558/256
f 2340/1399/257 2342/1401/258 2341/1402/258 2339/1400/257
f 2342/1401/258 2344/1403/259 2343/1404/259 2341/1402/258
f 2344/1403/259 2346/1405/260 2345/639/260 2343/1404/259
f 2346/1405/260 2348/1406/261 2347/1407/261 2345/639/260
f 2348/1406/261 2350/1408/262 2349/1409/262 2347/1407/261
f 2350/1408/262 2352/1224/263 2351/1225/263 2349/1409/262
f 2352/1224/263 2354/1410/264 2353/620/264 2351/1225/263
f 2354/1410/264 2356/1411/265 2355/1412/265 2353/620/264
f 2356/1411/265 2358/1413/266 2357/1414/266 2355/1412/265
f 2358/1413/266 2360/1415/267 2359/1416/267 2357/1414/266
f 2360/1415/267 2362/1417/268 2361/552/268 2359/1416/267
f 2362/1417/268 2364/1418/269 2363/1419/269 2361/552/268
f 2364/1418/269 2366/1420/270 2365/1421/270 2363/1419/269
f 2366/1420/270 2368/1422/271 2367/1423/271 2365/1421/270
f 2368/1422/271 2370/1424/272 2369/487/272 2367/1423/271
f 2370/1424/272 2372/1425/273 2371/1426/273 2369/487/272
f 2372/1425/273 2374/1427/274 2373/1428/274 2371/1426/273
f 2374/1427/274 2376/1429/275 2375/1430/275 2373/1428/274
f 2376/1429/275 2274/1346/224 2273/4/224 2375/1430/275
f 2378/860/276 2380/1431/277 2379/1432/277 2377/37/276
f 2380/1431/277 2382/1433/278 2381/1434/278 2379/1432/277
f 2382/1433/278 2384/1435/279 2383/1436/279 2381/1434/278
f 2384/1435/279 2386/1437/280 2385/1438/280 2383/1436/279
f 2386/1437/280 2388/1439/281 2387/1440/281 2385/1438/280
f 2388/1439/281 2390/1441/282 2389/1442/282 2387/1440/281
f 2390/1441/282 2392/1443/283 2391/1444/283 2389/1442/282
f 2392/1443/283 2394/1445/284 2393/1446/284 2391/1444/283
f 2394/1445/284 2396/1447/285 2395/1448/285 2393/1446/284
f 2396/1447/285 2398/1449/286 2397/1450/286 2395/1448/285
f 2398/1449/286 2400/1451/287 2399/1452/287 2397/1450/286
f 2400/1451/287 2402/1453/288 2401/1454/288 2399/1452/287
f 2402/1453/288 2404/1455/289 2403/1456/289 2401/1454/288
f 2404/1455/289 2406/1457/290 2405/1458/290 2403/1456/289
f 2406/1457/290 2408/1459/291 2407/1460/291 2405/1458/290
f 2408/1459/291 2410/1461/292 2409/1462/292 2407/1460/291
f 2410/1461/292 2412/1463/293 2411/1464/293 2409/1462/292
f 2412/1463/293 2414/1465/294 2413/1466/294 2411/1464/293
f 2414/1465/294 2416/1467/295 2415/1468/295 2413/1466/294
f 2416/1467/295 2418/1469/296 2417/1470/296 2415/1468/295
f 2418/1469/296 2420/1471/297 2419/1472/297 2417/1470/296
f 2420/1471/297 2422/1473/298 2421/1474/298 2419/1472/297
f 2422/1473/298 2424/1475/299 2423/1476/299 2421/1474/298
f 2424/1475/299 2426/1477/300 2425/1478/300 2423/1476/299
f 2426/1477/300 2428/1479/301 2427/1480/301 2425/1478/300
f 2428/1479/301 2430/1481/302 2429/1482/302 2427/1480/301
f 2430/1481/302 2432/1483/303 2431/1484/303 2429/1482/302
f 2432/1483/303 2434/1485/304 2433/1486/304 2431/1484/303
f 2434/1485/304 2436/1487/305 2435/1488/305 2433/1486/304
f 2436/1487/305 2438/1489/306 2437/1490/306 2435/1488/305
f 2438/1489/306 2440/1491/307 2439/1492/307 2437/1490/306
f 2440/1491/307 2442/1493/308 2441/1494/308 2439/1492/307
f 2442/1493/308 2444/1495/309 2443/1496/309 2441/1494/308
f 2444/1495/309 2446/1497/310 2445/1498/310 2443/1496/309
f 2446/1497/310 2448/1499/311 2447/1500/311 2445/1498/310
f 2448/1499/311 2450/1501/312 2449/1502/312 2447/1500/311
f 2450/1501/312 2452/1503/313 2451/1504/313 2449/1502/312
f 2452/1503/313 2454/1505/314 2453/1506/314 2451/1504/313
f 2454/1505/314 2456/1507/315 2455/1508/315 2453/1506/314
f 2456/1507/315 2458/1509/316 2457/1510/316 2455/1508/315
f 2458/1509/316 2460/1511/317 2459/1512/317 2457/1510/316
f 2460/1511/317 2462/1513/318 2461/1514/318 2459/1512/317
f 2462/1513/318 2464/1515/319 2463/1516/319 2461/1514/318
f 2464/1515/319 2466/1517/320 2465/1518/320 2463/1516/319
f 2466/1517/320 2468/1519/321 2467/1520/321 2465/1518/320
f 2468/1519/321 2470/1521/322 2469/1522/322 2467/1520/321
f 2470/1521/322 2472/1523/323 2471/1524/323 2469/1522/322
f 2472/1523/323 2474/1525/324 2473/1526/324 2471/1524/323
f 2474/1525/324 2476/1527/325 2475/1528/325 2473/1526/324
f 2476/1527/325 2478/1529/326 2477/1530/326 2475/1528/325
f 2478/1529/326 2480/1531/327 2479/1532/327 2477/1530/326
f 2480/1531/327 2482/1533/328 2481/1534/328 2479/1532/327
f 2482/1533/328 2484/1535/329 2483/1536/329 2481/1534/328
f 2484/1535/329 2486/1537/330 2485/1538/330 2483/1536/329
f 2486/1537/330 2488/1539/331 2487/1540/331 2485/1538/330
f 2488/1539/331 2490/1541/332 2489/1542/332 2487/1540/331
f 2490/1541/332 2492/1543/333 2491/1544/333 2489/1542/332
f 2492/1543/333 2494/1545/334 2493/1546/334 2491/1544/333
f 2494/1545/334 2496/1103/335 2495/229/335 2493/1546/334
f 2496/1103/335 2498/1547/336 2497/1548/336 2495/229/335
f 2498/1547/336 2500/1549/337 2499/1550/337 2497/1548/336
f 2500/1549/337 2502/1551/338 2501/1552/338 2499/1550/337
f 2502/1551/338 2504/1553/339 2503/1554/339 2501/1552/338
f 2504/1553/339 2506/1555/340 2505/1556/340 2503/1554/339
f 2506/1555/340 2508/1557/341 2507/1558/341 2505/1556/340
f 2508/1557/341 2510/1559/342 2509/1560/342 2507/1558/341
f 2510/1559/342 2512/1561/343 2511/1562/343 2509/1560/342
f 2512/1561/343 2514/1563/344 2513/1564/344 2511/1562/343
f 2514/1563/344 2516/1565/345 2515/1566/345 2513/1564/344
f 2516/1565/345 2518/1567/346 2517/1568/346 2515/1566/345
f 2518/1567/346 2520/1569/347 2519/1570/347 2517/1568/346
f 2520/1569/347 2522/1571/348 2521/1572/348 2519/1570/347
f 2522/1571/348 2524/1573/349 2523/1574/349 2521/1572/348
f 2524/1573/349 2526/1575/350 2525/1576/350 2523/1574/349
f 2526/1575/350 2528/1577/351 2527/1578/351 2525/1576/350
f 2528/1577/351 2530/1579/352 2529/1580/352 2527/1578/351
f 2530/1579/352 2532/1581/353 2531/1582/353 2529/1580/352
f 2532/1581/353 2534/1583/354 2533/1584/354 2531/1582/353
f 2534/1583/354 2536/1585/355 2535/1586/355 2533/1584/354
f 2536/1585/355 2538/1587/356 2537/1588/356 2535/1586/355
f 2538/1587/356 2540/1589/357 2539/1590/357 2537/1588/356
f 2540/1589/357 2542/1591/358 2541/1592/358 2539/1590/357
f 2542/1591/358 2544/1593/359 2543/1594/359 2541/1592/358
f 2544/1593/359 2546/1595/360 2545/1596/360 2543/1594/359
f 2546/1595/360 2548/1597/361 2547/1598/361 2545/1596/360
f 2548/1597/361 2550/1599/362 2549/1600/362 2547/1598/361
f 2550/1599/362 2552/1601/363 2551/1602/363 2549/1600/362
f 2552/1601/363 2554/1603/364 2553/1604/364 2551/1602/363
f 2554/1603/364 2556/1605/365 2555/1606/365 2553/1604/364
f 2556/1605/365 2558/1607/366 2557/1608/366 2555/1606/365
f 2558/1607/366 2560/1609/367 2559/1610/367 2557/1608/366
f 2560/1609/367 2562/1611/368 2561/1612/368 2559/1610/367
f 2562/1611/368 2564/1613/369 2563/1614/369 2561/1612/368
f 2564/1613/369 2566/1615/370 2565/1616/370 2563/1614/369
f 2566/1615/370 2568/1617/371 2567/1618/371 2565/1616/370
f 2568/1617/371 2570/1619/372 2569/1620/372 2567/1618/371
f 2570/1619/372 2572/1621/373 2571/1622/373 2569/1620/372
f 2572/1621/373 2574/1623/374 2573/1624/374 2571/1622/373
f 2574/1623/374 2576/1625/375 2575/1626/375 2573/1624/374
f 2576/1625/375 2578/1627/376 2577/1628/376 2575/1626/375
f 2578/1627/376 2580/1629/377 2579/1630/377 2577/1628/376
f 2580/1629/377 2582/1631/378 2581/1632/378 2579/1630/377
f 2582/1631/378 2584/1633/379 2583/1634/379 2581/1632/378
f 2584/1633/379 2586/1635/380 2585/1636/380 2583/1634/379
f 2586/1635/380 2588/1637/381 2587/1638/381 2585/1636/380
f 2588/1637/381 2590/1639/382 2589/1640/382 2587/1638/381
f 2590/1639/382 2592/1641/383 2591/1642/383 2589/1640/382
f 2592/1641/383 2594/1643/384 2593/1644/384 2591/1642/383
f 2594/1643/384 2596/1645/385 2595/1646/385 2593/1644/384
f 2596/1645/385 2598/1647/386 2597/1648/386 2595/1646/385
f 2598/1647/386 2600/1649/387 2599/1650/387 2597/1648/386
f 2600/1649/387 2602/1651/388 2601/1652/388 2599/1650/387
f 2602/1651/388 2604/1653/389 2603/1654/389 2601/1652/388
f 2604/1653/389 2606/1655/390 2605/1656/390 2603/1654/389
f 2606/1655/390 2608/1657/391 2607/1658/391 2605/1656/390
f 2608/1657/391 2610/1659/392 2609/1660/392 2607/1658/391
f 2610/1659/392 2612/1661/393 2611/1662/393 2609/1660/392
f 2612/1661/393 2378/1346/276 2377/4/276 2611/1662/393
f 2614/860/394 2616/1663/395 2615/1664/395 2613/37/394
f 2616/1663/395 2618/1665/396 2617/1666/396 2615/1664/395
f 2618/1665/396 2620/1667/397 2619/1668/397 2617/1666/396
f 2620/1667/397 2622/1669/398 2621/1670/398 2619/1668/397
f 2622/1669/398 2624/1671/399 2623/1672/399 2621/1670/398
f 2624/1671/399 2626/1673/400 2625/1674/400 2623/1672/399
f 2626/1673/400 2628/981/401 2627/982/401 2625/1674/400
f 2628/981/401 2630/1675/402 2629/1676/402 2627/982/401
f 2630/1675/402 2632/1677/403 2631/1678/403 2629/1676/402
f 2632/1677/403 2634/1679/404 2633/1680/404 2631/1678/403
f 2634/1679/404 2636/1681/405 2635/1682/405 2633/1680/404
f 2636/1681/405 2638/1683/406 2637/1684/406 2635/1682/405
f 2638/1683/406 2640/1685/407 2639/1686/407 2637/1684/406
f 2640/1685/407 2642/1103/408 2641/229/408 2639/1686/407
f 2642/1103/408 2644/1687/409 2643/1688/409 2641/229/408
f 2644/1687/409 2646/1689/410 2645/1690/410 2643/1688/409
f 2646/1689/410 2648/1691/411 2647/1692/411 2645/1690/410
f 2648/1691/411 2650/1693/412 2649/1694/412 2647/1692/411
f 2650/1693/412 2652/1695/413 2651/1696/413 2649/1694/412
f 2652/1695/413 2654/1697/414 2653/1698/414 2651/1696/413
f 2654/1697/414 2656/1224/415 2655/1225/415 2653/1698/414
f 2656/1224/415 2658/1699/416 2657/1700/416 2655/1225/415
f 2658/1699/416 2660/1701/417 2659/1702/417 2657/1700/416
f 2660/1701/417 2662/1703/418 2661/1704/418 2659/1702/417
f 2662/1703/418 2664/1705/419 2663/1706/419 2661/1704/418
f 2664/1705/419 2666/1707/420 2665/1708/420 2663/1706/419
f 2666/1707/420 2668/1709/421 2667/1710/421 2665/1708/420
f 2668/1709/421 2614/1346/394 2613/4/394 2667/1710/421
f 2670/860/422 2672/1663/423 2671/1664/423 2669/37/422
f 2672/1663/423 2674/1665/424 2673/1666/424 2671/1664/423
f 2674/1665/424 2676/1667/425 2675/1668/425 2673/1666/424
f 2676/1667/425 2678/1669/426 2677/1670/426 2675/1668/425
f 2678/1669/426 2680/1671/427 2679/1672/427 2677/1670/426
f 2680/1671/427 2682/1673/428 2681/1674/428 2679/1672/427
f 2682/1673/428 2684/981/429 2683/982/429 2681/1674/428
f 2684/981/429 2686/1675/430 2685/1676/430 2683/982/429
f 2686/1675/430 2688/1677/431 2687/1678/431 2685/1676/430
f 2688/1677/431 2690/1679/432 2689/1680/432 2687/1678/431
f 2690/1679/432 2692/1681/433 2691/1682/433 2689/1680/432
f 2692/1681/433 2694/1683/434 2693/1684/434 2691/1682/433
f 2694/1683/434 2696/1685/435 2695/1686/435 2693/1684/434
f 2696/1685/435 2698/1103/436 2697/229/436 2695/1686/435
f 2698/1103/436 2700/1687/437 2699/1688/437 2697/229/436
f 2700/1687/437 2702/1689/438 2701/1690/438 2699/1688/437
f 2702/1689/438 2704/1691/439 2703/1692/439 2701/1690/438
f 2704/1691/439 2706/1693/440 2705/1694/440 2703/1692/439
f 2706/1693/440 2708/1695/441 2707/1696/441 2705/1694/440
f 2708/1695/441 2710/1697/442 2709/1698/442 2707/1696/441
f 2710/1697/442 2712/1224/443 2711/1225/443 2709/1698/442
f 2712/1224/443 2714/1699/444 2713/1700/444 2711/1225/443
f 2714/1699/444 2716/1701/445 2715/1702/445 2713/1700/444
f 2716/1701/445 2718/1703/446 2717/1704/446 2715/1702/445
f 2718/1703/446 2720/1705/447 2719/1706/447 2717/1704/446
f 2720/1705/447 2722/1707/448 2721/1708/448 2719/1706/447
f 2722/1707/448 2724/1709/449 2723/1710/449 2721/1708/448
f 2724/1709/449 2670/1346/422 2669/4/422 2723/1710/449
f 2726/860/450 2728/1663/451 2727/1664/451 2725/37/450
f 2728/1663/451 2730/1665/452 2729/1666/452 2727/1664/451
f 2730/1665/452 2732/1667/453 2731/1668/453 2729/1666/452
f 2732/1667/453 2734/1669/454 2733/1670/454 2731/1668/453
f 2734/1669/454 2736/1671/455 2735/1672/455 2733/1670/454
f 2736/1671/455 2738/1673/456 2737/1674/456 2735/1672/455
f 2738/1673/456 2740/981/457 2739/982/457 2737/1674/456
f 2740/981/457 2742/1675/458 2741/1676/458 2739/982/457
f 2742/1675/458 2744/1677/459 2743/1678/459 2741/1676/458
f 2744/1677/459 2746/1679/460 2745/1680/460 2743/1678/459
f 2746/1679/460 2748/1681/461 2747/1682/461 2745/1680/460
f 2748/1681/461 2750/1683/462 2749/1684/462 2747/1682/461
f 2750/1683/462 2752/1685/463 2751/1686/463 2749/1684/462
f 2752/1685/463 2754/1103/464 2753/229/464 2751/1686/463
f 2754/1103/464 2756/1687/465 2755/1688/465 2753/229/464
f 2756/1687/465 2758/1689/466 2757/1690/466 2755/1688/465
f 2758/1689/466 2760/1691/467 2759/1692/467 2757/1690/466
f 2760/1691/467 2762/1693/468 2761/1694/468 2759/1692/467
f 2762/1693/468 2764/1695/469 2763/1696/469 2761/1694/468
f 2764/1695/469 2766/1697/470 2765/1698/470 2763/1696/469
f 2766/1697/470 2768/1224/471 2767/1225/471 2765/1698/470
f 2768/1224/471 2770/1699/472 2769/1700/472 2767/1225/471
f 2770/1699/472 2772/1701/473 2771/1702/473 2769/1700/472
f 2772/1701/473 2774/1703/474 2773/1704/474 2771/1702/473
f 2774/1703/474 2776/1705/475 2775/1706/475 2773/1704/474
f 2776/1705/475 2778/1707/476 2777/1708/476 2775/1706/475
f 2778/1707/476 2780/1709/477 2779/1710/477 2777/1708/476
f 2780/1709/477 2726/1346/450 2725/4/450 2779/1710/477
f 2782/860/478 2784/1711/479 2783/1712/479 2781/37/478
f 2784/1711/479 2786/1713/480 2785/1714/480 2783/1712/479
f 2786/1713/480 2788/1715/481 2787/1716/481 2785/1714/480
f 2788/1715/481 2790/1717/482 2789/1718/482 2787/1716/481
f 2790/1717/482 2792/1719/483 2791/1720/483 2789/1718/482
f 2792/1719/483 2794/1721/484 2793/1722/484 2791/1720/483
f 2794/1721/484 2796/1723/485 2795/1724/485 2793/1722/484
f 2796/1723/485 2798/1725/486 2797/1726/486 2795/1724/485
f 2798/1725/486 2800/1727/487 2799/1728/487 2797/1726/486
f 2800/1727/487 2802/1729/488 2801/1730/488 2799/1728/487
f 2802/1729/488 2804/1731/489 2803/1732/489 2801/1730/488
f 2804/1731/489 2806/1733/490 2805/1734/490 2803/1732/489
f 2806/1733/490 2808/1735/491 2807/1736/491 2805/1734/490
f 2808/1735/491 2810/1737/492 2809/1738/492 2807/1736/491
f 2810/1737/492 2812/1739/30 2811/1740/30 2809/1738/492
f 2812/1739/30 2814/1741/29 2813/1742/29 2811/1740/30
f 2814/1741/29 2782/1346/478 2781/4/478 2813/1742/29
f 2816/860/59 2818/1743/59 2817/1744/59 2815/37/59
f 2818/1743/59 2820/1745/59 2819/1746/59 2817/1744/59
f 2820/1745/59 2822/1747/59 2821/1748/59 2819/1746/59
f 2822/1747/59 2824/1749/478 2823/1750/478 2821/1748/59
f 2824/1749/478 2826/1751/493 2825/1752/493 2823/1750/478
f 2826/1751/493 2828/1753/494 2827/1754/494 2825/1752/493
f 2828/1753/494 2830/1755/495 2829/1756/495 2827/1754/494
f 2830/1755/495 2832/1757/496 2831/1758/496 2829/1756/495
f 2832/1757/496 2834/1759/497 2833/1760/497 2831/1758/496
f 2834/1759/497 2836/1761/498 2835/1762/498 2833/1760/497
f 2836/1761/498 2838/1763/499 2837/1764/499 2835/1762/498
f 2838/1763/499 2840/1765/500 2839/1766/500 2837/1764/499
f 2840/1765/500 2842/1767/501 2841/1768/501 2839/1766/500
f 2842/1767/501 2844/1769/502 2843/1770/502 2841/1768/501
f 2844/1769/502 2846/1771/503 2845/1772/503 2843/1770/502
f 2846/1771/503 2848/1773/504 2847/1774/504 2845/1772/503
f 2848/1773/504 2850/1775/505 2849/1776/505 2847/1774/504
f 2850/1775/505 2852/1777/506 2851/1778/506 2849/1776/505
f 2852/1777/506 2854/1779/507 2853/1780/507 2851/1778/506
f 2854/1779/507 2856/1781/508 2855/1782/508 2853/1780/507
f 2856/1781/508 2858/1783/509 2857/1784/509 2855/1782/508
f 2858/1783/509 2860/1785/510 2859/1786/510 2857/1784/509
f 2860/1785/510 2862/1787/511 2861/1788/511 2859/1786/510
f 2862/1787/511 2864/1789/512 2863/1790/512 2861/1788/511
f 2864/1789/512 2866/1791/513 2865/1792/513 2863/1790/512
f 2866/1791/513 2868/1793/514 2867/1794/514 2865/1792/513
f 2868/1793/514 2870/1795/515 2869/1796/515 2867/1794/514
f 2870/1795/515 2872/1797/516 2871/1798/516 2869/1796/515
f 2872/1797/516 2874/1799/517 2873/1800/517 2871/1798/516
f 2874/1799/517 2876/1801/518 2875/1802/518 2873/1800/517
f 2876/1801/518 2878/1803/519 2877/1804/519 2875/1802/518
f 2878/1803/519 2880/1805/520 2879/1806/520 2877/1804/519
f 2880/1805/520 2882/1807/521 2881/1808/521 2879/1806/520
f 2882/1807/521 2884/1809/522 2883/1810/522 2881/1808/521
f 2884/1809/522 2886/1811/523 2885/1812/523 2883/1810/522
f 2886/1811/523 2888/1813/29 2887/1814/29 2885/1812/523
f 2888/1813/29 2890/1815/524 2889/1816/524 2887/1814/29
f 2890/1815/524 2892/1817/525 2891/1818/525 2889/1816/524
f 2892/1817/525 2894/1819/526 2893/1820/526 2891/1818/525
f 2894/1819/526 2896/1821/527 2895/1822/527 2893/1820/526
f 2896/1821/527 2898/1823/528 2897/1824/528 2895/1822/527
f 2898/1823/528 2900/1825/529 2899/1826/529 2897/1824/528
f 2900/1825/529 2902/1827/530 2901/1828/530 2899/1826/529
f 2902/1827/530 2904/1829/531 2903/1830/531 2901/1828/530
f 2904/1829/531 2906/1831/532 2905/1832/532 2903/1830/531
f 2906/1831/532 2908/1833/533 2907/1834/533 2905/1832/532
f 2908/1833/533 2910/1835/534 2909/1836/534 2907/1834/533
f 2910/1835/534 2912/1837/535 2911/1838/535 2909/1836/534
f 2912/1837/535 2914/1839/536 2913/1840/536 2911/1838/535
f 2914/1839/536 2916/1841/537 2915/1842/537 2913/1840/536
f 2916/1841/537 2918/1843/538 2917/1844/538 2915/1842/537
f 2918/1843/538 2920/1845/539 2919/1846/539 2917/1844/538
f 2920/1845/539 2922/1103/540 2921/229/540 2919/1846/539
f 2922/1103/540 2924/1847/541 2923/1848/541 2921/229/540
f 2924/1847/541 2926/1849/542 2925/1850/542 2923/1848/541
f 2926/1849/542 2928/1851/543 2927/1852/543 2925/1850/542
f 2928/1851/543 2930/1853/544 2929/1854/544 2927/1852/543
f 2930/1853/544 2932/1855/545 2931/1856/545 2929/1854/544
f 2932/1855/545 2934/1857/546 2933/1858/546 2931/1856/545
f 2934/1857/546 2936/1859/547 2935/1860/547 2933/1858/546
f 2936/1859/547 2938/1861/548 2937/1862/548 2935/1860/547
f 2938/1861/548 2940/1863/549 2939/1864/549 2937/1862/548
f 2940/1863/549 2942/1865/550 2941/1866/550 2939/1864/549
f 2942/1865/550 2944/1867/551 2943/1868/551 2941/1866/550
f 2944/1867/551 2946/1869/552 2945/1870/552 2943/1868/551
f 2946/1869/552 2948/1871/553 2947/1872/553 2945/1870/552
f 2948/1871/553 2950/1873/554 2949/1874/554 2947/1872/553
f 2950/1873/554 2952/1875/555 2951/1876/555 2949/1874/554
f 2952/1875/555 2954/1877/556 2953/1878/556 2951/1876/555
f 2954/1877/556 2956/1879/557 2955/1880/557 2953/1878/556
f 2956/1879/557 2958/1881/558 2957/1882/558 2955/1880/557
f 2958/1881/558 2960/1883/559 2959/1884/559 2957/1882/558
f 2960/1883/559 2962/1885/560 2961/1886/560 2959/1884/559
f 2962/1885/560 2964/1887/561 2963/1888/561 2961/1886/560
f 2964/1887/561 2966/1889/562 2965/1890/562 2963/1888/561
f 2966/1889/562 2968/1891/563 2967/1892/563 2965/1890/562
f 2968/1891/563 2970/1893/564 2969/1894/564 2967/1892/563
f 2970/1893/564 2972/1895/565 2971/1896/565 2969/1894/564
f 2972/1895/565 2974/1897/566 2973/1898/566 2971/1896/565
f 2974/1897/566 2976/1899/567 2975/1900/567 2973/1898/566
f 2976/1899/567 2978/1901/568 2977/1902/568 2975/1900/567
f 2978/1901/568 2980/1903/569 2979/1904/569 2977/1902/568
f 2980/1903/569 2982/1905/570 2981/1906/570 2979/1904/569
f 2982/1905/570 2984/1907/29 2983/1908/29 2981/1906/570
f 2984/1907/29 2986/1909/30 2985/1910/30 2983/1908/29
f 2986/1909/30 2988/1911/571 2987/1912/571 2985/1910/30
f 2988/1911/571 2990/1913/572 2989/1914/572 2987/1912/571
f 2990/1913/572 2992/1915/573 2991/1916/573 2989/1914/572
f 2992/1915/573 2994/1917/574 2993/1918/574 2991/1916/573
f 2994/1917/574 2996/1919/575 2995/1920/575 2993/1918/574
f 2996/1919/575 2998/1921/576 2997/1922/576 2995/1920/575
f 2998/1921/576 3000/1923/577 2999/1924/577 2997/1922/576
f 3000/1923/577 3002/1925/578 3001/1926/578 2999/1924/577
f 3002/1925/578 3004/1927/579 3003/1928/579 3001/1926/578
f 3004/1927/579 3006/1929/580 3005/1930/580 3003/1928/579
f 3006/1929/580 3008/1931/581 3007/1932/581 3005/1930/580
f 3008/1931/581 3010/1933/38 3009/1934/38 3007/1932/581
f 3010/1933/38 3012/1935/582 3011/1936/582 3009/1934/38
f 3012/1935/582 3014/1937/42 3013/1938/42 3011/1936/582
f 3014/1937/42 3016/1939/29 3015/1940/29 3013/1938/42
f 3016/1939/29 3018/1941/29 3017/1942/29 3015/1940/29
f 3018/1941/29 3020/1943/30 3019/1944/30 3017/1942/29
f 3020/1943/30 3022/1945/30 3021/1946/30 3019/1944/30
f 3022/1945/30 3024/1947/30 3023/1948/30 3021/1946/30
f 3024/1947/30 3026/1949/59 3025/1950/59 3023/1948/30
f 3026/1949/59 2816/1346/59 2815/4/59 3025/1950/59
f 3028/860/478 3030/981/29 3029/982/29 3027/37/478
f 3030/981/29 3032/1103/30 3031/229/30 3029/982/29
f 3032/1103/30 3034/1224/59 3033/1225/59 3031/229/30
f 3034/1224/59 3028/1346/478 3027/4/478 3033/1225/59
f 3036/860/30 3038/981/29 3037/982/29 3035/37/30
f 3038/981/29 3040/1103/478 3039/229/478 3037/982/29
f 3040/1103/478 3042/1224/59 3041/1225/59 3039/229/478
f 3042/1224/59 3036/1346/30 3035/4/30 3041/1225/59
f 3044/860/478 3046/981/29 3045/982/29 3043/37/478
f 3046/981/29 3048/1103/30 3047/229/30 3045/982/29
f 3048/1103/30 3050/1224/59 3049/1225/59 3047/229/30
f 3050/1224/59 3044/1346/478 3043/4/478 3049/1225/59
f 3052/860/583 3054/1663/584 3053/1664/584 3051/37/583
f 3054/1663/584 3056/1665/585 3055/1666/585 3053/1664/584
f 3056/1665/585 3058/1667/586 3057/1668/586 3055/1666/585
f 3058/1667/586 3060/1669/587 3059/1670/587 3057/1668/586
f 3060/1669/587 3062/1671/588 3061/1672/588 3059/1670/587
f 3062/1671/588 3064/1673/589 3063/1674/589 3061/1672/588
f 3064/1673/589 3066/981/590 3065/982/590 3063/1674/589
f 3066/981/590 3068/1675/591 3067/1676/591 3065/982/590
f 3068/1675/591 3070/1677/592 3069/1678/592 3067/1676/591
f 3070/1677/592 3072/1679/593 3071/1680/593 3069/1678/592
f 3072/1679/593 3074/1681/594 3073/1682/594 3071/1680/593
f 3074/1681/594 3076/1683/595 3075/1684/595 3073/1682/594
f 3076/1683/595 3078/1685/596 3077/1686/596 3075/1684/595
f 3078/1685/596 3080/1103/597 3079/229/597 3077/1686/596
f 3080/1103/597 3082/1687/598 3081/1688/598 3079/229/597
f 3082/1687/598 3084/1689/599 3083/1690/599 3081/1688/598
f 3084/1689/599 3086/1691/600 3085/1692/600 3083/1690/599
f 3086/1691/600 3088/1693/601 3087/1694/601 3085/1692/600
f 3088/1693/601 3090/1695/602 3089/1696/602 3087/1694/601
f 3090/1695/602 3092/1697/603 3091/1698/603 3089/1696/602
f 3092/1697/603 3094/1224/604 3093/1225/604 3091/1698/603
f 3094/1224/604 3096/1699/605 3095/1700/605 3093/1225/604
f 3096/1699/605 3098/1701/606 3097/1702/606 3095/1700/605
f 3098/1701/606 3100/1703/607 3099/1704/607 3097/1702/606
f 3100/1703/607 3102/1705/608 3101/1706/608 3099/1704/607
f 3102/1705/608 3104/1707/609 3103/1708/609 3101/1706/608
f 3104/1707/609 3106/1709/610 3105/1710/610 3103/1708/609
f 3106/1709/610 3052/1346/583 3051/4/583 3105/1710/610
f 3108/860/611 3110/1663/612 3109/1664/612 3107/37/611
f 3110/1663/612 3112/1665/613 3111/1666/613 3109/1664/612
f 3112/1665/613 3114/1667/614 3113/1668/614 3111/1666/613
f 3114/1667/614 3116/1669/615 3115/1670/615 3113/1668/614
f 3116/1669/615 3118/1671/616 3117/1672/616 3115/1670/615
f 3118/1671/616 3120/1673/617 3119/1674/617 3117/1672/616
f 3120/1673/617 3122/981/618 3121/982/618 3119/1674/617
f 3122/981/618 3124/1675/619 3123/1676/619 3121/982/618
f 3124/1675/619 3126/1677/620 3125/1678/620 3123/1676/619
f 3126/1677/620 3128/1679/621 3127/1680/621 3125/1678/620
f 3128/1679/621 3130/1681/622 3129/1682/622 3127/1680/621
f 3130/1681/622 3132/1683/623 3131/1684/623 3129/1682/622
f 3132/1683/623 3134/1685/624 3133/1686/624 3131/1684/623
f 3134/1685/624 3136/1103/625 3135/229/625 3133/1686/624
f 3136/1103/625 3138/1687/626 3137/1688/626 3135/229/625
f 3138/1687/626 3140/1689/627 3139/1690/627 3137/1688/626
f 3140/1689/627 3142/1691/628 3141/1692/628 3139/1690/627
f 3142/1691/628 3144/1693/629 3143/1694/629 3141/1692/628
f 3144/1693/629 3146/1695/630 3145/1696/630 3143/1694/629
f 3146/1695/630 3148/1697/631 3147/1698/631 3145/1696/630
f 3148/1697/631 3150/1224/632 3149/1225/632 3147/1698/631
f 3150/1224/632 3152/1699/633 3151/1700/633 3149/1225/632
f 3152/1699/633 3154/1701/634 3153/1702/634 3151/1700/633
f 3154/1701/634 3156/1703/635 3155/1704/635 3153/1702/634
f 3156/1703/635 3158/1705/636 3157/1706/636 3155/1704/635
f 3158/1705/636 3160/1707/637 3159/1708/637 3157/1706/636
f 3160/1707/637 3162/1709/638 3161/1710/638 3159/1708/637
f 3162/1709/638 3108/1346/611 3107/4/611 3161/1710/638
f 3164/860/639 3166/1951/640 3165/1952/640 3163/37/639
f 3166/1951/640 3168/1953/641 3167/1954/641 3165/1952/640
f 3168/1953/641 3170/1955/642 3169/1956/642 3167/1954/641
f 3170/1955/642 3172/1957/643 3171/1958/643 3169/1956/642
f 3172/1957/643 3174/1959/644 3173/1960/644 3171/1958/643
f 3174/1959/644 3176/1961/645 3175/1962/645 3173/1960/644
f 3176/1961/645 3178/1963/646 3177/1964/646 3175/1962/645
f 3178/1963/646 3180/1965/647 3179/1966/647 3177/1964/646
f 3180/1965/647 3182/1967/648 3181/1968/648 3179/1966/647
f 3182/1967/648 3184/1969/649 3183/1970/649 3181/1968/648
f 3184/1969/649 3186/1971/650 3185/1972/650 3183/1970/649
f 3186/1971/650 3188/1973/651 3187/1974/651 3185/1972/650
f 3188/1973/651 3190/1975/652 3189/1976/652 3187/1974/651
f 3190/1975/652 3192/1977/653 3191/1978/653 3189/1976/652
f 3192/1977/653 3194/1979/654 3193/1980/654 3191/1978/653
f 3194/1979/654 3196/1981/655 3195/1982/655 3193/1980/654
f 3196/1981/655 3198/1983/656 3197/1984/656 3195/1982/655
f 3198/1983/656 3200/1985/657 3199/1986/657 3197/1984/656
f 3200/1985/657 3202/1987/658 3201/1988/658 3199/1986/657
f 3202/1987/658 3204/1989/659 3203/1990/659 3201/1988/658
f 3204/1989/659 3206/1991/660 3205/1992/660 3203/1990/659
f 3206/1991/660 3208/1993/661 3207/1994/661 3205/1992/660
f 3208/1993/661 3210/1995/662 3209/1996/662 3207/1994/661
f 3210/1995/662 3212/1997/663 3211/1998/663 3209/1996/662
f 3212/1997/663 3214/1999/664 3213/2000/664 3211/1998/663
f 3214/1999/664 3216/2001/665 3215/2002/665 3213/2000/664
f 3216/2001/665 3218/2003/666 3217/2004/666 3215/2002/665
f 3218/2003/666 3220/2005/667 3219/2006/667 3217/2004/666
f 3220/2005/667 3222/2007/668 3221/2008/668 3219/2006/667
f 3222/2007/668 3224/2009/669 3223/2010/669 3221/2008/668
f 3224/2009/669 3226/2011/670 3225/2012/670 3223/2010/669
f 3226/2011/670 3228/2013/671 3227/2014/671 3225/2012/670
f 3228/2013/671 3230/2015/672 3229/2016/672 3227/2014/671
f 3230/2015/672 3232/2017/673 3231/2018/673 3229/2016/672
f 3232/2017/673 3234/2019/674 3233/2020/674 3231/2018/673
f 3234/2019/674 3236/2021/675 3235/2022/675 3233/2020/674
f 3236/2021/675 3238/981/676 3237/982/676 3235/2022/675
f 3238/981/676 3240/2023/677 3239/2024/677 3237/982/676
f 3240/2023/677 3242/2025/678 3241/2026/678 3239/2024/677
f 3242/2025/678 3244/2027/679 3243/2028/679 3241/2026/678
f 3244/2027/679 3246/2029/680 3245/2030/680 3243/2028/679
f 3246/2029/680 3248/2031/681 3247/2032/681 3245/2030/680
f 3248/2031/681 3250/2033/682 3249/2034/682 3247/2032/681
f 3250/2033/682 3252/2035/683 3251/2036/683 3249/2034/682
f 3252/2035/683 3254/2037/684 3253/2038/684 3251/2036/683
f 3254/2037/684 3256/2039/685 3255/2040/685 3253/2038/684
f 3256/2039/685 3258/2041/686 3257/2042/686 3255/2040/685
f 3258/2041/686 3260/2043/687 3259/2044/687 3257/2042/686
f 3260/2043/687 3262/2045/688 3261/2046/688 3259/2044/687
f 3262/2045/688 3264/2047/689 3263/2048/689 3261/2046/688
f 3264/2047/689 3266/2049/690 3265/2050/690 3263/2048/689
f 3266/2049/690 3268/2051/691 3267/2052/691 3265/2050/690
f 3268/2051/691 3270/2053/692 3269/2054/692 3267/2052/691
f 3270/2053/692 3272/2055/693 3271/2056/693 3269/2054/692
f 3272/2055/693 3274/2057/694 3273/2058/694 3271/2056/693
f 3274/2057/694 3276/2059/695 3275/2060/695 3273/2058/694
f 3276/2059/695 3278/2061/696 3277/2062/696 3275/2060/695
f 3278/2061/696 3280/2063/697 3279/2064/697 3277/2062/696
f 3280/2063/697 3282/2065/698 3281/2066/698 3279/2064/697
f 3282/2065/698 3284/2067/699 3283/2068/699 3281/2066/698
f 3284/2067/699 3286/2069/700 3285/2070/700 3283/2068/699
f 3286/2069/700 3288/2071/701 3287/2072/701 3285/2070/700
f 3288/2071/701 3290/2073/702 3289/2074/702 3287/2072/701
f 3290/2073/702 3292/2075/703 3291/2076/703 3289/2074/702
f 3292/2075/703 3294/2077/704 3293/2078/704 3291/2076/703
f 3294/2077/704 3296/2079/705 3295/2080/705 3293/2078/704
f 3296/2079/705 3298/2081/706 3297/2082/706 3295/2080/705
f 3298/2081/706 3300/2083/707 3299/2084/707 3297/2082/706
f 3300/2083/707 3302/2085/708 3301/2086/708 3299/2084/707
f 3302/2085/708 3304/2087/709 3303/2088/709 3301/2086/708
f 3304/2087/709 3306/2089/710 3305/2090/710 3303/2088/709
f 3306/2089/710 3308/2091/711 3307/2092/711 3305/2090/710
f 3308/2091/711 3310/2093/712 3309/2094/712 3307/2092/711
f 3310/2093/712 3312/1103/713 3311/229/713 3309/2094/712
f 3312/1103/713 3314/2095/714 3313/2096/714 3311/229/713
f 3314/2095/714 3316/2097/677 3315/2098/677 3313/2096/714
f 3316/2097/677 3318/2099/715 3317/2100/715 3315/2098/677
f 3318/2099/715 3320/2101/716 3319/2102/716 3317/2100/715
f 3320/2101/716 3322/2103/717 3321/2104/717 3319/2102/716
f 3322/2103/717 3324/2105/718 3323/2106/718 3321/2104/717
f 3324/2105/718 3326/2107/719 3325/2108/719 3323/2106/718
f 3326/2107/719 3328/2109/720 3327/2110/720 3325/2108/719
f 3328/2109/720 3330/2111/721 3329/2112/721 3327/2110/720
f 3330/2111/721 3332/2113/722 3331/2114/722 3329/2112/721
f 3332/2113/722 3334/2115/723 3333/2116/723 3331/2114/722
f 3334/2115/723 3336/2117/724 3335/2118/724 3333/2116/723
f 3336/2117/724 3338/2119/725 3337/2120/725 3335/2118/724
f 3338/2119/725 3340/2121/726 3339/2122/726 3337/2120/725
f 3340/2121/726 3342/2123/727 3341/2124/727 3339/2122/726
f 3342/2123/727 3344/2125/728 3343/2126/728 3341/2124/727
f 3344/2125/728 3346/2127/729 3345/2128/729 3343/2126/728
f 3346/2127/729 3348/2129/730 3347/2130/730 3345/2128/729
f 3348/2129/730 3350/2131/731 3349/2132/731 3347/2130/730
f 3350/2131/731 3352/2133/732 3351/2134/732 3349/2132/731
f 3352/2133/732 3354/2135/733 3353/2136/733 3351/2134/732
f 3354/2135/733 3356/2137/734 3355/2138/734 3353/2136/733
f 3356/2137/734 3358/2139/735 3357/2140/735 3355/2138/734
f 3358/2139/735 3360/2141/736 3359/2142/736 3357/2140/735
f 3360/2141/736 3362/2143/737 3361/2144/737 3359/2142/736
f 3362/2143/737 3364/2145/738 3363/2146/738 3361/2144/737
f 3364/2145/738 3366/2147/739 3365/2148/739 3363/2146/738
f 3366/2147/739 3368/2149/740 3367/2150/740 3365/2148/739
f 3368/2149/740 3370/2151/741 3369/2152/741 3367/2150/740
f 3370/2151/741 3372/2153/742 3371/2154/742 3369/2152/741
f 3372/2153/742 3374/2155/29 3373/2156/29 3371/2154/742
f 3374/2155/29 3376/2157/29 3375/2158/29 3373/2156/29
f 3376/2157/29 3378/2159/30 3377/2160/30 3375/2158/29
f 3378/2159/30 3380/2161/30 3379/2162/30 3377/2160/30
f 3380/2161/30 3382/2163/30 3381/2164/30 3379/2162/30
f 3382/2163/30 3384/2165/59 3383/2166/59 3381/2164/30
f 3384/2165/59 3386/1224/59 3385/1225/59 3383/2166/59
f 3386/1224/59 3388/2167/59 3387/2168/59 3385/1225/59
f 3388/2167/59 3390/2169/478 3389/2170/478 3387/2168/59
f 3390/2169/478 3392/2171/478 3391/2172/478 3389/2170/478
f 3392/2171/478 3394/2173/743 3393/2174/743 3391/2172/478
f 3394/2173/743 3396/2175/50 3395/2176/50 3393/2174/743
f 3396/2175/50 3398/2177/744 3397/2178/744 3395/2176/50
f 3398/2177/744 3400/2179/745 3399/2180/745 3397/2178/744
f 3400/2179/745 3402/2181/746 3401/2182/746 3399/2180/745
f 3402/2181/746 3404/2183/747 3403/2184/747 3401/2182/746
f 3404/2183/747 3406/2185/748 3405/2186/748 3403/2184/747
f 3406/2185/748 3408/2187/749 3407/2188/749 3405/2186/748
f 3408/2187/749 3410/2189/750 3409/2190/750 3407/2188/749
f 3410/2189/750 3412/2191/751 3411/2192/751 3409/2190/750
f 3412/2191/751 3414/2193/752 3413/2194/752 3411/2192/751
f 3414/2193/752 3416/2195/753 3415/2196/753 3413/2194/752
f 3416/2195/753 3418/2197/754 3417/2198/754 3415/2196/753
f 3418/2197/754 3420/2199/755 3419/2200/755 3417/2198/754
f 3420/2199/755 3422/2201/756 3421/2202/756 3419/2200/755
f 3422/2201/756 3424/2203/757 3423/2204/757 3421/2202/756
f 3424/2203/757 3426/2205/758 3425/2206/758 3423/2204/757
f 3426/2205/758 3428/2207/759 3427/2208/759 3425/2206/758
f 3428/2207/759 3430/2209/760 3429/2210/760 3427/2208/759
f 3430/2209/760 3432/2211/761 3431/2212/761 3429/2210/760
f 3432/2211/761 3434/2213/762 3433/2214/762 3431/2212/761
f 3434/2213/762 3436/2215/763 3435/2216/763 3433/2214/762
f 3436/2215/763 3438/2217/764 3437/2218/764 3435/2216/763
f 3438/2217/764 3440/2219/765 3439/2220/765 3437/2218/764
f 3440/2219/765 3442/2221/766 3441/2222/766 3439/2220/765
f 3442/2221/766 3444/2223/767 3443/2224/767 3441/2222/766
f 3444/2223/767 3446/2225/768 3445/2226/768 3443/2224/767
f 3446/2225/768 3448/2227/769 3447/2228/769 3445/2226/768
f 3448/2227/769 3450/2229/29 3449/2230/29 3447/2228/769
f 3450/2229/29 3452/2231/29 3451/2232/29 3449/2230/29
f 3452/2231/29 3454/2233/30 3453/2234/30 3451/2232/29
f 3454/2233/30 3456/2235/74 3455/2236/74 3453/2234/30
f 3456/2235/74 3458/2237/59 3457/2238/59 3455/2236/74
f 3458/2237/59 3164/1346/639 3163/4/639 3457/2238/59
f 3460/860/770 3462/2239/771 3461/2240/771 3459/37/770
f 3462/2239/771 3464/2241/772 3463/2242/772 3461/2240/771
f 3464/2241/772 3466/2243/773 3465/2244/773 3463/2242/772
f 3466/2243/773 3468/2245/774 3467/2246/774 3465/2244/773
f 3468/2245/774 3470/2247/775 3469/2248/775 3467/2246/774
f 3470/2247/775 3472/2249/776 3471/2250/776 3469/2248/775
f 3472/2249/776 3474/2251/777 3473/2252/777 3471/2250/776
f 3474/2251/777 3476/2253/778 3475/2254/778 3473/2252/777
f 3476/2253/778 3478/2255/779 3477/2256/779 3475/2254/778
f 3478/2255/779 3480/2257/780 3479/2258/780 3477/2256/779
f 3480/2257/780 3482/2259/781 3481/268/781 3479/2258/780
f 3482/2259/781 3484/2260/782 3483/2261/782 3481/268/781
f 3484/2260/782 3486/2262/783 3485/2263/783 3483/2261/782
f 3486/2262/783 3488/2264/784 3487/2265/784 3485/2263/783
f 3488/2264/784 3490/2266/785 3489/2267/785 3487/2265/784
f 3490/2266/785 3492/2268/786 3491/2269/786 3489/2267/785
f 3492/2268/786 3494/2270/787 3493/2271/787 3491/2269/786
f 3494/2270/787 3496/2272/788 3495/2273/788 3493/2271/787
f 3496/2272/788 3498/2274/789 3497/2275/789 3495/2273/788
f 3498/2274/789 3500/2276/790 3499/2277/790 3497/2275/789
f 3500/2276/790 3502/2278/791 3501/2279/791 3499/2277/790
f 3502/2278/791 3504/2280/792 3503/40/792 3501/2279/791
f 3504/2280/792 3506/2281/793 3505/2282/793 3503/40/792
f 3506/2281/793 3508/2283/794 3507/2284/794 3505/2282/793
f 3508/2283/794 3510/2285/795 3509/2286/795 3507/2284/794
f 3510/2285/795 3512/2287/796 3511/2288/796 3509/2286/795
f 3512/2287/796 3514/2289/797 3513/2290/797 3511/2288/796
f 3514/2289/797 3516/2291/798 3515/2292/798 3513/2290/797
f 3516/2291/798 3518/2293/799 3517/2294/799 3515/2292/798
f 3518/2293/799 3520/2295/800 3519/2296/800 3517/2294/799
f 3520/2295/800 3522/2297/801 3521/2298/801 3519/2296/800
f 3522/2297/801 3524/2299/802 3523/2300/802 3521/2298/801
f 3524/2299/802 3460/1346/770 3459/4/770 3523/2300/802
f 3526/860/59 3528/981/30 3527/982/30 3525/37/59
f 3528/981/30 3530/1103/29 3529/229/29 3527/982/30
f 3530/1103/29 3532/1224/478 3531/1225/478 3529/229/29
f 3532/1224/478 3526/1346/59 3525/4/59 3531/1225/478
f 3534/860/478 3536/981/59 3535/982/59 3533/37/478
f 3536/981/59 3538/1103/30 3537/229/30 3535/982/59
f 3538/1103/30 3540/1224/29 3539/1225/29 3537/229/30
f 3540/1224/29 3534/1346/478 3533/4/478 3539/1225/29
f 3542/860/59 3544/981/30 3543/982/30 3541/37/59
f 3544/981/30 3546/1103/29 3545/229/29 3543/982/30
f 3546/1103/29 3548/1224/478 3547/1225/478 3545/229/29
f 3548/1224/478 3542/1346/59 3541/4/59 3547/1225/478
f 3550/860/478 3552/981/59 3551/982/59 3549/37/478
f 3552/981/59 3554/1103/30 3553/229/30 3551/982/59
f 3554/1103/30 3556/1224/29 3555/1225/29 3553/229/30
f 3556/1224/29 3550/1346/478 3549/4/478 3555/1225/29
f 3558/860/478 3560/2301/478 3559/65/478 3557/37/478
f 3560/2301/478 3562/2259/478 3561/268/478 3559/65/478
f 3562/2259/478 3564/1103/29 3563/229/29 3561/268/478
f 3564/1103/29 3566/2280/30 3565/40/30 3563/229/29
f 3566/2280/30 3568/2302/59 3567/218/59 3565/40/30
f 3568/2302/59 3558/1346/478 3557/4/478 3567/218/59
